
/home/angel/work/project5/lab-elem-programables/Sesion_03_GPIO_Pullup_Pulldown/cpp/traffic_light/build/traffic_light.elf:     file format elf32-littlearm

Sections:
Idx Name          Size      VMA       LMA       File off  Algn
  0 .text         00005d54  10000000  10000000  00001000  2**3
                  CONTENTS, ALLOC, LOAD, READONLY, CODE
  1 .rodata       00000f78  10005d58  10005d58  00006d58  2**3
                  CONTENTS, ALLOC, LOAD, READONLY, DATA
  2 .ARM.exidx    00000008  10006cd0  10006cd0  00007cd0  2**2
                  CONTENTS, ALLOC, LOAD, READONLY, DATA
  3 .binary_info  00000024  10006cd8  10006cd8  00007cd8  2**2
                  CONTENTS, ALLOC, LOAD, READONLY, DATA
  4 .psram_load   00000000  11000000  11000000  00009b0c  2**0
                  CONTENTS
  5 .psram_noload 00000000  11000000  11000000  00009b0c  2**0
                  CONTENTS
  6 .xip_ram      00000000  13ffc000  13ffc000  00009b0c  2**0
                  CONTENTS
  7 .ram_vector_table 00000110  20000000  20000000  0000a000  2**2
                  ALLOC
  8 .uninitialized_data 00000000  20000110  20000110  00009b0c  2**0
                  CONTENTS
  9 .data         00000dfc  20000110  10006cfc  00008110  2**3
                  CONTENTS, ALLOC, LOAD, READONLY, CODE
 10 .tdata        00000000  20000f0c  20000f0c  00009b0c  2**0
                  CONTENTS, ALLOC, LOAD, DATA, THREAD_LOCAL
 11 .tbss         00000000  20000f0c  20000f0c  00000000  2**0
                  ALLOC, THREAD_LOCAL
 12 .tbss_space   00000000  20000f0c  20000f0c  00009b0c  2**0
                  CONTENTS
 13 .bss          0000093c  20000f10  10007af8  00009f10  2**3
                  ALLOC
 14 .tls0         00000000  2000184c  2000184c  00009b0c  2**0
                  CONTENTS
 15 .tls1         00000000  2000184c  2000184c  00009b0c  2**0
                  CONTENTS
 16 .persistent_data 00000000  2000184c  2000184c  00009b0c  2**0
                  CONTENTS
 17 .dummy_pre_heap 00000000  2000184c  2000184c  00009b0c  2**0
                  CONTENTS
 18 .heap         00000800  2000184c  2000184c  0000a000  2**2
                  ALLOC, READONLY
 19 .scratch_x    00000000  20080000  20080000  00009b0c  2**0
                  CONTENTS
 20 .scratch_y    00000000  20081000  20081000  00009b0c  2**0
                  CONTENTS
 21 .stack_dummy  00000800  20081000  20081000  0000a000  2**5
                  ALLOC, READONLY
 22 .flash_end    00000014  10007af8  10007af8  00009af8  2**2
                  CONTENTS, ALLOC, LOAD, READONLY, DATA
 23 .debug_info   0002cfc8  00000000  00000000  00009b0c  2**0
                  CONTENTS, READONLY, DEBUGGING, OCTETS
 24 .debug_abbrev 0000811f  00000000  00000000  00036ad4  2**0
                  CONTENTS, READONLY, DEBUGGING, OCTETS
 25 .debug_loclists 00010a82  00000000  00000000  0003ebf3  2**0
                  CONTENTS, READONLY, DEBUGGING, OCTETS
 26 .debug_aranges 00001418  00000000  00000000  0004f678  2**3
                  CONTENTS, READONLY, DEBUGGING, OCTETS
 27 .debug_rnglists 00001802  00000000  00000000  00050a90  2**0
                  CONTENTS, READONLY, DEBUGGING, OCTETS
 28 .debug_line   00018881  00000000  00000000  00052292  2**0
                  CONTENTS, READONLY, DEBUGGING, OCTETS
 29 .debug_str    0000941c  00000000  00000000  0006ab13  2**0
                  CONTENTS, READONLY, DEBUGGING, OCTETS
 30 .comment      00000045  00000000  00000000  00073f2f  2**0
                  CONTENTS, READONLY
 31 .ARM.attributes 00000036  00000000  00000000  00073f74  2**0
                  CONTENTS, READONLY
 32 .debug_frame  00003368  00000000  00000000  00073fac  2**2
                  CONTENTS, READONLY, DEBUGGING, OCTETS
 33 .debug_line_str 000002ab  00000000  00000000  00077314  2**0
                  CONTENTS, READONLY, DEBUGGING, OCTETS

/home/angel/work/project5/lab-elem-programables/Sesion_03_GPIO_Pullup_Pulldown/cpp/traffic_light/build/traffic_light.elf:     file format elf32-littlearm


Disassembly of section .text:

10000000 <__VECTOR_TABLE>:
10000000:	20082000 	.word	0x20082000
10000004:	1000015b 	.word	0x1000015b
10000008:	1000011b 	.word	0x1000011b
1000000c:	1000011d 	.word	0x1000011d
10000010:	10000111 	.word	0x10000111
10000014:	10000111 	.word	0x10000111
10000018:	10000111 	.word	0x10000111
1000001c:	10000111 	.word	0x10000111
10000020:	10000119 	.word	0x10000119
10000024:	10000119 	.word	0x10000119
10000028:	10000119 	.word	0x10000119
1000002c:	1000011f 	.word	0x1000011f
10000030:	10000111 	.word	0x10000111
10000034:	10000119 	.word	0x10000119
10000038:	10000121 	.word	0x10000121
1000003c:	10000123 	.word	0x10000123
10000040:	10000111 	.word	0x10000111
10000044:	10000111 	.word	0x10000111
10000048:	10000111 	.word	0x10000111
1000004c:	10000111 	.word	0x10000111
10000050:	10000111 	.word	0x10000111
10000054:	10000111 	.word	0x10000111
10000058:	10000111 	.word	0x10000111
1000005c:	10000111 	.word	0x10000111
10000060:	10000111 	.word	0x10000111
10000064:	10000111 	.word	0x10000111
10000068:	10000111 	.word	0x10000111
1000006c:	10000111 	.word	0x10000111
10000070:	10000111 	.word	0x10000111
10000074:	10000111 	.word	0x10000111
10000078:	10000111 	.word	0x10000111
1000007c:	10000111 	.word	0x10000111
10000080:	10000111 	.word	0x10000111
10000084:	10000111 	.word	0x10000111
10000088:	10000111 	.word	0x10000111
1000008c:	10000111 	.word	0x10000111
10000090:	10000111 	.word	0x10000111
10000094:	10000111 	.word	0x10000111
10000098:	10000111 	.word	0x10000111
1000009c:	10000111 	.word	0x10000111
100000a0:	10000111 	.word	0x10000111
100000a4:	10000111 	.word	0x10000111
100000a8:	10000111 	.word	0x10000111
100000ac:	10000111 	.word	0x10000111
100000b0:	10000111 	.word	0x10000111
100000b4:	10000111 	.word	0x10000111
100000b8:	10000111 	.word	0x10000111
100000bc:	10000111 	.word	0x10000111
100000c0:	10000111 	.word	0x10000111
100000c4:	10000111 	.word	0x10000111
100000c8:	10000111 	.word	0x10000111
100000cc:	10000111 	.word	0x10000111
100000d0:	10000111 	.word	0x10000111
100000d4:	10000111 	.word	0x10000111
100000d8:	10000111 	.word	0x10000111
100000dc:	10000111 	.word	0x10000111
100000e0:	10000111 	.word	0x10000111
100000e4:	10000111 	.word	0x10000111
100000e8:	10000111 	.word	0x10000111
100000ec:	10000111 	.word	0x10000111
100000f0:	10000111 	.word	0x10000111
100000f4:	10000111 	.word	0x10000111
100000f8:	10000111 	.word	0x10000111
100000fc:	10000111 	.word	0x10000111
10000100:	10000111 	.word	0x10000111
10000104:	10000111 	.word	0x10000111
10000108:	10000111 	.word	0x10000111
1000010c:	10000111 	.word	0x10000111

10000110 <__unhandled_user_irq>:
10000110:	f3ef 8005 	mrs	r0, IPSR
10000114:	3810      	subs	r0, #16

10000116 <unhandled_user_irq_num_in_r0>:
10000116:	be00      	bkpt	0x0000

10000118 <isr_invalid>:
10000118:	be00      	bkpt	0x0000

1000011a <isr_nmi>:
1000011a:	be00      	bkpt	0x0000

1000011c <isr_hardfault>:
1000011c:	be00      	bkpt	0x0000

1000011e <isr_svcall>:
1000011e:	be00      	bkpt	0x0000

10000120 <isr_pendsv>:
10000120:	be00      	bkpt	0x0000

10000122 <isr_systick>:
10000122:	be00      	bkpt	0x0000

10000124 <__default_isrs_end>:
10000124:	7188ebf2 	.word	0x7188ebf2
10000128:	10006cd8 	.word	0x10006cd8
1000012c:	10006cfc 	.word	0x10006cfc
10000130:	1000019c 	.word	0x1000019c
10000134:	e71aa390 	.word	0xe71aa390

10000138 <__binary_info_header_end>:
10000138:	ffffded3 	.word	0xffffded3
1000013c:	10210142 	.word	0x10210142
10000140:	000001ff 	.word	0x000001ff
10000144:	000079c0 	.word	0x000079c0
10000148:	ab123579 	.word	0xab123579

1000014c <_entry_point>:
1000014c:	2000      	movs	r0, #0

1000014e <_enter_vtable_in_r0>:
1000014e:	491e      	ldr	r1, [pc, #120]	@ (100001c8 <data_cpy_table+0x2c>)
10000150:	6008      	str	r0, [r1, #0]
10000152:	c806      	ldmia	r0!, {r1, r2}
10000154:	f381 8808 	msr	MSP, r1
10000158:	4710      	bx	r2

1000015a <_reset_handler>:
1000015a:	f04f 4050 	mov.w	r0, #3489660928	@ 0xd0000000
1000015e:	6800      	ldr	r0, [r0, #0]
10000160:	b108      	cbz	r0, 10000166 <hold_non_core0_in_bootrom+0x4>

10000162 <hold_non_core0_in_bootrom>:
10000162:	2000      	movs	r0, #0
10000164:	e7f3      	b.n	1000014e <_enter_vtable_in_r0>
10000166:	a40d      	add	r4, pc, #52	@ (adr r4, 1000019c <data_cpy_table>)
10000168:	cc0e      	ldmia	r4!, {r1, r2, r3}
1000016a:	2900      	cmp	r1, #0
1000016c:	d002      	beq.n	10000174 <hold_non_core0_in_bootrom+0x12>
1000016e:	f000 f812 	bl	10000196 <data_cpy>
10000172:	e7f9      	b.n	10000168 <hold_non_core0_in_bootrom+0x6>
10000174:	4915      	ldr	r1, [pc, #84]	@ (100001cc <data_cpy_table+0x30>)
10000176:	4a16      	ldr	r2, [pc, #88]	@ (100001d0 <data_cpy_table+0x34>)
10000178:	2000      	movs	r0, #0
1000017a:	e000      	b.n	1000017e <bss_fill_test>

1000017c <bss_fill_loop>:
1000017c:	c101      	stmia	r1!, {r0}

1000017e <bss_fill_test>:
1000017e:	4291      	cmp	r1, r2
10000180:	d1fc      	bne.n	1000017c <bss_fill_loop>

10000182 <platform_entry>:
10000182:	4914      	ldr	r1, [pc, #80]	@ (100001d4 <data_cpy_table+0x38>)
10000184:	4788      	blx	r1
10000186:	4914      	ldr	r1, [pc, #80]	@ (100001d8 <data_cpy_table+0x3c>)
10000188:	4788      	blx	r1
1000018a:	4914      	ldr	r1, [pc, #80]	@ (100001dc <data_cpy_table+0x40>)
1000018c:	4788      	blx	r1
1000018e:	be00      	bkpt	0x0000
10000190:	e7fd      	b.n	1000018e <platform_entry+0xc>

10000192 <data_cpy_loop>:
10000192:	c901      	ldmia	r1!, {r0}
10000194:	c201      	stmia	r2!, {r0}

10000196 <data_cpy>:
10000196:	429a      	cmp	r2, r3
10000198:	d3fb      	bcc.n	10000192 <data_cpy_loop>

1000019a <data_cpy_done>:
1000019a:	4770      	bx	lr

1000019c <data_cpy_table>:
1000019c:	10006cfc 	.word	0x10006cfc
100001a0:	20000110 	.word	0x20000110
100001a4:	20000f0c 	.word	0x20000f0c
100001a8:	10007af8 	.word	0x10007af8
100001ac:	20080000 	.word	0x20080000
100001b0:	20080000 	.word	0x20080000
100001b4:	10007af8 	.word	0x10007af8
100001b8:	20081000 	.word	0x20081000
100001bc:	20081000 	.word	0x20081000
100001c0:	00000000 	.word	0x00000000
100001c4:	4770      	bx	lr
100001c6:	0000      	.short	0x0000
100001c8:	e000ed08 	.word	0xe000ed08
100001cc:	20000f0c 	.word	0x20000f0c
100001d0:	2000184c 	.word	0x2000184c
100001d4:	10002e95 	.word	0x10002e95
100001d8:	10000369 	.word	0x10000369
100001dc:	10002e57 	.word	0x10002e57

100001e0 <set_lights>:
100001e0:	b510      	push	{r4, lr}
100001e2:	f89d 4008 	ldrb.w	r4, [sp, #8]
100001e6:	4694      	mov	ip, r2
100001e8:	b102      	cbz	r2, 100001ec <set_lights+0xc>
100001ea:	b97c      	cbnz	r4, 1000020c <set_lights+0x2c>
100001ec:	220f      	movs	r2, #15
100001ee:	ec40 2040 	gpioc_bit_out_put r2, r0
100001f2:	220e      	movs	r2, #14
100001f4:	ec41 2040 	gpioc_bit_out_put r2, r1
100001f8:	220d      	movs	r2, #13
100001fa:	ec4c 2040 	gpioc_bit_out_put r2, ip
100001fe:	220c      	movs	r2, #12
10000200:	ec43 2040 	gpioc_bit_out_put r2, r3
10000204:	230b      	movs	r3, #11
10000206:	ec44 3040 	gpioc_bit_out_put r3, r4
1000020a:	bd10      	pop	{r4, pc}
1000020c:	4804      	ldr	r0, [pc, #16]	@ (10000220 <set_lights+0x40>)
1000020e:	f002 ff53 	bl	100030b8 <__wrap_puts>
10000212:	4623      	mov	r3, r4
10000214:	4620      	mov	r0, r4
10000216:	2400      	movs	r4, #0
10000218:	46a4      	mov	ip, r4
1000021a:	4621      	mov	r1, r4
1000021c:	e7e6      	b.n	100001ec <set_lights+0xc>
1000021e:	bf00      	nop
10000220:	10005d58 	.word	0x10005d58

10000224 <cars_go>:
10000224:	b500      	push	{lr}
10000226:	b083      	sub	sp, #12
10000228:	2000      	movs	r0, #0
1000022a:	9000      	str	r0, [sp, #0]
1000022c:	2301      	movs	r3, #1
1000022e:	461a      	mov	r2, r3
10000230:	4601      	mov	r1, r0
10000232:	f7ff ffd5 	bl	100001e0 <set_lights>
10000236:	4802      	ldr	r0, [pc, #8]	@ (10000240 <cars_go+0x1c>)
10000238:	f002 ff3e 	bl	100030b8 <__wrap_puts>
1000023c:	b003      	add	sp, #12
1000023e:	bd00      	pop	{pc}
10000240:	10005d94 	.word	0x10005d94

10000244 <cars_prepare_to_stop>:
10000244:	b500      	push	{lr}
10000246:	b083      	sub	sp, #12
10000248:	2000      	movs	r0, #0
1000024a:	9000      	str	r0, [sp, #0]
1000024c:	2301      	movs	r3, #1
1000024e:	4602      	mov	r2, r0
10000250:	4619      	mov	r1, r3
10000252:	f7ff ffc5 	bl	100001e0 <set_lights>
10000256:	4802      	ldr	r0, [pc, #8]	@ (10000260 <cars_prepare_to_stop+0x1c>)
10000258:	f002 ff2e 	bl	100030b8 <__wrap_puts>
1000025c:	b003      	add	sp, #12
1000025e:	bd00      	pop	{pc}
10000260:	10005dc4 	.word	0x10005dc4

10000264 <pedestrians_go>:
10000264:	b500      	push	{lr}
10000266:	b083      	sub	sp, #12
10000268:	2001      	movs	r0, #1
1000026a:	9000      	str	r0, [sp, #0]
1000026c:	2300      	movs	r3, #0
1000026e:	461a      	mov	r2, r3
10000270:	4619      	mov	r1, r3
10000272:	f7ff ffb5 	bl	100001e0 <set_lights>
10000276:	4802      	ldr	r0, [pc, #8]	@ (10000280 <pedestrians_go+0x1c>)
10000278:	f002 ff1e 	bl	100030b8 <__wrap_puts>
1000027c:	b003      	add	sp, #12
1000027e:	bd00      	pop	{pc}
10000280:	10005df4 	.word	0x10005df4

10000284 <pedestrians_hurry>:
10000284:	b538      	push	{r3, r4, r5, lr}
10000286:	480d      	ldr	r0, [pc, #52]	@ (100002bc <pedestrians_hurry+0x38>)
10000288:	f002 ff16 	bl	100030b8 <__wrap_puts>
1000028c:	2400      	movs	r4, #0
1000028e:	e011      	b.n	100002b4 <pedestrians_hurry+0x30>
10000290:	250b      	movs	r5, #11
10000292:	f04f 0300 	mov.w	r3, #0
10000296:	ec43 5040 	gpioc_bit_out_put r5, r3
1000029a:	f44f 7096 	mov.w	r0, #300	@ 0x12c
1000029e:	f000 ffbf 	bl	10001220 <sleep_ms>
100002a2:	f04f 0301 	mov.w	r3, #1
100002a6:	ec43 5040 	gpioc_bit_out_put r5, r3
100002aa:	f44f 7096 	mov.w	r0, #300	@ 0x12c
100002ae:	f000 ffb7 	bl	10001220 <sleep_ms>
100002b2:	3401      	adds	r4, #1
100002b4:	2c03      	cmp	r4, #3
100002b6:	ddeb      	ble.n	10000290 <pedestrians_hurry+0xc>
100002b8:	bd38      	pop	{r3, r4, r5, pc}
100002ba:	bf00      	nop
100002bc:	10005e24 	.word	0x10005e24

100002c0 <crossing_sequence>:
100002c0:	b500      	push	{lr}
100002c2:	b083      	sub	sp, #12
100002c4:	4811      	ldr	r0, [pc, #68]	@ (1000030c <crossing_sequence+0x4c>)
100002c6:	f002 fef7 	bl	100030b8 <__wrap_puts>
100002ca:	f7ff ffbb 	bl	10000244 <cars_prepare_to_stop>
100002ce:	f240 50dc 	movw	r0, #1500	@ 0x5dc
100002d2:	f000 ffa5 	bl	10001220 <sleep_ms>
100002d6:	f7ff ffc5 	bl	10000264 <pedestrians_go>
100002da:	f44f 607a 	mov.w	r0, #4000	@ 0xfa0
100002de:	f000 ff9f 	bl	10001220 <sleep_ms>
100002e2:	f7ff ffcf 	bl	10000284 <pedestrians_hurry>
100002e6:	2100      	movs	r1, #0
100002e8:	9100      	str	r1, [sp, #0]
100002ea:	2301      	movs	r3, #1
100002ec:	460a      	mov	r2, r1
100002ee:	4618      	mov	r0, r3
100002f0:	f7ff ff76 	bl	100001e0 <set_lights>
100002f4:	f44f 70fa 	mov.w	r0, #500	@ 0x1f4
100002f8:	f000 ff92 	bl	10001220 <sleep_ms>
100002fc:	f7ff ff92 	bl	10000224 <cars_go>
10000300:	4803      	ldr	r0, [pc, #12]	@ (10000310 <crossing_sequence+0x50>)
10000302:	f002 fed9 	bl	100030b8 <__wrap_puts>
10000306:	b003      	add	sp, #12
10000308:	bd00      	pop	{pc}
1000030a:	bf00      	nop
1000030c:	10005e60 	.word	0x10005e60
10000310:	10005e80 	.word	0x10005e80

10000314 <gpio_init_out>:
10000314:	b510      	push	{r4, lr}
10000316:	4604      	mov	r4, r0
10000318:	f000 f8a0 	bl	1000045c <gpio_init>
1000031c:	f04f 0301 	mov.w	r3, #1
10000320:	ec43 4044 	gpioc_bit_oe_put r4, r3
10000324:	f04f 0300 	mov.w	r3, #0
10000328:	ec43 4040 	gpioc_bit_out_put r4, r3
1000032c:	bd10      	pop	{r4, pc}

1000032e <setup_gpio>:
1000032e:	b508      	push	{r3, lr}
10000330:	200f      	movs	r0, #15
10000332:	f7ff ffef 	bl	10000314 <gpio_init_out>
10000336:	200e      	movs	r0, #14
10000338:	f7ff ffec 	bl	10000314 <gpio_init_out>
1000033c:	200d      	movs	r0, #13
1000033e:	f7ff ffe9 	bl	10000314 <gpio_init_out>
10000342:	200c      	movs	r0, #12
10000344:	f7ff ffe6 	bl	10000314 <gpio_init_out>
10000348:	200b      	movs	r0, #11
1000034a:	f7ff ffe3 	bl	10000314 <gpio_init_out>
1000034e:	2010      	movs	r0, #16
10000350:	f000 f884 	bl	1000045c <gpio_init>
10000354:	2010      	movs	r0, #16
10000356:	f04f 0300 	mov.w	r3, #0
1000035a:	ec43 0044 	gpioc_bit_oe_put r0, r3
1000035e:	2200      	movs	r2, #0
10000360:	2101      	movs	r1, #1
10000362:	f000 f863 	bl	1000042c <gpio_set_pulls>
10000366:	bd08      	pop	{r3, pc}

10000368 <main>:
10000368:	b510      	push	{r4, lr}
1000036a:	f002 fea1 	bl	100030b0 <stdio_init_all>
1000036e:	f44f 60fa 	mov.w	r0, #2000	@ 0x7d0
10000372:	f000 ff55 	bl	10001220 <sleep_ms>
10000376:	f7ff ffda 	bl	1000032e <setup_gpio>
1000037a:	4c1b      	ldr	r4, [pc, #108]	@ (100003e8 <main+0x80>)
1000037c:	4620      	mov	r0, r4
1000037e:	f002 fe9b 	bl	100030b8 <__wrap_puts>
10000382:	481a      	ldr	r0, [pc, #104]	@ (100003ec <main+0x84>)
10000384:	f002 fe98 	bl	100030b8 <__wrap_puts>
10000388:	2110      	movs	r1, #16
1000038a:	4819      	ldr	r0, [pc, #100]	@ (100003f0 <main+0x88>)
1000038c:	f002 fec4 	bl	10003118 <__wrap_printf>
10000390:	4620      	mov	r0, r4
10000392:	f002 fe91 	bl	100030b8 <__wrap_puts>
10000396:	f7ff ff45 	bl	10000224 <cars_go>
1000039a:	2201      	movs	r2, #1
1000039c:	e003      	b.n	100003a6 <main+0x3e>
1000039e:	200a      	movs	r0, #10
100003a0:	f000 ff3e 	bl	10001220 <sleep_ms>
100003a4:	4622      	mov	r2, r4
100003a6:	f04f 4350 	mov.w	r3, #3489660928	@ 0xd0000000
100003aa:	685c      	ldr	r4, [r3, #4]
100003ac:	f404 3180 	and.w	r1, r4, #65536	@ 0x10000
100003b0:	f3c4 4400 	ubfx	r4, r4, #16, #1
100003b4:	2a00      	cmp	r2, #0
100003b6:	d0f2      	beq.n	1000039e <main+0x36>
100003b8:	2900      	cmp	r1, #0
100003ba:	d1f0      	bne.n	1000039e <main+0x36>
100003bc:	201e      	movs	r0, #30
100003be:	f000 ff2f 	bl	10001220 <sleep_ms>
100003c2:	f04f 4350 	mov.w	r3, #3489660928	@ 0xd0000000
100003c6:	685b      	ldr	r3, [r3, #4]
100003c8:	f413 3f80 	tst.w	r3, #65536	@ 0x10000
100003cc:	d1e7      	bne.n	1000039e <main+0x36>
100003ce:	f7ff ff77 	bl	100002c0 <crossing_sequence>
100003d2:	f04f 4350 	mov.w	r3, #3489660928	@ 0xd0000000
100003d6:	685b      	ldr	r3, [r3, #4]
100003d8:	f413 3f80 	tst.w	r3, #65536	@ 0x10000
100003dc:	d1df      	bne.n	1000039e <main+0x36>
100003de:	200a      	movs	r0, #10
100003e0:	f000 ff1e 	bl	10001220 <sleep_ms>
100003e4:	e7f5      	b.n	100003d2 <main+0x6a>
100003e6:	bf00      	nop
100003e8:	10005eac 	.word	0x10005eac
100003ec:	10005ee4 	.word	0x10005ee4
100003f0:	10005f18 	.word	0x10005f18

100003f4 <gpio_set_function>:
100003f4:	4b0c      	ldr	r3, [pc, #48]	@ (10000428 <gpio_set_function+0x34>)
100003f6:	eb03 0280 	add.w	r2, r3, r0, lsl #2
100003fa:	f853 3020 	ldr.w	r3, [r3, r0, lsl #2]
100003fe:	f083 0340 	eor.w	r3, r3, #64	@ 0x40
10000402:	f003 03c0 	and.w	r3, r3, #192	@ 0xc0
10000406:	f502 5c80 	add.w	ip, r2, #4096	@ 0x1000
1000040a:	f8cc 3000 	str.w	r3, [ip]
1000040e:	00c0      	lsls	r0, r0, #3
10000410:	f100 4080 	add.w	r0, r0, #1073741824	@ 0x40000000
10000414:	f500 3020 	add.w	r0, r0, #163840	@ 0x28000
10000418:	6041      	str	r1, [r0, #4]
1000041a:	f502 5240 	add.w	r2, r2, #12288	@ 0x3000
1000041e:	f44f 7380 	mov.w	r3, #256	@ 0x100
10000422:	6013      	str	r3, [r2, #0]
10000424:	4770      	bx	lr
10000426:	bf00      	nop
10000428:	40038004 	.word	0x40038004

1000042c <gpio_set_pulls>:
1000042c:	b500      	push	{lr}
1000042e:	f8df e028 	ldr.w	lr, [pc, #40]	@ 10000458 <gpio_set_pulls+0x2c>
10000432:	eb0e 0c80 	add.w	ip, lr, r0, lsl #2
10000436:	b169      	cbz	r1, 10000454 <gpio_set_pulls+0x28>
10000438:	2308      	movs	r3, #8
1000043a:	b102      	cbz	r2, 1000043e <gpio_set_pulls+0x12>
1000043c:	2204      	movs	r2, #4
1000043e:	4313      	orrs	r3, r2
10000440:	f85e 2020 	ldr.w	r2, [lr, r0, lsl #2]
10000444:	4053      	eors	r3, r2
10000446:	f003 030c 	and.w	r3, r3, #12
1000044a:	f50c 5c80 	add.w	ip, ip, #4096	@ 0x1000
1000044e:	f8cc 3000 	str.w	r3, [ip]
10000452:	bd00      	pop	{pc}
10000454:	460b      	mov	r3, r1
10000456:	e7f0      	b.n	1000043a <gpio_set_pulls+0xe>
10000458:	40038004 	.word	0x40038004

1000045c <gpio_init>:
1000045c:	b508      	push	{r3, lr}
1000045e:	f04f 0200 	mov.w	r2, #0
10000462:	ec42 0044 	gpioc_bit_oe_put r0, r2
10000466:	ec42 0040 	gpioc_bit_out_put r0, r2
1000046a:	2105      	movs	r1, #5
1000046c:	f7ff ffc2 	bl	100003f4 <gpio_set_function>
10000470:	bd08      	pop	{r3, pc}
	...

10000474 <panic>:
10000474:	b40f      	push	{r0, r1, r2, r3}
10000476:	b500      	push	{lr}
10000478:	b083      	sub	sp, #12
1000047a:	4808      	ldr	r0, [pc, #32]	@ (1000049c <panic+0x28>)
1000047c:	f002 fe1c 	bl	100030b8 <__wrap_puts>
10000480:	9b04      	ldr	r3, [sp, #16]
10000482:	b13b      	cbz	r3, 10000494 <panic+0x20>
10000484:	a905      	add	r1, sp, #20
10000486:	9101      	str	r1, [sp, #4]
10000488:	4618      	mov	r0, r3
1000048a:	f002 fe25 	bl	100030d8 <__wrap_vprintf>
1000048e:	4804      	ldr	r0, [pc, #16]	@ (100004a0 <panic+0x2c>)
10000490:	f002 fe12 	bl	100030b8 <__wrap_puts>
10000494:	2001      	movs	r0, #1
10000496:	f002 fcdb 	bl	10002e50 <_exit>
1000049a:	bf00      	nop
1000049c:	10005f4c 	.word	0x10005f4c
100004a0:	100064a0 	.word	0x100064a0

100004a4 <hw_claim_lock>:
100004a4:	f3ef 8010 	mrs	r0, PRIMASK
100004a8:	b672      	cpsid	i
100004aa:	4b06      	ldr	r3, [pc, #24]	@ (100004c4 <hw_claim_lock+0x20>)
100004ac:	e8d3 1fcf 	ldaexb	r1, [r3]
100004b0:	2201      	movs	r2, #1
100004b2:	2900      	cmp	r1, #0
100004b4:	d1fa      	bne.n	100004ac <hw_claim_lock+0x8>
100004b6:	e8c3 2f41 	strexb	r1, r2, [r3]
100004ba:	2900      	cmp	r1, #0
100004bc:	d1f6      	bne.n	100004ac <hw_claim_lock+0x8>
100004be:	f3bf 8f5f 	dmb	sy
100004c2:	4770      	bx	lr
100004c4:	20001247 	.word	0x20001247

100004c8 <hw_claim_unlock>:
100004c8:	2300      	movs	r3, #0
100004ca:	4a03      	ldr	r2, [pc, #12]	@ (100004d8 <hw_claim_unlock+0x10>)
100004cc:	e8c2 3f8f 	stlb	r3, [r2]
100004d0:	f380 8810 	msr	PRIMASK, r0
100004d4:	4770      	bx	lr
100004d6:	bf00      	nop
100004d8:	20001247 	.word	0x20001247

100004dc <hw_claim_or_assert>:
100004dc:	b570      	push	{r4, r5, r6, lr}
100004de:	4605      	mov	r5, r0
100004e0:	460c      	mov	r4, r1
100004e2:	4616      	mov	r6, r2
100004e4:	f7ff ffde 	bl	100004a4 <hw_claim_lock>
100004e8:	08e2      	lsrs	r2, r4, #3
100004ea:	5ca9      	ldrb	r1, [r5, r2]
100004ec:	f004 0c07 	and.w	ip, r4, #7
100004f0:	2301      	movs	r3, #1
100004f2:	fa03 f30c 	lsl.w	r3, r3, ip
100004f6:	4219      	tst	r1, r3
100004f8:	d105      	bne.n	10000506 <hw_claim_or_assert+0x2a>
100004fa:	b2db      	uxtb	r3, r3
100004fc:	430b      	orrs	r3, r1
100004fe:	54ab      	strb	r3, [r5, r2]
10000500:	f7ff ffe2 	bl	100004c8 <hw_claim_unlock>
10000504:	bd70      	pop	{r4, r5, r6, pc}
10000506:	4621      	mov	r1, r4
10000508:	4630      	mov	r0, r6
1000050a:	f7ff ffb3 	bl	10000474 <panic>

1000050e <hw_claim_unused_from_range>:
1000050e:	b5f8      	push	{r3, r4, r5, r6, r7, lr}
10000510:	4605      	mov	r5, r0
10000512:	460f      	mov	r7, r1
10000514:	4614      	mov	r4, r2
10000516:	461e      	mov	r6, r3
10000518:	f7ff ffc4 	bl	100004a4 <hw_claim_lock>
1000051c:	e000      	b.n	10000520 <hw_claim_unused_from_range+0x12>
1000051e:	3401      	adds	r4, #1
10000520:	42b4      	cmp	r4, r6
10000522:	d80e      	bhi.n	10000542 <hw_claim_unused_from_range+0x34>
10000524:	ea4f 0cd4 	mov.w	ip, r4, lsr #3
10000528:	f815 100c 	ldrb.w	r1, [r5, ip]
1000052c:	f004 0307 	and.w	r3, r4, #7
10000530:	2201      	movs	r2, #1
10000532:	409a      	lsls	r2, r3
10000534:	4211      	tst	r1, r2
10000536:	d1f2      	bne.n	1000051e <hw_claim_unused_from_range+0x10>
10000538:	b2d2      	uxtb	r2, r2
1000053a:	430a      	orrs	r2, r1
1000053c:	f805 200c 	strb.w	r2, [r5, ip]
10000540:	e001      	b.n	10000546 <hw_claim_unused_from_range+0x38>
10000542:	f04f 34ff 	mov.w	r4, #4294967295	@ 0xffffffff
10000546:	f7ff ffbf 	bl	100004c8 <hw_claim_unlock>
1000054a:	2c00      	cmp	r4, #0
1000054c:	db01      	blt.n	10000552 <hw_claim_unused_from_range+0x44>
1000054e:	4620      	mov	r0, r4
10000550:	bdf8      	pop	{r3, r4, r5, r6, r7, pc}
10000552:	2f00      	cmp	r7, #0
10000554:	d0fb      	beq.n	1000054e <hw_claim_unused_from_range+0x40>
10000556:	9806      	ldr	r0, [sp, #24]
10000558:	f7ff ff8c 	bl	10000474 <panic>

1000055c <next_striped_spin_lock_num>:
1000055c:	4a05      	ldr	r2, [pc, #20]	@ (10000574 <next_striped_spin_lock_num+0x18>)
1000055e:	7810      	ldrb	r0, [r2, #0]
10000560:	1c43      	adds	r3, r0, #1
10000562:	b2db      	uxtb	r3, r3
10000564:	7013      	strb	r3, [r2, #0]
10000566:	2b17      	cmp	r3, #23
10000568:	d902      	bls.n	10000570 <next_striped_spin_lock_num+0x14>
1000056a:	4613      	mov	r3, r2
1000056c:	2210      	movs	r2, #16
1000056e:	701a      	strb	r2, [r3, #0]
10000570:	4770      	bx	lr
10000572:	bf00      	nop
10000574:	20000e50 	.word	0x20000e50

10000578 <spin_lock_claim_unused>:
10000578:	b500      	push	{lr}
1000057a:	b083      	sub	sp, #12
1000057c:	4601      	mov	r1, r0
1000057e:	4b04      	ldr	r3, [pc, #16]	@ (10000590 <spin_lock_claim_unused+0x18>)
10000580:	9300      	str	r3, [sp, #0]
10000582:	231f      	movs	r3, #31
10000584:	2218      	movs	r2, #24
10000586:	4803      	ldr	r0, [pc, #12]	@ (10000594 <spin_lock_claim_unused+0x1c>)
10000588:	f7ff ffc1 	bl	1000050e <hw_claim_unused_from_range>
1000058c:	b003      	add	sp, #12
1000058e:	bd00      	pop	{pc}
10000590:	10005f5c 	.word	0x10005f5c
10000594:	2000138c 	.word	0x2000138c

10000598 <spinlock_set_extexclall>:
10000598:	f04f 22e0 	mov.w	r2, #3758153728	@ 0xe000e000
1000059c:	6893      	ldr	r3, [r2, #8]
1000059e:	f043 5300 	orr.w	r3, r3, #536870912	@ 0x20000000
100005a2:	6093      	str	r3, [r2, #8]
100005a4:	4770      	bx	lr
	...

100005a8 <spin_locks_reset>:
100005a8:	2300      	movs	r3, #0
100005aa:	e005      	b.n	100005b8 <spin_locks_reset+0x10>
100005ac:	4a04      	ldr	r2, [pc, #16]	@ (100005c0 <spin_locks_reset+0x18>)
100005ae:	441a      	add	r2, r3
100005b0:	2100      	movs	r1, #0
100005b2:	e8c2 1f8f 	stlb	r1, [r2]
100005b6:	3301      	adds	r3, #1
100005b8:	2b1f      	cmp	r3, #31
100005ba:	d9f7      	bls.n	100005ac <spin_locks_reset+0x4>
100005bc:	4770      	bx	lr
100005be:	bf00      	nop
100005c0:	2000123c 	.word	0x2000123c

100005c4 <set_raw_irq_handler_and_unlock>:
100005c4:	4b06      	ldr	r3, [pc, #24]	@ (100005e0 <set_raw_irq_handler_and_unlock+0x1c>)
100005c6:	689b      	ldr	r3, [r3, #8]
100005c8:	3010      	adds	r0, #16
100005ca:	f843 1020 	str.w	r1, [r3, r0, lsl #2]
100005ce:	f3bf 8f5f 	dmb	sy
100005d2:	2300      	movs	r3, #0
100005d4:	4903      	ldr	r1, [pc, #12]	@ (100005e4 <set_raw_irq_handler_and_unlock+0x20>)
100005d6:	e8c1 3f8f 	stlb	r3, [r1]
100005da:	f382 8810 	msr	PRIMASK, r2
100005de:	4770      	bx	lr
100005e0:	e000ed00 	.word	0xe000ed00
100005e4:	20001245 	.word	0x20001245

100005e8 <nvic_ipr0>:
100005e8:	4800      	ldr	r0, [pc, #0]	@ (100005ec <nvic_ipr0+0x4>)
100005ea:	4770      	bx	lr
100005ec:	e000e400 	.word	0xe000e400

100005f0 <runtime_init_per_core_irq_priorities>:
100005f0:	b508      	push	{r3, lr}
100005f2:	f7ff fff9 	bl	100005e8 <nvic_ipr0>
100005f6:	2300      	movs	r3, #0
100005f8:	e004      	b.n	10000604 <runtime_init_per_core_irq_priorities+0x14>
100005fa:	f04f 3280 	mov.w	r2, #2155905152	@ 0x80808080
100005fe:	f840 2b04 	str.w	r2, [r0], #4
10000602:	3301      	adds	r3, #1
10000604:	2b0c      	cmp	r3, #12
10000606:	d9f8      	bls.n	100005fa <runtime_init_per_core_irq_priorities+0xa>
10000608:	b662      	cpsie	i
1000060a:	bd08      	pop	{r3, pc}

1000060c <resolve_j_16>:
1000060c:	b508      	push	{r3, lr}
1000060e:	8803      	ldrh	r3, [r0, #0]
10000610:	0ada      	lsrs	r2, r3, #11
10000612:	2a1c      	cmp	r2, #28
10000614:	d106      	bne.n	10000624 <resolve_j_16+0x18>
10000616:	055b      	lsls	r3, r3, #21
10000618:	d40b      	bmi.n	10000632 <resolve_j_16+0x26>
1000061a:	155b      	asrs	r3, r3, #21
1000061c:	3302      	adds	r3, #2
1000061e:	eb00 0043 	add.w	r0, r0, r3, lsl #1
10000622:	bd08      	pop	{r3, pc}
10000624:	4b06      	ldr	r3, [pc, #24]	@ (10000640 <resolve_j_16+0x34>)
10000626:	4a07      	ldr	r2, [pc, #28]	@ (10000644 <resolve_j_16+0x38>)
10000628:	f44f 71a0 	mov.w	r1, #320	@ 0x140
1000062c:	4806      	ldr	r0, [pc, #24]	@ (10000648 <resolve_j_16+0x3c>)
1000062e:	f002 fc15 	bl	10002e5c <__assert_func>
10000632:	f503 13ff 	add.w	r3, r3, #2088960	@ 0x1fe000
10000636:	f503 53ff 	add.w	r3, r3, #8160	@ 0x1fe0
1000063a:	331f      	adds	r3, #31
1000063c:	e7ed      	b.n	1000061a <resolve_j_16+0xe>
1000063e:	bf00      	nop
10000640:	10005f78 	.word	0x10005f78
10000644:	100067e0 	.word	0x100067e0
10000648:	10005f90 	.word	0x10005f90

1000064c <make_j_16>:
1000064c:	b508      	push	{r3, lr}
1000064e:	1a09      	subs	r1, r1, r0
10000650:	f201 72fc 	addw	r2, r1, #2044	@ 0x7fc
10000654:	f640 73fe 	movw	r3, #4094	@ 0xffe
10000658:	429a      	cmp	r2, r3
1000065a:	d808      	bhi.n	1000066e <make_j_16+0x22>
1000065c:	1f08      	subs	r0, r1, #4
1000065e:	f011 0f01 	tst.w	r1, #1
10000662:	d104      	bne.n	1000066e <make_j_16+0x22>
10000664:	f3c0 004a 	ubfx	r0, r0, #1, #11
10000668:	f440 4060 	orr.w	r0, r0, #57344	@ 0xe000
1000066c:	bd08      	pop	{r3, pc}
1000066e:	4b03      	ldr	r3, [pc, #12]	@ (1000067c <make_j_16+0x30>)
10000670:	4a03      	ldr	r2, [pc, #12]	@ (10000680 <make_j_16+0x34>)
10000672:	f44f 7199 	mov.w	r1, #306	@ 0x132
10000676:	4803      	ldr	r0, [pc, #12]	@ (10000684 <make_j_16+0x38>)
10000678:	f002 fbf0 	bl	10002e5c <__assert_func>
1000067c:	10005fd4 	.word	0x10005fd4
10000680:	100067d4 	.word	0x100067d4
10000684:	10005f90 	.word	0x10005f90

10000688 <irq_is_enabled>:
10000688:	0942      	lsrs	r2, r0, #5
1000068a:	4b06      	ldr	r3, [pc, #24]	@ (100006a4 <irq_is_enabled+0x1c>)
1000068c:	f853 2022 	ldr.w	r2, [r3, r2, lsl #2]
10000690:	f000 001f 	and.w	r0, r0, #31
10000694:	2301      	movs	r3, #1
10000696:	4083      	lsls	r3, r0
10000698:	421a      	tst	r2, r3
1000069a:	bf14      	ite	ne
1000069c:	2001      	movne	r0, #1
1000069e:	2000      	moveq	r0, #0
100006a0:	4770      	bx	lr
100006a2:	bf00      	nop
100006a4:	e000e100 	.word	0xe000e100

100006a8 <irq_set_mask_n_enabled>:
100006a8:	b13a      	cbz	r2, 100006ba <irq_set_mask_n_enabled+0x12>
100006aa:	4b06      	ldr	r3, [pc, #24]	@ (100006c4 <irq_set_mask_n_enabled+0x1c>)
100006ac:	f100 0260 	add.w	r2, r0, #96	@ 0x60
100006b0:	f843 1022 	str.w	r1, [r3, r2, lsl #2]
100006b4:	f843 1020 	str.w	r1, [r3, r0, lsl #2]
100006b8:	4770      	bx	lr
100006ba:	3020      	adds	r0, #32
100006bc:	4b01      	ldr	r3, [pc, #4]	@ (100006c4 <irq_set_mask_n_enabled+0x1c>)
100006be:	f843 1020 	str.w	r1, [r3, r0, lsl #2]
100006c2:	4770      	bx	lr
100006c4:	e000e100 	.word	0xe000e100

100006c8 <irq_set_enabled>:
100006c8:	b508      	push	{r3, lr}
100006ca:	460a      	mov	r2, r1
100006cc:	f000 031f 	and.w	r3, r0, #31
100006d0:	2101      	movs	r1, #1
100006d2:	4099      	lsls	r1, r3
100006d4:	0940      	lsrs	r0, r0, #5
100006d6:	f7ff ffe7 	bl	100006a8 <irq_set_mask_n_enabled>
100006da:	bd08      	pop	{r3, pc}

100006dc <irq_set_pending>:
100006dc:	f000 021f 	and.w	r2, r0, #31
100006e0:	0940      	lsrs	r0, r0, #5
100006e2:	2301      	movs	r3, #1
100006e4:	4093      	lsls	r3, r2
100006e6:	3040      	adds	r0, #64	@ 0x40
100006e8:	4a01      	ldr	r2, [pc, #4]	@ (100006f0 <irq_set_pending+0x14>)
100006ea:	f842 3020 	str.w	r3, [r2, r0, lsl #2]
100006ee:	4770      	bx	lr
100006f0:	e000e100 	.word	0xe000e100

100006f4 <irq_get_vtable_handler>:
100006f4:	4b02      	ldr	r3, [pc, #8]	@ (10000700 <irq_get_vtable_handler+0xc>)
100006f6:	689b      	ldr	r3, [r3, #8]
100006f8:	3010      	adds	r0, #16
100006fa:	f853 0020 	ldr.w	r0, [r3, r0, lsl #2]
100006fe:	4770      	bx	lr
10000700:	e000ed00 	.word	0xe000ed00

10000704 <irq_has_shared_handler>:
10000704:	b508      	push	{r3, lr}
10000706:	f7ff fff5 	bl	100006f4 <irq_get_vtable_handler>
1000070a:	4b03      	ldr	r3, [pc, #12]	@ (10000718 <irq_has_shared_handler+0x14>)
1000070c:	1ac0      	subs	r0, r0, r3
1000070e:	2847      	cmp	r0, #71	@ 0x47
10000710:	bf8c      	ite	hi
10000712:	2000      	movhi	r0, #0
10000714:	2001      	movls	r0, #1
10000716:	bd08      	pop	{r3, pc}
10000718:	20000e54 	.word	0x20000e54

1000071c <irq_set_exclusive_handler>:
1000071c:	b570      	push	{r4, r5, r6, lr}
1000071e:	4605      	mov	r5, r0
10000720:	460c      	mov	r4, r1
10000722:	f3ef 8310 	mrs	r3, PRIMASK
10000726:	b672      	cpsid	i
10000728:	461e      	mov	r6, r3
1000072a:	4b10      	ldr	r3, [pc, #64]	@ (1000076c <irq_set_exclusive_handler+0x50>)
1000072c:	e8d3 1fcf 	ldaexb	r1, [r3]
10000730:	2201      	movs	r2, #1
10000732:	2900      	cmp	r1, #0
10000734:	d1fa      	bne.n	1000072c <irq_set_exclusive_handler+0x10>
10000736:	e8c3 2f41 	strexb	r1, r2, [r3]
1000073a:	2900      	cmp	r1, #0
1000073c:	d1f6      	bne.n	1000072c <irq_set_exclusive_handler+0x10>
1000073e:	f3bf 8f5f 	dmb	sy
10000742:	f7ff ffd7 	bl	100006f4 <irq_get_vtable_handler>
10000746:	4b0a      	ldr	r3, [pc, #40]	@ (10000770 <irq_set_exclusive_handler+0x54>)
10000748:	4298      	cmp	r0, r3
1000074a:	d001      	beq.n	10000750 <irq_set_exclusive_handler+0x34>
1000074c:	42a0      	cmp	r0, r4
1000074e:	d105      	bne.n	1000075c <irq_set_exclusive_handler+0x40>
10000750:	4632      	mov	r2, r6
10000752:	4621      	mov	r1, r4
10000754:	4628      	mov	r0, r5
10000756:	f7ff ff35 	bl	100005c4 <set_raw_irq_handler_and_unlock>
1000075a:	bd70      	pop	{r4, r5, r6, pc}
1000075c:	4b05      	ldr	r3, [pc, #20]	@ (10000774 <irq_set_exclusive_handler+0x58>)
1000075e:	4a06      	ldr	r2, [pc, #24]	@ (10000778 <irq_set_exclusive_handler+0x5c>)
10000760:	f240 1111 	movw	r1, #273	@ 0x111
10000764:	4805      	ldr	r0, [pc, #20]	@ (1000077c <irq_set_exclusive_handler+0x60>)
10000766:	f002 fb79 	bl	10002e5c <__assert_func>
1000076a:	bf00      	nop
1000076c:	20001245 	.word	0x20001245
10000770:	10000111 	.word	0x10000111
10000774:	10006004 	.word	0x10006004
10000778:	10006808 	.word	0x10006808
1000077c:	10005f90 	.word	0x10005f90

10000780 <irq_add_shared_handler>:
10000780:	e92d 4ff0 	stmdb	sp!, {r4, r5, r6, r7, r8, r9, sl, fp, lr}
10000784:	b087      	sub	sp, #28
10000786:	9100      	str	r1, [sp, #0]
10000788:	4615      	mov	r5, r2
1000078a:	f3ef 8310 	mrs	r3, PRIMASK
1000078e:	b672      	cpsid	i
10000790:	469b      	mov	fp, r3
10000792:	4b7c      	ldr	r3, [pc, #496]	@ (10000984 <irq_add_shared_handler+0x204>)
10000794:	e8d3 1fcf 	ldaexb	r1, [r3]
10000798:	2201      	movs	r2, #1
1000079a:	2900      	cmp	r1, #0
1000079c:	d1fa      	bne.n	10000794 <irq_add_shared_handler+0x14>
1000079e:	e8c3 2f41 	strexb	r1, r2, [r3]
100007a2:	2900      	cmp	r1, #0
100007a4:	d1f6      	bne.n	10000794 <irq_add_shared_handler+0x14>
100007a6:	f3bf 8f5f 	dmb	sy
100007aa:	4b77      	ldr	r3, [pc, #476]	@ (10000988 <irq_add_shared_handler+0x208>)
100007ac:	f993 4000 	ldrsb.w	r4, [r3]
100007b0:	2c00      	cmp	r4, #0
100007b2:	db44      	blt.n	1000083e <irq_add_shared_handler+0xbe>
100007b4:	4680      	mov	r8, r0
100007b6:	eb04 0744 	add.w	r7, r4, r4, lsl #1
100007ba:	4b74      	ldr	r3, [pc, #464]	@ (1000098c <irq_add_shared_handler+0x20c>)
100007bc:	eb03 0787 	add.w	r7, r3, r7, lsl #2
100007c0:	f997 1006 	ldrsb.w	r1, [r7, #6]
100007c4:	4a70      	ldr	r2, [pc, #448]	@ (10000988 <irq_add_shared_handler+0x208>)
100007c6:	7011      	strb	r1, [r2, #0]
100007c8:	4a71      	ldr	r2, [pc, #452]	@ (10000990 <irq_add_shared_handler+0x210>)
100007ca:	6892      	ldr	r2, [r2, #8]
100007cc:	f100 0110 	add.w	r1, r0, #16
100007d0:	f852 9021 	ldr.w	r9, [r2, r1, lsl #2]
100007d4:	eba9 0203 	sub.w	r2, r9, r3
100007d8:	2a47      	cmp	r2, #71	@ 0x47
100007da:	d93e      	bls.n	1000085a <irq_add_shared_handler+0xda>
100007dc:	4b6d      	ldr	r3, [pc, #436]	@ (10000994 <irq_add_shared_handler+0x214>)
100007de:	4599      	cmp	r9, r3
100007e0:	d134      	bne.n	1000084c <irq_add_shared_handler+0xcc>
100007e2:	f44f 4321 	mov.w	r3, #41216	@ 0xa100
100007e6:	f8ad 300c 	strh.w	r3, [sp, #12]
100007ea:	ea4f 0944 	mov.w	r9, r4, lsl #1
100007ee:	eb04 0044 	add.w	r0, r4, r4, lsl #1
100007f2:	4e66      	ldr	r6, [pc, #408]	@ (1000098c <irq_add_shared_handler+0x20c>)
100007f4:	eb06 0080 	add.w	r0, r6, r0, lsl #2
100007f8:	4967      	ldr	r1, [pc, #412]	@ (10000998 <irq_add_shared_handler+0x218>)
100007fa:	3002      	adds	r0, #2
100007fc:	f7ff ff26 	bl	1000064c <make_j_16>
10000800:	f8ad 000e 	strh.w	r0, [sp, #14]
10000804:	f64b 5301 	movw	r3, #48385	@ 0xbd01
10000808:	f8ad 3010 	strh.w	r3, [sp, #16]
1000080c:	23ff      	movs	r3, #255	@ 0xff
1000080e:	f88d 3012 	strb.w	r3, [sp, #18]
10000812:	f88d 5013 	strb.w	r5, [sp, #19]
10000816:	9b00      	ldr	r3, [sp, #0]
10000818:	9305      	str	r3, [sp, #20]
1000081a:	44a1      	add	r9, r4
1000081c:	eb06 0389 	add.w	r3, r6, r9, lsl #2
10000820:	aa06      	add	r2, sp, #24
10000822:	e912 0007 	ldmdb	r2, {r0, r1, r2}
10000826:	e883 0007 	stmia.w	r3, {r0, r1, r2}
1000082a:	f047 0901 	orr.w	r9, r7, #1
1000082e:	465a      	mov	r2, fp
10000830:	4649      	mov	r1, r9
10000832:	4640      	mov	r0, r8
10000834:	f7ff fec6 	bl	100005c4 <set_raw_irq_handler_and_unlock>
10000838:	b007      	add	sp, #28
1000083a:	e8bd 8ff0 	ldmia.w	sp!, {r4, r5, r6, r7, r8, r9, sl, fp, pc}
1000083e:	4b57      	ldr	r3, [pc, #348]	@ (1000099c <irq_add_shared_handler+0x21c>)
10000840:	4a57      	ldr	r2, [pc, #348]	@ (100009a0 <irq_add_shared_handler+0x220>)
10000842:	f44f 71d0 	mov.w	r1, #416	@ 0x1a0
10000846:	4857      	ldr	r0, [pc, #348]	@ (100009a4 <irq_add_shared_handler+0x224>)
10000848:	f002 fb08 	bl	10002e5c <__assert_func>
1000084c:	4b56      	ldr	r3, [pc, #344]	@ (100009a8 <irq_add_shared_handler+0x228>)
1000084e:	4a54      	ldr	r2, [pc, #336]	@ (100009a0 <irq_add_shared_handler+0x220>)
10000850:	f240 11a7 	movw	r1, #423	@ 0x1a7
10000854:	4853      	ldr	r0, [pc, #332]	@ (100009a4 <irq_add_shared_handler+0x224>)
10000856:	f002 fb01 	bl	10002e5c <__assert_func>
1000085a:	f029 0201 	bic.w	r2, r9, #1
1000085e:	4692      	mov	sl, r2
10000860:	1ad3      	subs	r3, r2, r3
10000862:	4a52      	ldr	r2, [pc, #328]	@ (100009ac <irq_add_shared_handler+0x22c>)
10000864:	fba2 1203 	umull	r1, r2, r2, r3
10000868:	08d2      	lsrs	r2, r2, #3
1000086a:	eb02 0242 	add.w	r2, r2, r2, lsl #1
1000086e:	ebb3 0f82 	cmp.w	r3, r2, lsl #2
10000872:	d10f      	bne.n	10000894 <irq_add_shared_handler+0x114>
10000874:	4653      	mov	r3, sl
10000876:	2600      	movs	r6, #0
10000878:	79da      	ldrb	r2, [r3, #7]
1000087a:	42aa      	cmp	r2, r5
1000087c:	d912      	bls.n	100008a4 <irq_add_shared_handler+0x124>
1000087e:	f993 2006 	ldrsb.w	r2, [r3, #6]
10000882:	2a00      	cmp	r2, #0
10000884:	db0d      	blt.n	100008a2 <irq_add_shared_handler+0x122>
10000886:	eb02 0242 	add.w	r2, r2, r2, lsl #1
1000088a:	461e      	mov	r6, r3
1000088c:	4b3f      	ldr	r3, [pc, #252]	@ (1000098c <irq_add_shared_handler+0x20c>)
1000088e:	eb03 0382 	add.w	r3, r3, r2, lsl #2
10000892:	e7f1      	b.n	10000878 <irq_add_shared_handler+0xf8>
10000894:	4b46      	ldr	r3, [pc, #280]	@ (100009b0 <irq_add_shared_handler+0x230>)
10000896:	4a42      	ldr	r2, [pc, #264]	@ (100009a0 <irq_add_shared_handler+0x220>)
10000898:	f44f 71dc 	mov.w	r1, #440	@ 0x1b8
1000089c:	4841      	ldr	r0, [pc, #260]	@ (100009a4 <irq_add_shared_handler+0x224>)
1000089e:	f002 fadd 	bl	10002e5c <__assert_func>
100008a2:	461e      	mov	r6, r3
100008a4:	b3a6      	cbz	r6, 10000910 <irq_add_shared_handler+0x190>
100008a6:	f644 0301 	movw	r3, #18433	@ 0x4801
100008aa:	f8ad 300c 	strh.w	r3, [sp, #12]
100008ae:	f44f 438f 	mov.w	r3, #18304	@ 0x4780
100008b2:	f8ad 300e 	strh.w	r3, [sp, #14]
100008b6:	f996 3006 	ldrsb.w	r3, [r6, #6]
100008ba:	469a      	mov	sl, r3
100008bc:	2b00      	cmp	r3, #0
100008be:	da1a      	bge.n	100008f6 <irq_add_shared_handler+0x176>
100008c0:	f64b 5001 	movw	r0, #48385	@ 0xbd01
100008c4:	f8ad 0010 	strh.w	r0, [sp, #16]
100008c8:	f88d a012 	strb.w	sl, [sp, #18]
100008cc:	f88d 5013 	strb.w	r5, [sp, #19]
100008d0:	9b00      	ldr	r3, [sp, #0]
100008d2:	9305      	str	r3, [sp, #20]
100008d4:	4639      	mov	r1, r7
100008d6:	1d30      	adds	r0, r6, #4
100008d8:	f7ff feb8 	bl	1000064c <make_j_16>
100008dc:	80b0      	strh	r0, [r6, #4]
100008de:	71b4      	strb	r4, [r6, #6]
100008e0:	eb04 0444 	add.w	r4, r4, r4, lsl #1
100008e4:	4b29      	ldr	r3, [pc, #164]	@ (1000098c <irq_add_shared_handler+0x20c>)
100008e6:	eb03 0384 	add.w	r3, r3, r4, lsl #2
100008ea:	aa06      	add	r2, sp, #24
100008ec:	e912 0007 	ldmdb	r2, {r0, r1, r2}
100008f0:	e883 0007 	stmia.w	r3, {r0, r1, r2}
100008f4:	e79b      	b.n	1000082e <irq_add_shared_handler+0xae>
100008f6:	1d30      	adds	r0, r6, #4
100008f8:	f7ff fe88 	bl	1000060c <resolve_j_16>
100008fc:	4601      	mov	r1, r0
100008fe:	eb04 0244 	add.w	r2, r4, r4, lsl #1
10000902:	4b22      	ldr	r3, [pc, #136]	@ (1000098c <irq_add_shared_handler+0x20c>)
10000904:	eb03 0382 	add.w	r3, r3, r2, lsl #2
10000908:	1d18      	adds	r0, r3, #4
1000090a:	f7ff fe9f 	bl	1000064c <make_j_16>
1000090e:	e7d9      	b.n	100008c4 <irq_add_shared_handler+0x144>
10000910:	f44f 4321 	mov.w	r3, #41216	@ 0xa100
10000914:	f8ad 300c 	strh.w	r3, [sp, #12]
10000918:	0063      	lsls	r3, r4, #1
1000091a:	9301      	str	r3, [sp, #4]
1000091c:	eb04 0644 	add.w	r6, r4, r4, lsl #1
10000920:	f8df 9068 	ldr.w	r9, [pc, #104]	@ 1000098c <irq_add_shared_handler+0x20c>
10000924:	eb09 0686 	add.w	r6, r9, r6, lsl #2
10000928:	491b      	ldr	r1, [pc, #108]	@ (10000998 <irq_add_shared_handler+0x218>)
1000092a:	1cb0      	adds	r0, r6, #2
1000092c:	f7ff fe8e 	bl	1000064c <make_j_16>
10000930:	f8ad 000e 	strh.w	r0, [sp, #14]
10000934:	4651      	mov	r1, sl
10000936:	1d30      	adds	r0, r6, #4
10000938:	f7ff fe88 	bl	1000064c <make_j_16>
1000093c:	f8ad 0010 	strh.w	r0, [sp, #16]
10000940:	f64a 23aa 	movw	r3, #43690	@ 0xaaaa
10000944:	4652      	mov	r2, sl
10000946:	4649      	mov	r1, r9
10000948:	1a52      	subs	r2, r2, r1
1000094a:	4152      	adcs	r2, r2
1000094c:	4353      	muls	r3, r2
1000094e:	0d1b      	lsrs	r3, r3, #20
10000950:	f88d 3012 	strb.w	r3, [sp, #18]
10000954:	f88d 5013 	strb.w	r5, [sp, #19]
10000958:	9900      	ldr	r1, [sp, #0]
1000095a:	9105      	str	r1, [sp, #20]
1000095c:	9b01      	ldr	r3, [sp, #4]
1000095e:	4423      	add	r3, r4
10000960:	eb09 0983 	add.w	r9, r9, r3, lsl #2
10000964:	ab06      	add	r3, sp, #24
10000966:	e913 0007 	ldmdb	r3, {r0, r1, r2}
1000096a:	e889 0007 	stmia.w	r9, {r0, r1, r2}
1000096e:	f644 0301 	movw	r3, #18433	@ 0x4801
10000972:	f8aa 3000 	strh.w	r3, [sl]
10000976:	f44f 438f 	mov.w	r3, #18304	@ 0x4780
1000097a:	f8aa 3002 	strh.w	r3, [sl, #2]
1000097e:	f047 0901 	orr.w	r9, r7, #1
10000982:	e754      	b.n	1000082e <irq_add_shared_handler+0xae>
10000984:	20001245 	.word	0x20001245
10000988:	20001844 	.word	0x20001844
1000098c:	20000e54 	.word	0x20000e54
10000990:	e000ed00 	.word	0xe000ed00
10000994:	10000111 	.word	0x10000111
10000998:	20000e9c 	.word	0x20000e9c
1000099c:	1000603c 	.word	0x1000603c
100009a0:	100067f0 	.word	0x100067f0
100009a4:	10005f90 	.word	0x10005f90
100009a8:	10006064 	.word	0x10006064
100009ac:	aaaaaaab 	.word	0xaaaaaaab
100009b0:	1000608c 	.word	0x1000608c

100009b4 <irq_add_tail_to_free_list>:
100009b4:	b538      	push	{r3, r4, r5, lr}
100009b6:	f040 0401 	orr.w	r4, r0, #1
100009ba:	4b34      	ldr	r3, [pc, #208]	@ (10000a8c <irq_add_tail_to_free_list+0xd8>)
100009bc:	1ae3      	subs	r3, r4, r3
100009be:	2b47      	cmp	r3, #71	@ 0x47
100009c0:	d835      	bhi.n	10000a2e <irq_add_tail_to_free_list+0x7a>
100009c2:	f3ef 8105 	mrs	r1, IPSR
100009c6:	b2c9      	uxtb	r1, r1
100009c8:	2900      	cmp	r1, #0
100009ca:	d037      	beq.n	10000a3c <irq_add_tail_to_free_list+0x88>
100009cc:	f3ef 8e10 	mrs	lr, PRIMASK
100009d0:	b672      	cpsid	i
100009d2:	4b2f      	ldr	r3, [pc, #188]	@ (10000a90 <irq_add_tail_to_free_list+0xdc>)
100009d4:	e8d3 cfcf 	ldaexb	ip, [r3]
100009d8:	2201      	movs	r2, #1
100009da:	f1bc 0f00 	cmp.w	ip, #0
100009de:	d1f9      	bne.n	100009d4 <irq_add_tail_to_free_list+0x20>
100009e0:	e8c3 2f4c 	strexb	ip, r2, [r3]
100009e4:	f1bc 0f00 	cmp.w	ip, #0
100009e8:	d1f4      	bne.n	100009d4 <irq_add_tail_to_free_list+0x20>
100009ea:	f3bf 8f5f 	dmb	sy
100009ee:	f64a 23aa 	movw	r3, #43690	@ 0xaaaa
100009f2:	4602      	mov	r2, r0
100009f4:	f8df c094 	ldr.w	ip, [pc, #148]	@ 10000a8c <irq_add_tail_to_free_list+0xd8>
100009f8:	4665      	mov	r5, ip
100009fa:	1b52      	subs	r2, r2, r5
100009fc:	4152      	adcs	r2, r2
100009fe:	4353      	muls	r3, r2
10000a00:	0d1b      	lsrs	r3, r3, #20
10000a02:	fa4f fc83 	sxtb.w	ip, r3
10000a06:	4b23      	ldr	r3, [pc, #140]	@ (10000a94 <irq_add_tail_to_free_list+0xe0>)
10000a08:	689b      	ldr	r3, [r3, #8]
10000a0a:	f853 3021 	ldr.w	r3, [r3, r1, lsl #2]
10000a0e:	42a3      	cmp	r3, r4
10000a10:	d01b      	beq.n	10000a4a <irq_add_tail_to_free_list+0x96>
10000a12:	2300      	movs	r3, #0
10000a14:	2b05      	cmp	r3, #5
10000a16:	d832      	bhi.n	10000a7e <irq_add_tail_to_free_list+0xca>
10000a18:	eb03 0143 	add.w	r1, r3, r3, lsl #1
10000a1c:	4a1b      	ldr	r2, [pc, #108]	@ (10000a8c <irq_add_tail_to_free_list+0xd8>)
10000a1e:	eb02 0281 	add.w	r2, r2, r1, lsl #2
10000a22:	f992 2006 	ldrsb.w	r2, [r2, #6]
10000a26:	4562      	cmp	r2, ip
10000a28:	d020      	beq.n	10000a6c <irq_add_tail_to_free_list+0xb8>
10000a2a:	3301      	adds	r3, #1
10000a2c:	e7f2      	b.n	10000a14 <irq_add_tail_to_free_list+0x60>
10000a2e:	4b1a      	ldr	r3, [pc, #104]	@ (10000a98 <irq_add_tail_to_free_list+0xe4>)
10000a30:	4a1a      	ldr	r2, [pc, #104]	@ (10000a9c <irq_add_tail_to_free_list+0xe8>)
10000a32:	f240 21a3 	movw	r1, #675	@ 0x2a3
10000a36:	481a      	ldr	r0, [pc, #104]	@ (10000aa0 <irq_add_tail_to_free_list+0xec>)
10000a38:	f002 fa10 	bl	10002e5c <__assert_func>
10000a3c:	4b19      	ldr	r3, [pc, #100]	@ (10000aa4 <irq_add_tail_to_free_list+0xf0>)
10000a3e:	4a17      	ldr	r2, [pc, #92]	@ (10000a9c <irq_add_tail_to_free_list+0xe8>)
10000a40:	f240 21a6 	movw	r1, #678	@ 0x2a6
10000a44:	4816      	ldr	r0, [pc, #88]	@ (10000aa0 <irq_add_tail_to_free_list+0xec>)
10000a46:	f002 fa09 	bl	10002e5c <__assert_func>
10000a4a:	4b12      	ldr	r3, [pc, #72]	@ (10000a94 <irq_add_tail_to_free_list+0xe0>)
10000a4c:	689b      	ldr	r3, [r3, #8]
10000a4e:	4a16      	ldr	r2, [pc, #88]	@ (10000aa8 <irq_add_tail_to_free_list+0xf4>)
10000a50:	f843 2021 	str.w	r2, [r3, r1, lsl #2]
10000a54:	4b15      	ldr	r3, [pc, #84]	@ (10000aac <irq_add_tail_to_free_list+0xf8>)
10000a56:	781a      	ldrb	r2, [r3, #0]
10000a58:	7182      	strb	r2, [r0, #6]
10000a5a:	f883 c000 	strb.w	ip, [r3]
10000a5e:	2300      	movs	r3, #0
10000a60:	4a0b      	ldr	r2, [pc, #44]	@ (10000a90 <irq_add_tail_to_free_list+0xdc>)
10000a62:	e8c2 3f8f 	stlb	r3, [r2]
10000a66:	f38e 8810 	msr	PRIMASK, lr
10000a6a:	bd38      	pop	{r3, r4, r5, pc}
10000a6c:	4a07      	ldr	r2, [pc, #28]	@ (10000a8c <irq_add_tail_to_free_list+0xd8>)
10000a6e:	eb02 0181 	add.w	r1, r2, r1, lsl #2
10000a72:	24ff      	movs	r4, #255	@ 0xff
10000a74:	718c      	strb	r4, [r1, #6]
10000a76:	f64b 5301 	movw	r3, #48385	@ 0xbd01
10000a7a:	808b      	strh	r3, [r1, #4]
10000a7c:	e7ea      	b.n	10000a54 <irq_add_tail_to_free_list+0xa0>
10000a7e:	4b0c      	ldr	r3, [pc, #48]	@ (10000ab0 <irq_add_tail_to_free_list+0xfc>)
10000a80:	4a06      	ldr	r2, [pc, #24]	@ (10000a9c <irq_add_tail_to_free_list+0xe8>)
10000a82:	f240 21b7 	movw	r1, #695	@ 0x2b7
10000a86:	4806      	ldr	r0, [pc, #24]	@ (10000aa0 <irq_add_tail_to_free_list+0xec>)
10000a88:	f002 f9e8 	bl	10002e5c <__assert_func>
10000a8c:	20000e54 	.word	0x20000e54
10000a90:	20001245 	.word	0x20001245
10000a94:	e000ed00 	.word	0xe000ed00
10000a98:	10006110 	.word	0x10006110
10000a9c:	100067b8 	.word	0x100067b8
10000aa0:	10005f90 	.word	0x10005f90
10000aa4:	10006138 	.word	0x10006138
10000aa8:	10000111 	.word	0x10000111
10000aac:	20001844 	.word	0x20001844
10000ab0:	10006144 	.word	0x10006144

10000ab4 <user_irq_claim_unused>:
10000ab4:	b500      	push	{lr}
10000ab6:	b083      	sub	sp, #12
10000ab8:	4601      	mov	r1, r0
10000aba:	4b06      	ldr	r3, [pc, #24]	@ (10000ad4 <user_irq_claim_unused+0x20>)
10000abc:	9300      	str	r3, [sp, #0]
10000abe:	2305      	movs	r3, #5
10000ac0:	2200      	movs	r2, #0
10000ac2:	4805      	ldr	r0, [pc, #20]	@ (10000ad8 <user_irq_claim_unused+0x24>)
10000ac4:	f7ff fd23 	bl	1000050e <hw_claim_unused_from_range>
10000ac8:	2800      	cmp	r0, #0
10000aca:	db01      	blt.n	10000ad0 <user_irq_claim_unused+0x1c>
10000acc:	f1c0 0033 	rsb	r0, r0, #51	@ 0x33
10000ad0:	b003      	add	sp, #12
10000ad2:	bd00      	pop	{pc}
10000ad4:	1000614c 	.word	0x1000614c
10000ad8:	20001849 	.word	0x20001849

10000adc <lock_init>:
10000adc:	4b01      	ldr	r3, [pc, #4]	@ (10000ae4 <lock_init+0x8>)
10000ade:	440b      	add	r3, r1
10000ae0:	6003      	str	r3, [r0, #0]
10000ae2:	4770      	bx	lr
10000ae4:	2000123c 	.word	0x2000123c

10000ae8 <mutex_init>:
10000ae8:	b510      	push	{r4, lr}
10000aea:	4604      	mov	r4, r0
10000aec:	f7ff fd36 	bl	1000055c <next_striped_spin_lock_num>
10000af0:	4601      	mov	r1, r0
10000af2:	4620      	mov	r0, r4
10000af4:	f7ff fff2 	bl	10000adc <lock_init>
10000af8:	23ff      	movs	r3, #255	@ 0xff
10000afa:	7123      	strb	r3, [r4, #4]
10000afc:	f3bf 8f5f 	dmb	sy
10000b00:	bd10      	pop	{r4, pc}

10000b02 <recursive_mutex_init>:
10000b02:	b510      	push	{r4, lr}
10000b04:	4604      	mov	r4, r0
10000b06:	f7ff fd29 	bl	1000055c <next_striped_spin_lock_num>
10000b0a:	4601      	mov	r1, r0
10000b0c:	4620      	mov	r0, r4
10000b0e:	f7ff ffe5 	bl	10000adc <lock_init>
10000b12:	23ff      	movs	r3, #255	@ 0xff
10000b14:	7123      	strb	r3, [r4, #4]
10000b16:	2300      	movs	r3, #0
10000b18:	7163      	strb	r3, [r4, #5]
10000b1a:	f3bf 8f5f 	dmb	sy
10000b1e:	bd10      	pop	{r4, pc}

10000b20 <runtime_init_mutex>:
10000b20:	b510      	push	{r4, lr}
10000b22:	4c0d      	ldr	r4, [pc, #52]	@ (10000b58 <runtime_init_mutex+0x38>)
10000b24:	e009      	b.n	10000b3a <runtime_init_mutex+0x1a>
10000b26:	4b0d      	ldr	r3, [pc, #52]	@ (10000b5c <runtime_init_mutex+0x3c>)
10000b28:	4a0d      	ldr	r2, [pc, #52]	@ (10000b60 <runtime_init_mutex+0x40>)
10000b2a:	211a      	movs	r1, #26
10000b2c:	480d      	ldr	r0, [pc, #52]	@ (10000b64 <runtime_init_mutex+0x44>)
10000b2e:	f002 f995 	bl	10002e5c <__assert_func>
10000b32:	4620      	mov	r0, r4
10000b34:	f7ff ffd8 	bl	10000ae8 <mutex_init>
10000b38:	3408      	adds	r4, #8
10000b3a:	4b0b      	ldr	r3, [pc, #44]	@ (10000b68 <runtime_init_mutex+0x48>)
10000b3c:	429c      	cmp	r4, r3
10000b3e:	d209      	bcs.n	10000b54 <runtime_init_mutex+0x34>
10000b40:	6823      	ldr	r3, [r4, #0]
10000b42:	2b00      	cmp	r3, #0
10000b44:	d0f5      	beq.n	10000b32 <runtime_init_mutex+0x12>
10000b46:	2b01      	cmp	r3, #1
10000b48:	d1ed      	bne.n	10000b26 <runtime_init_mutex+0x6>
10000b4a:	4620      	mov	r0, r4
10000b4c:	f7ff ffd9 	bl	10000b02 <recursive_mutex_init>
10000b50:	3408      	adds	r4, #8
10000b52:	e7f2      	b.n	10000b3a <runtime_init_mutex+0x1a>
10000b54:	bd10      	pop	{r4, pc}
10000b56:	bf00      	nop
10000b58:	20000f04 	.word	0x20000f04
10000b5c:	10006168 	.word	0x10006168
10000b60:	10006848 	.word	0x10006848
10000b64:	10006188 	.word	0x10006188
10000b68:	20000f0c 	.word	0x20000f0c

10000b6c <critical_section_init_with_lock_num>:
10000b6c:	4b02      	ldr	r3, [pc, #8]	@ (10000b78 <critical_section_init_with_lock_num+0xc>)
10000b6e:	440b      	add	r3, r1
10000b70:	6003      	str	r3, [r0, #0]
10000b72:	f3bf 8f5f 	dmb	sy
10000b76:	4770      	bx	lr
10000b78:	2000123c 	.word	0x2000123c

10000b7c <critical_section_init>:
10000b7c:	b510      	push	{r4, lr}
10000b7e:	4604      	mov	r4, r0
10000b80:	2001      	movs	r0, #1
10000b82:	f7ff fcf9 	bl	10000578 <spin_lock_claim_unused>
10000b86:	4601      	mov	r1, r0
10000b88:	4620      	mov	r0, r4
10000b8a:	f7ff ffef 	bl	10000b6c <critical_section_init_with_lock_num>
10000b8e:	bd10      	pop	{r4, pc}

10000b90 <ta_from_current_irq>:
10000b90:	4602      	mov	r2, r0
10000b92:	f3ef 8305 	mrs	r3, IPSR
10000b96:	b2db      	uxtb	r3, r3
10000b98:	3b10      	subs	r3, #16
10000b9a:	0899      	lsrs	r1, r3, #2
10000b9c:	d004      	beq.n	10000ba8 <ta_from_current_irq+0x18>
10000b9e:	4803      	ldr	r0, [pc, #12]	@ (10000bac <ta_from_current_irq+0x1c>)
10000ba0:	f003 0303 	and.w	r3, r3, #3
10000ba4:	6013      	str	r3, [r2, #0]
10000ba6:	4770      	bx	lr
10000ba8:	4801      	ldr	r0, [pc, #4]	@ (10000bb0 <ta_from_current_irq+0x20>)
10000baa:	e7f9      	b.n	10000ba0 <ta_from_current_irq+0x10>
10000bac:	400b8000 	.word	0x400b8000
10000bb0:	400b0000 	.word	0x400b0000

10000bb4 <ta_set_timeout>:
10000bb4:	b500      	push	{lr}
10000bb6:	f8d0 c028 	ldr.w	ip, [r0, #40]	@ 0x28
10000bba:	eba2 0e0c 	sub.w	lr, r2, ip
10000bbe:	1d0b      	adds	r3, r1, #4
10000bc0:	f850 3023 	ldr.w	r3, [r0, r3, lsl #2]
10000bc4:	eba3 030c 	sub.w	r3, r3, ip
10000bc8:	459e      	cmp	lr, r3
10000bca:	d306      	bcc.n	10000bda <ta_set_timeout+0x26>
10000bcc:	f8d0 c020 	ldr.w	ip, [r0, #32]
10000bd0:	2301      	movs	r3, #1
10000bd2:	408b      	lsls	r3, r1
10000bd4:	ea1c 0f03 	tst.w	ip, r3
10000bd8:	d102      	bne.n	10000be0 <ta_set_timeout+0x2c>
10000bda:	3104      	adds	r1, #4
10000bdc:	f840 2021 	str.w	r2, [r0, r1, lsl #2]
10000be0:	bd00      	pop	{pc}

10000be2 <make_alarm_id>:
10000be2:	ea41 4000 	orr.w	r0, r1, r0, lsl #16
10000be6:	4770      	bx	lr

10000be8 <sleep_until_callback>:
10000be8:	bf40      	sev
10000bea:	2000      	movs	r0, #0
10000bec:	2100      	movs	r1, #0
10000bee:	4770      	bx	lr

10000bf0 <alarm_pool_irq_handler>:
10000bf0:	e92d 4ff0 	stmdb	sp!, {r4, r5, r6, r7, r8, r9, sl, fp, lr}
10000bf4:	b085      	sub	sp, #20
10000bf6:	a803      	add	r0, sp, #12
10000bf8:	f7ff ffca 	bl	10000b90 <ta_from_current_irq>
10000bfc:	4ba0      	ldr	r3, [pc, #640]	@ (10000e80 <alarm_pool_irq_handler+0x290>)
10000bfe:	4298      	cmp	r0, r3
10000c00:	bf14      	ite	ne
10000c02:	2300      	movne	r3, #0
10000c04:	2301      	moveq	r3, #1
10000c06:	9903      	ldr	r1, [sp, #12]
10000c08:	eb01 0383 	add.w	r3, r1, r3, lsl #2
10000c0c:	4a9d      	ldr	r2, [pc, #628]	@ (10000e84 <alarm_pool_irq_handler+0x294>)
10000c0e:	f852 4023 	ldr.w	r4, [r2, r3, lsl #2]
10000c12:	7823      	ldrb	r3, [r4, #0]
10000c14:	4299      	cmp	r1, r3
10000c16:	d106      	bne.n	10000c26 <alarm_pool_irq_handler+0x36>
10000c18:	4605      	mov	r5, r0
10000c1a:	2201      	movs	r2, #1
10000c1c:	408a      	lsls	r2, r1
10000c1e:	f500 5341 	add.w	r3, r0, #12352	@ 0x3040
10000c22:	605a      	str	r2, [r3, #4]
10000c24:	e077      	b.n	10000d16 <alarm_pool_irq_handler+0x126>
10000c26:	4b98      	ldr	r3, [pc, #608]	@ (10000e88 <alarm_pool_irq_handler+0x298>)
10000c28:	4a98      	ldr	r2, [pc, #608]	@ (10000e8c <alarm_pool_irq_handler+0x29c>)
10000c2a:	21b9      	movs	r1, #185	@ 0xb9
10000c2c:	4898      	ldr	r0, [pc, #608]	@ (10000e90 <alarm_pool_irq_handler+0x2a0>)
10000c2e:	f002 f915 	bl	10002e5c <__assert_func>
10000c32:	f8d6 b014 	ldr.w	fp, [r6, #20]
10000c36:	f8db 3010 	ldr.w	r3, [fp, #16]
10000c3a:	4658      	mov	r0, fp
10000c3c:	4798      	blx	r3
10000c3e:	b338      	cbz	r0, 10000c90 <alarm_pool_irq_handler+0xa0>
10000c40:	f8db 3000 	ldr.w	r3, [fp]
10000c44:	9301      	str	r3, [sp, #4]
10000c46:	f8db b004 	ldr.w	fp, [fp, #4]
10000c4a:	e091      	b.n	10000d70 <alarm_pool_irq_handler+0x180>
10000c4c:	4628      	mov	r0, r5
10000c4e:	f000 fbb3 	bl	100013b8 <timer_time_us_64>
10000c52:	9b01      	ldr	r3, [sp, #4]
10000c54:	181a      	adds	r2, r3, r0
10000c56:	eb4b 0901 	adc.w	r9, fp, r1
10000c5a:	e095      	b.n	10000d88 <alarm_pool_irq_handler+0x198>
10000c5c:	469c      	mov	ip, r3
10000c5e:	f93e 6008 	ldrsh.w	r6, [lr, r8]
10000c62:	2e00      	cmp	r6, #0
10000c64:	db0e      	blt.n	10000c84 <alarm_pool_irq_handler+0x94>
10000c66:	f9bc 3000 	ldrsh.w	r3, [ip]
10000c6a:	eb03 0343 	add.w	r3, r3, r3, lsl #1
10000c6e:	ea4f 08c3 	mov.w	r8, r3, lsl #3
10000c72:	eb0e 03c3 	add.w	r3, lr, r3, lsl #3
10000c76:	6898      	ldr	r0, [r3, #8]
10000c78:	68d9      	ldr	r1, [r3, #12]
10000c7a:	1a10      	subs	r0, r2, r0
10000c7c:	eb69 0101 	sbc.w	r1, r9, r1
10000c80:	2900      	cmp	r1, #0
10000c82:	daeb      	bge.n	10000c5c <alarm_pool_irq_handler+0x6c>
10000c84:	9b00      	ldr	r3, [sp, #0]
10000c86:	f82a 6003 	strh.w	r6, [sl, r3]
10000c8a:	f8ac 7000 	strh.w	r7, [ip]
10000c8e:	e01d      	b.n	10000ccc <alarm_pool_irq_handler+0xdc>
10000c90:	9e00      	ldr	r6, [sp, #0]
10000c92:	f93a 3006 	ldrsh.w	r3, [sl, r6]
10000c96:	8123      	strh	r3, [r4, #8]
10000c98:	6923      	ldr	r3, [r4, #16]
10000c9a:	f3ef 8210 	mrs	r2, PRIMASK
10000c9e:	b672      	cpsid	i
10000ca0:	e8d3 0fcf 	ldaexb	r0, [r3]
10000ca4:	2101      	movs	r1, #1
10000ca6:	2800      	cmp	r0, #0
10000ca8:	d1fa      	bne.n	10000ca0 <alarm_pool_irq_handler+0xb0>
10000caa:	e8c3 1f40 	strexb	r0, r1, [r3]
10000cae:	2800      	cmp	r0, #0
10000cb0:	d1f6      	bne.n	10000ca0 <alarm_pool_irq_handler+0xb0>
10000cb2:	f3bf 8f5f 	dmb	sy
10000cb6:	f9b4 3002 	ldrsh.w	r3, [r4, #2]
10000cba:	f82a 3006 	strh.w	r3, [sl, r6]
10000cbe:	8067      	strh	r7, [r4, #2]
10000cc0:	6921      	ldr	r1, [r4, #16]
10000cc2:	2300      	movs	r3, #0
10000cc4:	e8c1 3f8f 	stlb	r3, [r1]
10000cc8:	f382 8810 	msr	PRIMASK, r2
10000ccc:	88a3      	ldrh	r3, [r4, #4]
10000cce:	f413 4f00 	tst.w	r3, #32768	@ 0x8000
10000cd2:	d072      	beq.n	10000dba <alarm_pool_irq_handler+0x1ca>
10000cd4:	f9b4 3008 	ldrsh.w	r3, [r4, #8]
10000cd8:	2b00      	cmp	r3, #0
10000cda:	f2c0 80ba 	blt.w	10000e52 <alarm_pool_irq_handler+0x262>
10000cde:	6962      	ldr	r2, [r4, #20]
10000ce0:	eb03 0343 	add.w	r3, r3, r3, lsl #1
10000ce4:	eb02 03c3 	add.w	r3, r2, r3, lsl #3
10000ce8:	689f      	ldr	r7, [r3, #8]
10000cea:	68de      	ldr	r6, [r3, #12]
10000cec:	463a      	mov	r2, r7
10000cee:	4633      	mov	r3, r6
10000cf0:	9903      	ldr	r1, [sp, #12]
10000cf2:	4628      	mov	r0, r5
10000cf4:	f7ff ff5e 	bl	10000bb4 <ta_set_timeout>
10000cf8:	79a3      	ldrb	r3, [r4, #6]
10000cfa:	2b00      	cmp	r3, #0
10000cfc:	f040 80b9 	bne.w	10000e72 <alarm_pool_irq_handler+0x282>
10000d00:	4628      	mov	r0, r5
10000d02:	f000 fb59 	bl	100013b8 <timer_time_us_64>
10000d06:	1a3f      	subs	r7, r7, r0
10000d08:	eb66 0601 	sbc.w	r6, r6, r1
10000d0c:	2f01      	cmp	r7, #1
10000d0e:	f176 0600 	sbcs.w	r6, r6, #0
10000d12:	f280 80aa 	bge.w	10000e6a <alarm_pool_irq_handler+0x27a>
10000d16:	9a03      	ldr	r2, [sp, #12]
10000d18:	2301      	movs	r3, #1
10000d1a:	4093      	lsls	r3, r2
10000d1c:	63eb      	str	r3, [r5, #60]	@ 0x3c
10000d1e:	f9b4 7008 	ldrsh.w	r7, [r4, #8]
10000d22:	2f00      	cmp	r7, #0
10000d24:	dbd2      	blt.n	10000ccc <alarm_pool_irq_handler+0xdc>
10000d26:	f8d4 a014 	ldr.w	sl, [r4, #20]
10000d2a:	eb07 0647 	add.w	r6, r7, r7, lsl #1
10000d2e:	00f3      	lsls	r3, r6, #3
10000d30:	9300      	str	r3, [sp, #0]
10000d32:	eb0a 06c6 	add.w	r6, sl, r6, lsl #3
10000d36:	f8d6 8008 	ldr.w	r8, [r6, #8]
10000d3a:	f8d6 900c 	ldr.w	r9, [r6, #12]
10000d3e:	4628      	mov	r0, r5
10000d40:	f000 fb3a 	bl	100013b8 <timer_time_us_64>
10000d44:	ebb0 0008 	subs.w	r0, r0, r8
10000d48:	eb61 0309 	sbc.w	r3, r1, r9
10000d4c:	2b00      	cmp	r3, #0
10000d4e:	dbbd      	blt.n	10000ccc <alarm_pool_irq_handler+0xdc>
10000d50:	f8d6 b010 	ldr.w	fp, [r6, #16]
10000d54:	f1bb 0f02 	cmp.w	fp, #2
10000d58:	f43f af6b 	beq.w	10000c32 <alarm_pool_irq_handler+0x42>
10000d5c:	8871      	ldrh	r1, [r6, #2]
10000d5e:	b289      	uxth	r1, r1
10000d60:	f9b4 0008 	ldrsh.w	r0, [r4, #8]
10000d64:	f7ff ff3d 	bl	10000be2 <make_alarm_id>
10000d68:	6971      	ldr	r1, [r6, #20]
10000d6a:	47d8      	blx	fp
10000d6c:	9001      	str	r0, [sp, #4]
10000d6e:	468b      	mov	fp, r1
10000d70:	9a01      	ldr	r2, [sp, #4]
10000d72:	ea52 030b 	orrs.w	r3, r2, fp
10000d76:	d08b      	beq.n	10000c90 <alarm_pool_irq_handler+0xa0>
10000d78:	f1bb 0f00 	cmp.w	fp, #0
10000d7c:	f6bf af66 	bge.w	10000c4c <alarm_pool_irq_handler+0x5c>
10000d80:	ebb8 0202 	subs.w	r2, r8, r2
10000d84:	eb69 090b 	sbc.w	r9, r9, fp
10000d88:	60b2      	str	r2, [r6, #8]
10000d8a:	f8c6 900c 	str.w	r9, [r6, #12]
10000d8e:	9b00      	ldr	r3, [sp, #0]
10000d90:	f93a 6003 	ldrsh.w	r6, [sl, r3]
10000d94:	2e00      	cmp	r6, #0
10000d96:	db99      	blt.n	10000ccc <alarm_pool_irq_handler+0xdc>
10000d98:	f8d4 e014 	ldr.w	lr, [r4, #20]
10000d9c:	eb06 0346 	add.w	r3, r6, r6, lsl #1
10000da0:	eb0e 03c3 	add.w	r3, lr, r3, lsl #3
10000da4:	6899      	ldr	r1, [r3, #8]
10000da6:	68db      	ldr	r3, [r3, #12]
10000da8:	1a51      	subs	r1, r2, r1
10000daa:	eb69 0303 	sbc.w	r3, r9, r3
10000dae:	2b00      	cmp	r3, #0
10000db0:	db8c      	blt.n	10000ccc <alarm_pool_irq_handler+0xdc>
10000db2:	46a4      	mov	ip, r4
10000db4:	f82c 6f08 	strh.w	r6, [ip, #8]!
10000db8:	e753      	b.n	10000c62 <alarm_pool_irq_handler+0x72>
10000dba:	6923      	ldr	r3, [r4, #16]
10000dbc:	f3ef 8210 	mrs	r2, PRIMASK
10000dc0:	b672      	cpsid	i
10000dc2:	e8d3 0fcf 	ldaexb	r0, [r3]
10000dc6:	2101      	movs	r1, #1
10000dc8:	2800      	cmp	r0, #0
10000dca:	d1fa      	bne.n	10000dc2 <alarm_pool_irq_handler+0x1d2>
10000dcc:	e8c3 1f40 	strexb	r0, r1, [r3]
10000dd0:	2800      	cmp	r0, #0
10000dd2:	d1f6      	bne.n	10000dc2 <alarm_pool_irq_handler+0x1d2>
10000dd4:	f3bf 8f5f 	dmb	sy
10000dd8:	f8b4 8004 	ldrh.w	r8, [r4, #4]
10000ddc:	fa0f f888 	sxth.w	r8, r8
10000de0:	f64f 73ff 	movw	r3, #65535	@ 0xffff
10000de4:	80a3      	strh	r3, [r4, #4]
10000de6:	6921      	ldr	r1, [r4, #16]
10000de8:	2300      	movs	r3, #0
10000dea:	e8c1 3f8f 	stlb	r3, [r1]
10000dee:	f382 8810 	msr	PRIMASK, r2
10000df2:	e01a      	b.n	10000e2a <alarm_pool_irq_handler+0x23a>
10000df4:	461f      	mov	r7, r3
10000df6:	f930 600a 	ldrsh.w	r6, [r0, sl]
10000dfa:	2e00      	cmp	r6, #0
10000dfc:	db0f      	blt.n	10000e1e <alarm_pool_irq_handler+0x22e>
10000dfe:	f9b7 3000 	ldrsh.w	r3, [r7]
10000e02:	eb03 0343 	add.w	r3, r3, r3, lsl #1
10000e06:	ea4f 0ac3 	mov.w	sl, r3, lsl #3
10000e0a:	eb00 03c3 	add.w	r3, r0, r3, lsl #3
10000e0e:	6899      	ldr	r1, [r3, #8]
10000e10:	68da      	ldr	r2, [r3, #12]
10000e12:	ebbc 0101 	subs.w	r1, ip, r1
10000e16:	eb6e 0202 	sbc.w	r2, lr, r2
10000e1a:	2a00      	cmp	r2, #0
10000e1c:	daea      	bge.n	10000df4 <alarm_pool_irq_handler+0x204>
10000e1e:	f8a7 8000 	strh.w	r8, [r7]
10000e22:	f930 8009 	ldrsh.w	r8, [r0, r9]
10000e26:	f820 6009 	strh.w	r6, [r0, r9]
10000e2a:	f1b8 0f00 	cmp.w	r8, #0
10000e2e:	f6ff af51 	blt.w	10000cd4 <alarm_pool_irq_handler+0xe4>
10000e32:	6960      	ldr	r0, [r4, #20]
10000e34:	eb08 0348 	add.w	r3, r8, r8, lsl #1
10000e38:	ea4f 09c3 	mov.w	r9, r3, lsl #3
10000e3c:	eb00 03c3 	add.w	r3, r0, r3, lsl #3
10000e40:	f8d3 c008 	ldr.w	ip, [r3, #8]
10000e44:	f8d3 e00c 	ldr.w	lr, [r3, #12]
10000e48:	f104 0708 	add.w	r7, r4, #8
10000e4c:	f9b4 6008 	ldrsh.w	r6, [r4, #8]
10000e50:	e7d3      	b.n	10000dfa <alarm_pool_irq_handler+0x20a>
10000e52:	9c03      	ldr	r4, [sp, #12]
10000e54:	4628      	mov	r0, r5
10000e56:	f000 faaf 	bl	100013b8 <timer_time_us_64>
10000e5a:	f110 4200 	adds.w	r2, r0, #2147483648	@ 0x80000000
10000e5e:	f141 0300 	adc.w	r3, r1, #0
10000e62:	4621      	mov	r1, r4
10000e64:	4628      	mov	r0, r5
10000e66:	f7ff fea5 	bl	10000bb4 <ta_set_timeout>
10000e6a:	bf40      	sev
10000e6c:	b005      	add	sp, #20
10000e6e:	e8bd 8ff0 	ldmia.w	sp!, {r4, r5, r6, r7, r8, r9, sl, fp, pc}
10000e72:	2300      	movs	r3, #0
10000e74:	71a3      	strb	r3, [r4, #6]
10000e76:	f104 0808 	add.w	r8, r4, #8
10000e7a:	f9b4 3008 	ldrsh.w	r3, [r4, #8]
10000e7e:	e00b      	b.n	10000e98 <alarm_pool_irq_handler+0x2a8>
10000e80:	400b8000 	.word	0x400b8000
10000e84:	20001800 	.word	0x20001800
10000e88:	1000621c 	.word	0x1000621c
10000e8c:	10006874 	.word	0x10006874
10000e90:	10006248 	.word	0x10006248
10000e94:	4680      	mov	r8, r0
10000e96:	4613      	mov	r3, r2
10000e98:	f1b3 3fff 	cmp.w	r3, #4294967295	@ 0xffffffff
10000e9c:	f43f af30 	beq.w	10000d00 <alarm_pool_irq_handler+0x110>
10000ea0:	6961      	ldr	r1, [r4, #20]
10000ea2:	eb03 0243 	add.w	r2, r3, r3, lsl #1
10000ea6:	ea4f 0ec2 	mov.w	lr, r2, lsl #3
10000eaa:	eb01 00c2 	add.w	r0, r1, r2, lsl #3
10000eae:	f931 2032 	ldrsh.w	r2, [r1, r2, lsl #3]
10000eb2:	f8b0 c002 	ldrh.w	ip, [r0, #2]
10000eb6:	f41c 4f00 	tst.w	ip, #32768	@ 0x8000
10000eba:	d0eb      	beq.n	10000e94 <alarm_pool_irq_handler+0x2a4>
10000ebc:	f8a8 2000 	strh.w	r2, [r8]
10000ec0:	6920      	ldr	r0, [r4, #16]
10000ec2:	f3ef 8c10 	mrs	ip, PRIMASK
10000ec6:	b672      	cpsid	i
10000ec8:	e8d0 afcf 	ldaexb	sl, [r0]
10000ecc:	f05f 0901 	movs.w	r9, #1
10000ed0:	f1ba 0f00 	cmp.w	sl, #0
10000ed4:	d1f8      	bne.n	10000ec8 <alarm_pool_irq_handler+0x2d8>
10000ed6:	e8c0 9f4a 	strexb	sl, r9, [r0]
10000eda:	f1ba 0f00 	cmp.w	sl, #0
10000ede:	d1f3      	bne.n	10000ec8 <alarm_pool_irq_handler+0x2d8>
10000ee0:	f3bf 8f5f 	dmb	sy
10000ee4:	f9b4 0002 	ldrsh.w	r0, [r4, #2]
10000ee8:	f821 000e 	strh.w	r0, [r1, lr]
10000eec:	8063      	strh	r3, [r4, #2]
10000eee:	6921      	ldr	r1, [r4, #16]
10000ef0:	2300      	movs	r3, #0
10000ef2:	e8c1 3f8f 	stlb	r3, [r1]
10000ef6:	f38c 8810 	msr	PRIMASK, ip
10000efa:	e7cc      	b.n	10000e96 <alarm_pool_irq_handler+0x2a6>

10000efc <ta_enable_irq_handler>:
10000efc:	b5f8      	push	{r3, r4, r5, r6, r7, lr}
10000efe:	4604      	mov	r4, r0
10000f00:	460d      	mov	r5, r1
10000f02:	4611      	mov	r1, r2
10000f04:	4b0a      	ldr	r3, [pc, #40]	@ (10000f30 <ta_enable_irq_handler+0x34>)
10000f06:	4298      	cmp	r0, r3
10000f08:	d010      	beq.n	10000f2c <ta_enable_irq_handler+0x30>
10000f0a:	2600      	movs	r6, #0
10000f0c:	442e      	add	r6, r5
10000f0e:	2701      	movs	r7, #1
10000f10:	fa07 f505 	lsl.w	r5, r7, r5
10000f14:	6225      	str	r5, [r4, #32]
10000f16:	4630      	mov	r0, r6
10000f18:	f7ff fc00 	bl	1000071c <irq_set_exclusive_handler>
10000f1c:	4639      	mov	r1, r7
10000f1e:	4630      	mov	r0, r6
10000f20:	f7ff fbd2 	bl	100006c8 <irq_set_enabled>
10000f24:	f504 5401 	add.w	r4, r4, #8256	@ 0x2040
10000f28:	6025      	str	r5, [r4, #0]
10000f2a:	bdf8      	pop	{r3, r4, r5, r6, r7, pc}
10000f2c:	2604      	movs	r6, #4
10000f2e:	e7ed      	b.n	10000f0c <ta_enable_irq_handler+0x10>
10000f30:	400b8000 	.word	0x400b8000

10000f34 <alarm_pool_post_alloc_init>:
10000f34:	b5f8      	push	{r3, r4, r5, r6, r7, lr}
10000f36:	4604      	mov	r4, r0
10000f38:	460e      	mov	r6, r1
10000f3a:	4617      	mov	r7, r2
10000f3c:	461d      	mov	r5, r3
10000f3e:	60c1      	str	r1, [r0, #12]
10000f40:	f7ff fb0c 	bl	1000055c <next_striped_spin_lock_num>
10000f44:	4b16      	ldr	r3, [pc, #88]	@ (10000fa0 <alarm_pool_post_alloc_init+0x6c>)
10000f46:	4403      	add	r3, r0
10000f48:	6123      	str	r3, [r4, #16]
10000f4a:	7027      	strb	r7, [r4, #0]
10000f4c:	b2ab      	uxth	r3, r5
10000f4e:	8163      	strh	r3, [r4, #10]
10000f50:	f04f 4250 	mov.w	r2, #3489660928	@ 0xd0000000
10000f54:	7812      	ldrb	r2, [r2, #0]
10000f56:	7062      	strb	r2, [r4, #1]
10000f58:	f64f 72ff 	movw	r2, #65535	@ 0xffff
10000f5c:	8122      	strh	r2, [r4, #8]
10000f5e:	80a2      	strh	r2, [r4, #4]
10000f60:	3b01      	subs	r3, #1
10000f62:	8063      	strh	r3, [r4, #2]
10000f64:	f04f 0c00 	mov.w	ip, #0
10000f68:	e008      	b.n	10000f7c <alarm_pool_post_alloc_init+0x48>
10000f6a:	f10c 30ff 	add.w	r0, ip, #4294967295	@ 0xffffffff
10000f6e:	eb0c 0e4c 	add.w	lr, ip, ip, lsl #1
10000f72:	6963      	ldr	r3, [r4, #20]
10000f74:	f823 003e 	strh.w	r0, [r3, lr, lsl #3]
10000f78:	f10c 0c01 	add.w	ip, ip, #1
10000f7c:	45ac      	cmp	ip, r5
10000f7e:	d3f4      	bcc.n	10000f6a <alarm_pool_post_alloc_init+0x36>
10000f80:	4b08      	ldr	r3, [pc, #32]	@ (10000fa4 <alarm_pool_post_alloc_init+0x70>)
10000f82:	429e      	cmp	r6, r3
10000f84:	bf14      	ite	ne
10000f86:	2300      	movne	r3, #0
10000f88:	2301      	moveq	r3, #1
10000f8a:	eb07 0383 	add.w	r3, r7, r3, lsl #2
10000f8e:	4a06      	ldr	r2, [pc, #24]	@ (10000fa8 <alarm_pool_post_alloc_init+0x74>)
10000f90:	f842 4023 	str.w	r4, [r2, r3, lsl #2]
10000f94:	4a05      	ldr	r2, [pc, #20]	@ (10000fac <alarm_pool_post_alloc_init+0x78>)
10000f96:	4639      	mov	r1, r7
10000f98:	4630      	mov	r0, r6
10000f9a:	f7ff ffaf 	bl	10000efc <ta_enable_irq_handler>
10000f9e:	bdf8      	pop	{r3, r4, r5, r6, r7, pc}
10000fa0:	2000123c 	.word	0x2000123c
10000fa4:	400b8000 	.word	0x400b8000
10000fa8:	20001800 	.word	0x20001800
10000fac:	10000bf1 	.word	0x10000bf1

10000fb0 <alarm_pool_get_default>:
10000fb0:	b508      	push	{r3, lr}
10000fb2:	4b05      	ldr	r3, [pc, #20]	@ (10000fc8 <alarm_pool_get_default+0x18>)
10000fb4:	691b      	ldr	r3, [r3, #16]
10000fb6:	b10b      	cbz	r3, 10000fbc <alarm_pool_get_default+0xc>
10000fb8:	4803      	ldr	r0, [pc, #12]	@ (10000fc8 <alarm_pool_get_default+0x18>)
10000fba:	bd08      	pop	{r3, pc}
10000fbc:	4b03      	ldr	r3, [pc, #12]	@ (10000fcc <alarm_pool_get_default+0x1c>)
10000fbe:	4a04      	ldr	r2, [pc, #16]	@ (10000fd0 <alarm_pool_get_default+0x20>)
10000fc0:	2172      	movs	r1, #114	@ 0x72
10000fc2:	4804      	ldr	r0, [pc, #16]	@ (10000fd4 <alarm_pool_get_default+0x24>)
10000fc4:	f001 ff4a 	bl	10002e5c <__assert_func>
10000fc8:	20000eb4 	.word	0x20000eb4
10000fcc:	10006284 	.word	0x10006284
10000fd0:	1000685c 	.word	0x1000685c
10000fd4:	10006248 	.word	0x10006248

10000fd8 <alarm_pool_add_alarm_at_force_in_context>:
10000fd8:	b5f8      	push	{r3, r4, r5, r6, r7, lr}
10000fda:	4604      	mov	r4, r0
10000fdc:	469e      	mov	lr, r3
10000fde:	6900      	ldr	r0, [r0, #16]
10000fe0:	f3ef 8110 	mrs	r1, PRIMASK
10000fe4:	b672      	cpsid	i
10000fe6:	e8d0 6fcf 	ldaexb	r6, [r0]
10000fea:	2501      	movs	r5, #1
10000fec:	2e00      	cmp	r6, #0
10000fee:	d1fa      	bne.n	10000fe6 <alarm_pool_add_alarm_at_force_in_context+0xe>
10000ff0:	e8c0 5f46 	strexb	r6, r5, [r0]
10000ff4:	2e00      	cmp	r6, #0
10000ff6:	d1f6      	bne.n	10000fe6 <alarm_pool_add_alarm_at_force_in_context+0xe>
10000ff8:	f3bf 8f5f 	dmb	sy
10000ffc:	f9b4 5002 	ldrsh.w	r5, [r4, #2]
10001000:	6966      	ldr	r6, [r4, #20]
10001002:	eb05 0045 	add.w	r0, r5, r5, lsl #1
10001006:	00c7      	lsls	r7, r0, #3
10001008:	eb06 00c0 	add.w	r0, r6, r0, lsl #3
1000100c:	2d00      	cmp	r5, #0
1000100e:	db03      	blt.n	10001018 <alarm_pool_add_alarm_at_force_in_context+0x40>
10001010:	f936 c007 	ldrsh.w	ip, [r6, r7]
10001014:	f8a4 c002 	strh.w	ip, [r4, #2]
10001018:	f04f 0c00 	mov.w	ip, #0
1000101c:	6923      	ldr	r3, [r4, #16]
1000101e:	e8c3 cf8f 	stlb	ip, [r3]
10001022:	f381 8810 	msr	PRIMASK, r1
10001026:	4565      	cmp	r5, ip
10001028:	db33      	blt.n	10001092 <alarm_pool_add_alarm_at_force_in_context+0xba>
1000102a:	9906      	ldr	r1, [sp, #24]
1000102c:	6101      	str	r1, [r0, #16]
1000102e:	9907      	ldr	r1, [sp, #28]
10001030:	6141      	str	r1, [r0, #20]
10001032:	6082      	str	r2, [r0, #8]
10001034:	f8c0 e00c 	str.w	lr, [r0, #12]
10001038:	8841      	ldrh	r1, [r0, #2]
1000103a:	b289      	uxth	r1, r1
1000103c:	3101      	adds	r1, #1
1000103e:	f3c1 010e 	ubfx	r1, r1, #0, #15
10001042:	b901      	cbnz	r1, 10001046 <alarm_pool_add_alarm_at_force_in_context+0x6e>
10001044:	2101      	movs	r1, #1
10001046:	8041      	strh	r1, [r0, #2]
10001048:	4628      	mov	r0, r5
1000104a:	f7ff fdca 	bl	10000be2 <make_alarm_id>
1000104e:	6923      	ldr	r3, [r4, #16]
10001050:	f3ef 8210 	mrs	r2, PRIMASK
10001054:	b672      	cpsid	i
10001056:	e8d3 cfcf 	ldaexb	ip, [r3]
1000105a:	2101      	movs	r1, #1
1000105c:	f1bc 0f00 	cmp.w	ip, #0
10001060:	d1f9      	bne.n	10001056 <alarm_pool_add_alarm_at_force_in_context+0x7e>
10001062:	e8c3 1f4c 	strexb	ip, r1, [r3]
10001066:	f1bc 0f00 	cmp.w	ip, #0
1000106a:	d1f4      	bne.n	10001056 <alarm_pool_add_alarm_at_force_in_context+0x7e>
1000106c:	f3bf 8f5f 	dmb	sy
10001070:	88a3      	ldrh	r3, [r4, #4]
10001072:	53f3      	strh	r3, [r6, r7]
10001074:	80a5      	strh	r5, [r4, #4]
10001076:	6921      	ldr	r1, [r4, #16]
10001078:	2300      	movs	r3, #0
1000107a:	e8c1 3f8f 	stlb	r3, [r1]
1000107e:	f382 8810 	msr	PRIMASK, r2
10001082:	68e3      	ldr	r3, [r4, #12]
10001084:	7821      	ldrb	r1, [r4, #0]
10001086:	2201      	movs	r2, #1
10001088:	408a      	lsls	r2, r1
1000108a:	f503 5301 	add.w	r3, r3, #8256	@ 0x2040
1000108e:	605a      	str	r2, [r3, #4]
10001090:	bdf8      	pop	{r3, r4, r5, r6, r7, pc}
10001092:	f04f 30ff 	mov.w	r0, #4294967295	@ 0xffffffff
10001096:	e7fb      	b.n	10001090 <alarm_pool_add_alarm_at_force_in_context+0xb8>

10001098 <alarm_pool_add_alarm_at>:
10001098:	b570      	push	{r4, r5, r6, lr}
1000109a:	b082      	sub	sp, #8
1000109c:	4606      	mov	r6, r0
1000109e:	4615      	mov	r5, r2
100010a0:	461c      	mov	r4, r3
100010a2:	f89d 3020 	ldrb.w	r3, [sp, #32]
100010a6:	b933      	cbnz	r3, 100010b6 <alarm_pool_add_alarm_at+0x1e>
100010a8:	f000 f99c 	bl	100013e4 <time_us_64>
100010ac:	4285      	cmp	r5, r0
100010ae:	eb64 0101 	sbc.w	r1, r4, r1
100010b2:	2900      	cmp	r1, #0
100010b4:	db0a      	blt.n	100010cc <alarm_pool_add_alarm_at+0x34>
100010b6:	9b07      	ldr	r3, [sp, #28]
100010b8:	9301      	str	r3, [sp, #4]
100010ba:	9b06      	ldr	r3, [sp, #24]
100010bc:	9300      	str	r3, [sp, #0]
100010be:	462a      	mov	r2, r5
100010c0:	4623      	mov	r3, r4
100010c2:	4630      	mov	r0, r6
100010c4:	f7ff ff88 	bl	10000fd8 <alarm_pool_add_alarm_at_force_in_context>
100010c8:	b002      	add	sp, #8
100010ca:	bd70      	pop	{r4, r5, r6, pc}
100010cc:	2000      	movs	r0, #0
100010ce:	e7fb      	b.n	100010c8 <alarm_pool_add_alarm_at+0x30>

100010d0 <add_alarm_at>:
100010d0:	b5f0      	push	{r4, r5, r6, r7, lr}
100010d2:	b085      	sub	sp, #20
100010d4:	4607      	mov	r7, r0
100010d6:	460e      	mov	r6, r1
100010d8:	4615      	mov	r5, r2
100010da:	461c      	mov	r4, r3
100010dc:	f7ff ff68 	bl	10000fb0 <alarm_pool_get_default>
100010e0:	f89d 3028 	ldrb.w	r3, [sp, #40]	@ 0x28
100010e4:	9302      	str	r3, [sp, #8]
100010e6:	9401      	str	r4, [sp, #4]
100010e8:	9500      	str	r5, [sp, #0]
100010ea:	463a      	mov	r2, r7
100010ec:	4633      	mov	r3, r6
100010ee:	f7ff ffd3 	bl	10001098 <alarm_pool_add_alarm_at>
100010f2:	b005      	add	sp, #20
100010f4:	bdf0      	pop	{r4, r5, r6, r7, pc}

100010f6 <alarm_pool_cancel_alarm>:
100010f6:	4603      	mov	r3, r0
100010f8:	8940      	ldrh	r0, [r0, #10]
100010fa:	ebb0 4f21 	cmp.w	r0, r1, asr #16
100010fe:	dd31      	ble.n	10001164 <alarm_pool_cancel_alarm+0x6e>
10001100:	b510      	push	{r4, lr}
10001102:	140a      	asrs	r2, r1, #16
10001104:	6958      	ldr	r0, [r3, #20]
10001106:	eb02 0242 	add.w	r2, r2, r2, lsl #1
1000110a:	eb00 00c2 	add.w	r0, r0, r2, lsl #3
1000110e:	691a      	ldr	r2, [r3, #16]
10001110:	f3ef 8c10 	mrs	ip, PRIMASK
10001114:	b672      	cpsid	i
10001116:	e8d2 4fcf 	ldaexb	r4, [r2]
1000111a:	f05f 0e01 	movs.w	lr, #1
1000111e:	2c00      	cmp	r4, #0
10001120:	d1f9      	bne.n	10001116 <alarm_pool_cancel_alarm+0x20>
10001122:	e8c2 ef44 	strexb	r4, lr, [r2]
10001126:	2c00      	cmp	r4, #0
10001128:	d1f5      	bne.n	10001116 <alarm_pool_cancel_alarm+0x20>
1000112a:	f3bf 8f5f 	dmb	sy
1000112e:	8842      	ldrh	r2, [r0, #2]
10001130:	b292      	uxth	r2, r2
10001132:	b289      	uxth	r1, r1
10001134:	428a      	cmp	r2, r1
10001136:	d00f      	beq.n	10001158 <alarm_pool_cancel_alarm+0x62>
10001138:	2000      	movs	r0, #0
1000113a:	6919      	ldr	r1, [r3, #16]
1000113c:	2200      	movs	r2, #0
1000113e:	e8c1 2f8f 	stlb	r2, [r1]
10001142:	f38c 8810 	msr	PRIMASK, ip
10001146:	b130      	cbz	r0, 10001156 <alarm_pool_cancel_alarm+0x60>
10001148:	68da      	ldr	r2, [r3, #12]
1000114a:	781b      	ldrb	r3, [r3, #0]
1000114c:	2101      	movs	r1, #1
1000114e:	4099      	lsls	r1, r3
10001150:	f502 5301 	add.w	r3, r2, #8256	@ 0x2040
10001154:	6059      	str	r1, [r3, #4]
10001156:	bd10      	pop	{r4, pc}
10001158:	f442 4200 	orr.w	r2, r2, #32768	@ 0x8000
1000115c:	8042      	strh	r2, [r0, #2]
1000115e:	2001      	movs	r0, #1
10001160:	7198      	strb	r0, [r3, #6]
10001162:	e7ea      	b.n	1000113a <alarm_pool_cancel_alarm+0x44>
10001164:	2000      	movs	r0, #0
10001166:	4770      	bx	lr

10001168 <cancel_alarm>:
10001168:	b510      	push	{r4, lr}
1000116a:	4604      	mov	r4, r0
1000116c:	f7ff ff20 	bl	10000fb0 <alarm_pool_get_default>
10001170:	4621      	mov	r1, r4
10001172:	f7ff ffc0 	bl	100010f6 <alarm_pool_cancel_alarm>
10001176:	bd10      	pop	{r4, pc}

10001178 <alarm_pool_core_num>:
10001178:	7840      	ldrb	r0, [r0, #1]
1000117a:	4770      	bx	lr

1000117c <sleep_until>:
1000117c:	b5f0      	push	{r4, r5, r6, r7, lr}
1000117e:	b083      	sub	sp, #12
10001180:	f3ef 8305 	mrs	r3, IPSR
10001184:	b2db      	uxtb	r3, r3
10001186:	b9cb      	cbnz	r3, 100011bc <sleep_until+0x40>
10001188:	4604      	mov	r4, r0
1000118a:	460d      	mov	r5, r1
1000118c:	1f86      	subs	r6, r0, #6
1000118e:	f141 37ff 	adc.w	r7, r1, #4294967295	@ 0xffffffff
10001192:	42b0      	cmp	r0, r6
10001194:	eb71 0307 	sbcs.w	r3, r1, r7
10001198:	d201      	bcs.n	1000119e <sleep_until+0x22>
1000119a:	2600      	movs	r6, #0
1000119c:	4637      	mov	r7, r6
1000119e:	f000 f921 	bl	100013e4 <time_us_64>
100011a2:	1a30      	subs	r0, r6, r0
100011a4:	eb67 0301 	sbc.w	r3, r7, r1
100011a8:	2801      	cmp	r0, #1
100011aa:	f173 0300 	sbcs.w	r3, r3, #0
100011ae:	da08      	bge.n	100011c2 <sleep_until+0x46>
100011b0:	4620      	mov	r0, r4
100011b2:	4629      	mov	r1, r5
100011b4:	f000 f91e 	bl	100013f4 <busy_wait_until>
100011b8:	b003      	add	sp, #12
100011ba:	bdf0      	pop	{r4, r5, r6, r7, pc}
100011bc:	480c      	ldr	r0, [pc, #48]	@ (100011f0 <sleep_until+0x74>)
100011be:	f7ff f959 	bl	10000474 <panic>
100011c2:	2300      	movs	r3, #0
100011c4:	9300      	str	r3, [sp, #0]
100011c6:	4a0b      	ldr	r2, [pc, #44]	@ (100011f4 <sleep_until+0x78>)
100011c8:	4630      	mov	r0, r6
100011ca:	4639      	mov	r1, r7
100011cc:	f7ff ff80 	bl	100010d0 <add_alarm_at>
100011d0:	2800      	cmp	r0, #0
100011d2:	da01      	bge.n	100011d8 <sleep_until+0x5c>
100011d4:	e7ec      	b.n	100011b0 <sleep_until+0x34>
100011d6:	bf20      	wfe
100011d8:	4b07      	ldr	r3, [pc, #28]	@ (100011f8 <sleep_until+0x7c>)
100011da:	6a5b      	ldr	r3, [r3, #36]	@ 0x24
100011dc:	429f      	cmp	r7, r3
100011de:	d8fa      	bhi.n	100011d6 <sleep_until+0x5a>
100011e0:	4a05      	ldr	r2, [pc, #20]	@ (100011f8 <sleep_until+0x7c>)
100011e2:	6a92      	ldr	r2, [r2, #40]	@ 0x28
100011e4:	42b2      	cmp	r2, r6
100011e6:	d2e3      	bcs.n	100011b0 <sleep_until+0x34>
100011e8:	429f      	cmp	r7, r3
100011ea:	d1e1      	bne.n	100011b0 <sleep_until+0x34>
100011ec:	e7f3      	b.n	100011d6 <sleep_until+0x5a>
100011ee:	bf00      	nop
100011f0:	100062a8 	.word	0x100062a8
100011f4:	10000be9 	.word	0x10000be9
100011f8:	400b0000 	.word	0x400b0000

100011fc <sleep_us>:
100011fc:	b538      	push	{r3, r4, r5, lr}
100011fe:	4605      	mov	r5, r0
10001200:	460c      	mov	r4, r1
10001202:	f000 f8ef 	bl	100013e4 <time_us_64>
10001206:	1828      	adds	r0, r5, r0
10001208:	eb44 0101 	adc.w	r1, r4, r1
1000120c:	2900      	cmp	r1, #0
1000120e:	db02      	blt.n	10001216 <sleep_us+0x1a>
10001210:	f7ff ffb4 	bl	1000117c <sleep_until>
10001214:	bd38      	pop	{r3, r4, r5, pc}
10001216:	f04f 30ff 	mov.w	r0, #4294967295	@ 0xffffffff
1000121a:	f06f 4100 	mvn.w	r1, #2147483648	@ 0x80000000
1000121e:	e7f7      	b.n	10001210 <sleep_us+0x14>

10001220 <sleep_ms>:
10001220:	b508      	push	{r3, lr}
10001222:	0ec3      	lsrs	r3, r0, #27
10001224:	0141      	lsls	r1, r0, #5
10001226:	1a09      	subs	r1, r1, r0
10001228:	f163 0300 	sbc.w	r3, r3, #0
1000122c:	009b      	lsls	r3, r3, #2
1000122e:	ea43 7391 	orr.w	r3, r3, r1, lsr #30
10001232:	0089      	lsls	r1, r1, #2
10001234:	1809      	adds	r1, r1, r0
10001236:	f143 0300 	adc.w	r3, r3, #0
1000123a:	00db      	lsls	r3, r3, #3
1000123c:	00c8      	lsls	r0, r1, #3
1000123e:	ea43 7151 	orr.w	r1, r3, r1, lsr #29
10001242:	f7ff ffdb 	bl	100011fc <sleep_us>
10001246:	bd08      	pop	{r3, pc}

10001248 <best_effort_wfe_or_timeout>:
10001248:	b5f0      	push	{r4, r5, r6, r7, lr}
1000124a:	b083      	sub	sp, #12
1000124c:	460c      	mov	r4, r1
1000124e:	f3ef 8305 	mrs	r3, IPSR
10001252:	b2db      	uxtb	r3, r3
10001254:	b193      	cbz	r3, 1000127c <best_effort_wfe_or_timeout+0x34>
10001256:	4b41      	ldr	r3, [pc, #260]	@ (1000135c <best_effort_wfe_or_timeout+0x114>)
10001258:	6a5b      	ldr	r3, [r3, #36]	@ 0x24
1000125a:	428b      	cmp	r3, r1
1000125c:	d309      	bcc.n	10001272 <best_effort_wfe_or_timeout+0x2a>
1000125e:	4a3f      	ldr	r2, [pc, #252]	@ (1000135c <best_effort_wfe_or_timeout+0x114>)
10001260:	6a92      	ldr	r2, [r2, #40]	@ 0x28
10001262:	4282      	cmp	r2, r0
10001264:	d208      	bcs.n	10001278 <best_effort_wfe_or_timeout+0x30>
10001266:	42a3      	cmp	r3, r4
10001268:	d001      	beq.n	1000126e <best_effort_wfe_or_timeout+0x26>
1000126a:	2001      	movs	r0, #1
1000126c:	e002      	b.n	10001274 <best_effort_wfe_or_timeout+0x2c>
1000126e:	2000      	movs	r0, #0
10001270:	e000      	b.n	10001274 <best_effort_wfe_or_timeout+0x2c>
10001272:	2000      	movs	r0, #0
10001274:	b003      	add	sp, #12
10001276:	bdf0      	pop	{r4, r5, r6, r7, pc}
10001278:	2001      	movs	r0, #1
1000127a:	e7fb      	b.n	10001274 <best_effort_wfe_or_timeout+0x2c>
1000127c:	4605      	mov	r5, r0
1000127e:	f7ff fe97 	bl	10000fb0 <alarm_pool_get_default>
10001282:	68c3      	ldr	r3, [r0, #12]
10001284:	461f      	mov	r7, r3
10001286:	7806      	ldrb	r6, [r0, #0]
10001288:	4618      	mov	r0, r3
1000128a:	f000 f895 	bl	100013b8 <timer_time_us_64>
1000128e:	1a2a      	subs	r2, r5, r0
10001290:	eb64 0101 	sbc.w	r1, r4, r1
10001294:	1d33      	adds	r3, r6, #4
10001296:	f857 3023 	ldr.w	r3, [r7, r3, lsl #2]
1000129a:	1a1b      	subs	r3, r3, r0
1000129c:	429a      	cmp	r2, r3
1000129e:	f171 0100 	sbcs.w	r1, r1, #0
100012a2:	db1e      	blt.n	100012e2 <best_effort_wfe_or_timeout+0x9a>
100012a4:	4b2d      	ldr	r3, [pc, #180]	@ (1000135c <best_effort_wfe_or_timeout+0x114>)
100012a6:	6a5b      	ldr	r3, [r3, #36]	@ 0x24
100012a8:	429c      	cmp	r4, r3
100012aa:	d807      	bhi.n	100012bc <best_effort_wfe_or_timeout+0x74>
100012ac:	4a2b      	ldr	r2, [pc, #172]	@ (1000135c <best_effort_wfe_or_timeout+0x114>)
100012ae:	6a92      	ldr	r2, [r2, #40]	@ 0x28
100012b0:	42aa      	cmp	r2, r5
100012b2:	d250      	bcs.n	10001356 <best_effort_wfe_or_timeout+0x10e>
100012b4:	429c      	cmp	r4, r3
100012b6:	d001      	beq.n	100012bc <best_effort_wfe_or_timeout+0x74>
100012b8:	2001      	movs	r0, #1
100012ba:	e7db      	b.n	10001274 <best_effort_wfe_or_timeout+0x2c>
100012bc:	bf20      	wfe
100012be:	4b27      	ldr	r3, [pc, #156]	@ (1000135c <best_effort_wfe_or_timeout+0x114>)
100012c0:	6a5b      	ldr	r3, [r3, #36]	@ 0x24
100012c2:	429c      	cmp	r4, r3
100012c4:	d809      	bhi.n	100012da <best_effort_wfe_or_timeout+0x92>
100012c6:	4a25      	ldr	r2, [pc, #148]	@ (1000135c <best_effort_wfe_or_timeout+0x114>)
100012c8:	6a92      	ldr	r2, [r2, #40]	@ 0x28
100012ca:	42aa      	cmp	r2, r5
100012cc:	d207      	bcs.n	100012de <best_effort_wfe_or_timeout+0x96>
100012ce:	429c      	cmp	r4, r3
100012d0:	d001      	beq.n	100012d6 <best_effort_wfe_or_timeout+0x8e>
100012d2:	2001      	movs	r0, #1
100012d4:	e7ce      	b.n	10001274 <best_effort_wfe_or_timeout+0x2c>
100012d6:	2000      	movs	r0, #0
100012d8:	e7cc      	b.n	10001274 <best_effort_wfe_or_timeout+0x2c>
100012da:	2000      	movs	r0, #0
100012dc:	e7ca      	b.n	10001274 <best_effort_wfe_or_timeout+0x2c>
100012de:	2001      	movs	r0, #1
100012e0:	e7c8      	b.n	10001274 <best_effort_wfe_or_timeout+0x2c>
100012e2:	2300      	movs	r3, #0
100012e4:	9300      	str	r3, [sp, #0]
100012e6:	4a1e      	ldr	r2, [pc, #120]	@ (10001360 <best_effort_wfe_or_timeout+0x118>)
100012e8:	4628      	mov	r0, r5
100012ea:	4621      	mov	r1, r4
100012ec:	f7ff fef0 	bl	100010d0 <add_alarm_at>
100012f0:	2800      	cmp	r0, #0
100012f2:	dd18      	ble.n	10001326 <best_effort_wfe_or_timeout+0xde>
100012f4:	4b19      	ldr	r3, [pc, #100]	@ (1000135c <best_effort_wfe_or_timeout+0x114>)
100012f6:	6a5b      	ldr	r3, [r3, #36]	@ 0x24
100012f8:	429c      	cmp	r4, r3
100012fa:	d805      	bhi.n	10001308 <best_effort_wfe_or_timeout+0xc0>
100012fc:	4a17      	ldr	r2, [pc, #92]	@ (1000135c <best_effort_wfe_or_timeout+0x114>)
100012fe:	6a92      	ldr	r2, [r2, #40]	@ 0x28
10001300:	42aa      	cmp	r2, r5
10001302:	d202      	bcs.n	1000130a <best_effort_wfe_or_timeout+0xc2>
10001304:	429c      	cmp	r4, r3
10001306:	d100      	bne.n	1000130a <best_effort_wfe_or_timeout+0xc2>
10001308:	bf20      	wfe
1000130a:	f7ff ff2d 	bl	10001168 <cancel_alarm>
1000130e:	4b13      	ldr	r3, [pc, #76]	@ (1000135c <best_effort_wfe_or_timeout+0x114>)
10001310:	6a5b      	ldr	r3, [r3, #36]	@ 0x24
10001312:	429c      	cmp	r4, r3
10001314:	d81b      	bhi.n	1000134e <best_effort_wfe_or_timeout+0x106>
10001316:	4a11      	ldr	r2, [pc, #68]	@ (1000135c <best_effort_wfe_or_timeout+0x114>)
10001318:	6a92      	ldr	r2, [r2, #40]	@ 0x28
1000131a:	42aa      	cmp	r2, r5
1000131c:	d219      	bcs.n	10001352 <best_effort_wfe_or_timeout+0x10a>
1000131e:	429c      	cmp	r4, r3
10001320:	d013      	beq.n	1000134a <best_effort_wfe_or_timeout+0x102>
10001322:	2001      	movs	r0, #1
10001324:	e7a6      	b.n	10001274 <best_effort_wfe_or_timeout+0x2c>
10001326:	4b0d      	ldr	r3, [pc, #52]	@ (1000135c <best_effort_wfe_or_timeout+0x114>)
10001328:	6a5b      	ldr	r3, [r3, #36]	@ 0x24
1000132a:	429c      	cmp	r4, r3
1000132c:	d809      	bhi.n	10001342 <best_effort_wfe_or_timeout+0xfa>
1000132e:	4a0b      	ldr	r2, [pc, #44]	@ (1000135c <best_effort_wfe_or_timeout+0x114>)
10001330:	6a92      	ldr	r2, [r2, #40]	@ 0x28
10001332:	42aa      	cmp	r2, r5
10001334:	d207      	bcs.n	10001346 <best_effort_wfe_or_timeout+0xfe>
10001336:	429c      	cmp	r4, r3
10001338:	d001      	beq.n	1000133e <best_effort_wfe_or_timeout+0xf6>
1000133a:	2001      	movs	r0, #1
1000133c:	e79a      	b.n	10001274 <best_effort_wfe_or_timeout+0x2c>
1000133e:	2000      	movs	r0, #0
10001340:	e798      	b.n	10001274 <best_effort_wfe_or_timeout+0x2c>
10001342:	2000      	movs	r0, #0
10001344:	e796      	b.n	10001274 <best_effort_wfe_or_timeout+0x2c>
10001346:	2001      	movs	r0, #1
10001348:	e794      	b.n	10001274 <best_effort_wfe_or_timeout+0x2c>
1000134a:	2000      	movs	r0, #0
1000134c:	e792      	b.n	10001274 <best_effort_wfe_or_timeout+0x2c>
1000134e:	2000      	movs	r0, #0
10001350:	e790      	b.n	10001274 <best_effort_wfe_or_timeout+0x2c>
10001352:	2001      	movs	r0, #1
10001354:	e78e      	b.n	10001274 <best_effort_wfe_or_timeout+0x2c>
10001356:	2001      	movs	r0, #1
10001358:	e78c      	b.n	10001274 <best_effort_wfe_or_timeout+0x2c>
1000135a:	bf00      	nop
1000135c:	400b0000 	.word	0x400b0000
10001360:	10000be9 	.word	0x10000be9

10001364 <alarm_pool_get_default_timer>:
10001364:	4800      	ldr	r0, [pc, #0]	@ (10001368 <alarm_pool_get_default_timer+0x4>)
10001366:	4770      	bx	lr
10001368:	400b0000 	.word	0x400b0000

1000136c <runtime_init_default_alarm_pool>:
1000136c:	4b08      	ldr	r3, [pc, #32]	@ (10001390 <runtime_init_default_alarm_pool+0x24>)
1000136e:	691b      	ldr	r3, [r3, #16]
10001370:	b103      	cbz	r3, 10001374 <runtime_init_default_alarm_pool+0x8>
10001372:	4770      	bx	lr
10001374:	b510      	push	{r4, lr}
10001376:	f7ff fff5 	bl	10001364 <alarm_pool_get_default_timer>
1000137a:	4604      	mov	r4, r0
1000137c:	2103      	movs	r1, #3
1000137e:	f000 f809 	bl	10001394 <timer_hardware_alarm_claim>
10001382:	2310      	movs	r3, #16
10001384:	2203      	movs	r2, #3
10001386:	4621      	mov	r1, r4
10001388:	4801      	ldr	r0, [pc, #4]	@ (10001390 <runtime_init_default_alarm_pool+0x24>)
1000138a:	f7ff fdd3 	bl	10000f34 <alarm_pool_post_alloc_init>
1000138e:	bd10      	pop	{r4, pc}
10001390:	20000eb4 	.word	0x20000eb4

10001394 <timer_hardware_alarm_claim>:
10001394:	b508      	push	{r3, lr}
10001396:	4a05      	ldr	r2, [pc, #20]	@ (100013ac <timer_hardware_alarm_claim+0x18>)
10001398:	f8df c018 	ldr.w	ip, [pc, #24]	@ 100013b4 <timer_hardware_alarm_claim+0x20>
1000139c:	4b04      	ldr	r3, [pc, #16]	@ (100013b0 <timer_hardware_alarm_claim+0x1c>)
1000139e:	4560      	cmp	r0, ip
100013a0:	bf14      	ite	ne
100013a2:	4618      	movne	r0, r3
100013a4:	1c58      	addeq	r0, r3, #1
100013a6:	f7ff f899 	bl	100004dc <hw_claim_or_assert>
100013aa:	bd08      	pop	{r3, pc}
100013ac:	100062f8 	.word	0x100062f8
100013b0:	20001390 	.word	0x20001390
100013b4:	400b8000 	.word	0x400b8000

100013b8 <timer_time_us_64>:
100013b8:	4602      	mov	r2, r0
100013ba:	6a43      	ldr	r3, [r0, #36]	@ 0x24
100013bc:	6a90      	ldr	r0, [r2, #40]	@ 0x28
100013be:	4619      	mov	r1, r3
100013c0:	6a53      	ldr	r3, [r2, #36]	@ 0x24
100013c2:	4299      	cmp	r1, r3
100013c4:	d1fa      	bne.n	100013bc <timer_time_us_64+0x4>
100013c6:	4770      	bx	lr

100013c8 <timer_busy_wait_until>:
100013c8:	6a41      	ldr	r1, [r0, #36]	@ 0x24
100013ca:	e000      	b.n	100013ce <timer_busy_wait_until+0x6>
100013cc:	6a41      	ldr	r1, [r0, #36]	@ 0x24
100013ce:	4299      	cmp	r1, r3
100013d0:	d3fc      	bcc.n	100013cc <timer_busy_wait_until+0x4>
100013d2:	e000      	b.n	100013d6 <timer_busy_wait_until+0xe>
100013d4:	6a41      	ldr	r1, [r0, #36]	@ 0x24
100013d6:	4299      	cmp	r1, r3
100013d8:	d102      	bne.n	100013e0 <timer_busy_wait_until+0x18>
100013da:	6a81      	ldr	r1, [r0, #40]	@ 0x28
100013dc:	4291      	cmp	r1, r2
100013de:	d3f9      	bcc.n	100013d4 <timer_busy_wait_until+0xc>
100013e0:	4770      	bx	lr
	...

100013e4 <time_us_64>:
100013e4:	b508      	push	{r3, lr}
100013e6:	4802      	ldr	r0, [pc, #8]	@ (100013f0 <time_us_64+0xc>)
100013e8:	f7ff ffe6 	bl	100013b8 <timer_time_us_64>
100013ec:	bd08      	pop	{r3, pc}
100013ee:	bf00      	nop
100013f0:	400b0000 	.word	0x400b0000

100013f4 <busy_wait_until>:
100013f4:	b508      	push	{r3, lr}
100013f6:	4602      	mov	r2, r0
100013f8:	460b      	mov	r3, r1
100013fa:	4802      	ldr	r0, [pc, #8]	@ (10001404 <busy_wait_until+0x10>)
100013fc:	f7ff ffe4 	bl	100013c8 <timer_busy_wait_until>
10001400:	bd08      	pop	{r3, pc}
10001402:	bf00      	nop
10001404:	400b0000 	.word	0x400b0000

10001408 <clock_configure_internal>:
10001408:	b570      	push	{r4, r5, r6, lr}
1000140a:	4615      	mov	r5, r2
1000140c:	461e      	mov	r6, r3
1000140e:	eb00 0c40 	add.w	ip, r0, r0, lsl #1
10001412:	ea4f 0c8c 	mov.w	ip, ip, lsl #2
10001416:	f10c 4c80 	add.w	ip, ip, #1073741824	@ 0x40000000
1000141a:	f50c 3c80 	add.w	ip, ip, #65536	@ 0x10000
1000141e:	f8dc 3004 	ldr.w	r3, [ip, #4]
10001422:	9a04      	ldr	r2, [sp, #16]
10001424:	4293      	cmp	r3, r2
10001426:	d201      	bcs.n	1000142c <clock_configure_internal+0x24>
10001428:	f8cc 2004 	str.w	r2, [ip, #4]
1000142c:	1f04      	subs	r4, r0, #4
1000142e:	b2e4      	uxtb	r4, r4
10001430:	2c01      	cmp	r4, #1
10001432:	d92a      	bls.n	1000148a <clock_configure_internal+0x82>
10001434:	f50c 5340 	add.w	r3, ip, #12288	@ 0x3000
10001438:	f44f 6200 	mov.w	r2, #2048	@ 0x800
1000143c:	601a      	str	r2, [r3, #0]
1000143e:	4b20      	ldr	r3, [pc, #128]	@ (100014c0 <clock_configure_internal+0xb8>)
10001440:	f853 2020 	ldr.w	r2, [r3, r0, lsl #2]
10001444:	b14a      	cbz	r2, 1000145a <clock_configure_internal+0x52>
10001446:	695b      	ldr	r3, [r3, #20]
10001448:	fbb3 fef2 	udiv	lr, r3, r2
1000144c:	f10e 0e01 	add.w	lr, lr, #1
10001450:	eb0e 0e4e 	add.w	lr, lr, lr, lsl #1
10001454:	f1be 0e03 	subs.w	lr, lr, #3
10001458:	d2fc      	bcs.n	10001454 <clock_configure_internal+0x4c>
1000145a:	f8dc 2000 	ldr.w	r2, [ip]
1000145e:	ea82 1245 	eor.w	r2, r2, r5, lsl #5
10001462:	f002 02e0 	and.w	r2, r2, #224	@ 0xe0
10001466:	f50c 5e80 	add.w	lr, ip, #4096	@ 0x1000
1000146a:	f8ce 2000 	str.w	r2, [lr]
1000146e:	2c01      	cmp	r4, #1
10001470:	d917      	bls.n	100014a2 <clock_configure_internal+0x9a>
10001472:	f50c 5300 	add.w	r3, ip, #8192	@ 0x2000
10001476:	f44f 6200 	mov.w	r2, #2048	@ 0x800
1000147a:	601a      	str	r2, [r3, #0]
1000147c:	9b04      	ldr	r3, [sp, #16]
1000147e:	f8cc 3004 	str.w	r3, [ip, #4]
10001482:	4b0f      	ldr	r3, [pc, #60]	@ (100014c0 <clock_configure_internal+0xb8>)
10001484:	f843 6020 	str.w	r6, [r3, r0, lsl #2]
10001488:	bd70      	pop	{r4, r5, r6, pc}
1000148a:	2901      	cmp	r1, #1
1000148c:	d1d2      	bne.n	10001434 <clock_configure_internal+0x2c>
1000148e:	f50c 5340 	add.w	r3, ip, #12288	@ 0x3000
10001492:	2203      	movs	r2, #3
10001494:	601a      	str	r2, [r3, #0]
10001496:	f8dc 3008 	ldr.w	r3, [ip, #8]
1000149a:	f013 0f01 	tst.w	r3, #1
1000149e:	d0fa      	beq.n	10001496 <clock_configure_internal+0x8e>
100014a0:	e7db      	b.n	1000145a <clock_configure_internal+0x52>
100014a2:	f8dc 3000 	ldr.w	r3, [ip]
100014a6:	404b      	eors	r3, r1
100014a8:	f003 0303 	and.w	r3, r3, #3
100014ac:	f8ce 3000 	str.w	r3, [lr]
100014b0:	f8dc 3008 	ldr.w	r3, [ip, #8]
100014b4:	2201      	movs	r2, #1
100014b6:	408a      	lsls	r2, r1
100014b8:	4213      	tst	r3, r2
100014ba:	d0f9      	beq.n	100014b0 <clock_configure_internal+0xa8>
100014bc:	e7d9      	b.n	10001472 <clock_configure_internal+0x6a>
100014be:	bf00      	nop
100014c0:	20001394 	.word	0x20001394

100014c4 <clock_configure_undivided>:
100014c4:	b500      	push	{lr}
100014c6:	b083      	sub	sp, #12
100014c8:	f44f 3c80 	mov.w	ip, #65536	@ 0x10000
100014cc:	f8cd c000 	str.w	ip, [sp]
100014d0:	f7ff ff9a 	bl	10001408 <clock_configure_internal>
100014d4:	b003      	add	sp, #12
100014d6:	bd00      	pop	{pc}

100014d8 <clock_get_hz>:
100014d8:	4b01      	ldr	r3, [pc, #4]	@ (100014e0 <clock_get_hz+0x8>)
100014da:	f853 0020 	ldr.w	r0, [r3, r0, lsl #2]
100014de:	4770      	bx	lr
100014e0:	20001394 	.word	0x20001394

100014e4 <pll_init>:
100014e4:	b538      	push	{r3, r4, r5, lr}
100014e6:	468e      	mov	lr, r1
100014e8:	4694      	mov	ip, r2
100014ea:	9a04      	ldr	r2, [sp, #16]
100014ec:	4933      	ldr	r1, [pc, #204]	@ (100015bc <pll_init+0xd8>)
100014ee:	fbb1 f1fe 	udiv	r1, r1, lr
100014f2:	4c33      	ldr	r4, [pc, #204]	@ (100015c0 <pll_init+0xdc>)
100014f4:	4464      	add	r4, ip
100014f6:	4d33      	ldr	r5, [pc, #204]	@ (100015c4 <pll_init+0xe0>)
100014f8:	42ac      	cmp	r4, r5
100014fa:	d834      	bhi.n	10001566 <pll_init+0x82>
100014fc:	fbbc f4f1 	udiv	r4, ip, r1
10001500:	f1a4 0510 	sub.w	r5, r4, #16
10001504:	f5b5 7f98 	cmp.w	r5, #304	@ 0x130
10001508:	d833      	bhi.n	10001572 <pll_init+0x8e>
1000150a:	1e5d      	subs	r5, r3, #1
1000150c:	2d06      	cmp	r5, #6
1000150e:	d836      	bhi.n	1000157e <pll_init+0x9a>
10001510:	1e55      	subs	r5, r2, #1
10001512:	2d06      	cmp	r5, #6
10001514:	d833      	bhi.n	1000157e <pll_init+0x9a>
10001516:	ebb1 1f1c 	cmp.w	r1, ip, lsr #4
1000151a:	d836      	bhi.n	1000158a <pll_init+0xa6>
1000151c:	0312      	lsls	r2, r2, #12
1000151e:	ea42 4103 	orr.w	r1, r2, r3, lsl #16
10001522:	6803      	ldr	r3, [r0, #0]
10001524:	2b00      	cmp	r3, #0
10001526:	db36      	blt.n	10001596 <pll_init+0xb2>
10001528:	4b27      	ldr	r3, [pc, #156]	@ (100015c8 <pll_init+0xe4>)
1000152a:	4298      	cmp	r0, r3
1000152c:	d043      	beq.n	100015b6 <pll_init+0xd2>
1000152e:	230e      	movs	r3, #14
10001530:	2201      	movs	r2, #1
10001532:	409a      	lsls	r2, r3
10001534:	4b25      	ldr	r3, [pc, #148]	@ (100015cc <pll_init+0xe8>)
10001536:	601a      	str	r2, [r3, #0]
10001538:	f503 5380 	add.w	r3, r3, #4096	@ 0x1000
1000153c:	601a      	str	r2, [r3, #0]
1000153e:	4b24      	ldr	r3, [pc, #144]	@ (100015d0 <pll_init+0xec>)
10001540:	689b      	ldr	r3, [r3, #8]
10001542:	ea32 0303 	bics.w	r3, r2, r3
10001546:	d1fa      	bne.n	1000153e <pll_init+0x5a>
10001548:	f8c0 e000 	str.w	lr, [r0]
1000154c:	6084      	str	r4, [r0, #8]
1000154e:	f500 5240 	add.w	r2, r0, #12288	@ 0x3000
10001552:	3204      	adds	r2, #4
10001554:	2321      	movs	r3, #33	@ 0x21
10001556:	6013      	str	r3, [r2, #0]
10001558:	6803      	ldr	r3, [r0, #0]
1000155a:	2b00      	cmp	r3, #0
1000155c:	dafc      	bge.n	10001558 <pll_init+0x74>
1000155e:	60c1      	str	r1, [r0, #12]
10001560:	2308      	movs	r3, #8
10001562:	6013      	str	r3, [r2, #0]
10001564:	bd38      	pop	{r3, r4, r5, pc}
10001566:	4b1b      	ldr	r3, [pc, #108]	@ (100015d4 <pll_init+0xf0>)
10001568:	4a1b      	ldr	r2, [pc, #108]	@ (100015d8 <pll_init+0xf4>)
1000156a:	2111      	movs	r1, #17
1000156c:	481b      	ldr	r0, [pc, #108]	@ (100015dc <pll_init+0xf8>)
1000156e:	f001 fc75 	bl	10002e5c <__assert_func>
10001572:	4b1b      	ldr	r3, [pc, #108]	@ (100015e0 <pll_init+0xfc>)
10001574:	4a18      	ldr	r2, [pc, #96]	@ (100015d8 <pll_init+0xf4>)
10001576:	2119      	movs	r1, #25
10001578:	4818      	ldr	r0, [pc, #96]	@ (100015dc <pll_init+0xf8>)
1000157a:	f001 fc6f 	bl	10002e5c <__assert_func>
1000157e:	4b19      	ldr	r3, [pc, #100]	@ (100015e4 <pll_init+0x100>)
10001580:	4a15      	ldr	r2, [pc, #84]	@ (100015d8 <pll_init+0xf4>)
10001582:	211c      	movs	r1, #28
10001584:	4815      	ldr	r0, [pc, #84]	@ (100015dc <pll_init+0xf8>)
10001586:	f001 fc69 	bl	10002e5c <__assert_func>
1000158a:	4b17      	ldr	r3, [pc, #92]	@ (100015e8 <pll_init+0x104>)
1000158c:	4a12      	ldr	r2, [pc, #72]	@ (100015d8 <pll_init+0xf4>)
1000158e:	2123      	movs	r1, #35	@ 0x23
10001590:	4812      	ldr	r0, [pc, #72]	@ (100015dc <pll_init+0xf8>)
10001592:	f001 fc63 	bl	10002e5c <__assert_func>
10001596:	6803      	ldr	r3, [r0, #0]
10001598:	f003 033f 	and.w	r3, r3, #63	@ 0x3f
1000159c:	4573      	cmp	r3, lr
1000159e:	d1c3      	bne.n	10001528 <pll_init+0x44>
100015a0:	6883      	ldr	r3, [r0, #8]
100015a2:	f3c3 030b 	ubfx	r3, r3, #0, #12
100015a6:	42a3      	cmp	r3, r4
100015a8:	d1be      	bne.n	10001528 <pll_init+0x44>
100015aa:	68c3      	ldr	r3, [r0, #12]
100015ac:	f403 23ee 	and.w	r3, r3, #487424	@ 0x77000
100015b0:	428b      	cmp	r3, r1
100015b2:	d1b9      	bne.n	10001528 <pll_init+0x44>
100015b4:	e7d6      	b.n	10001564 <pll_init+0x80>
100015b6:	230f      	movs	r3, #15
100015b8:	e7ba      	b.n	10001530 <pll_init+0x4c>
100015ba:	bf00      	nop
100015bc:	00b71b00 	.word	0x00b71b00
100015c0:	d34be880 	.word	0xd34be880
100015c4:	32a9f880 	.word	0x32a9f880
100015c8:	40058000 	.word	0x40058000
100015cc:	40022000 	.word	0x40022000
100015d0:	40020000 	.word	0x40020000
100015d4:	1000631c 	.word	0x1000631c
100015d8:	1000688c 	.word	0x1000688c
100015dc:	1000636c 	.word	0x1000636c
100015e0:	100063b0 	.word	0x100063b0
100015e4:	100063cc 	.word	0x100063cc
100015e8:	10006418 	.word	0x10006418

100015ec <watchdog_update>:
100015ec:	4b02      	ldr	r3, [pc, #8]	@ (100015f8 <watchdog_update+0xc>)
100015ee:	681a      	ldr	r2, [r3, #0]
100015f0:	4b02      	ldr	r3, [pc, #8]	@ (100015fc <watchdog_update+0x10>)
100015f2:	605a      	str	r2, [r3, #4]
100015f4:	4770      	bx	lr
100015f6:	bf00      	nop
100015f8:	200017f0 	.word	0x200017f0
100015fc:	400d8000 	.word	0x400d8000

10001600 <_watchdog_enable>:
10001600:	b508      	push	{r3, lr}
10001602:	4b16      	ldr	r3, [pc, #88]	@ (1000165c <_watchdog_enable+0x5c>)
10001604:	f04f 4280 	mov.w	r2, #1073741824	@ 0x40000000
10001608:	601a      	str	r2, [r3, #0]
1000160a:	f5a3 2341 	sub.w	r3, r3, #790528	@ 0xc1000
1000160e:	4a14      	ldr	r2, [pc, #80]	@ (10001660 <_watchdog_enable+0x60>)
10001610:	609a      	str	r2, [r3, #8]
10001612:	b151      	cbz	r1, 1000162a <_watchdog_enable+0x2a>
10001614:	f503 2340 	add.w	r3, r3, #786432	@ 0xc0000
10001618:	f04f 62e0 	mov.w	r2, #117440512	@ 0x7000000
1000161c:	601a      	str	r2, [r3, #0]
1000161e:	b948      	cbnz	r0, 10001634 <_watchdog_enable+0x34>
10001620:	4b10      	ldr	r3, [pc, #64]	@ (10001664 <_watchdog_enable+0x64>)
10001622:	f04f 4200 	mov.w	r2, #2147483648	@ 0x80000000
10001626:	601a      	str	r2, [r3, #0]
10001628:	bd08      	pop	{r3, pc}
1000162a:	4b0c      	ldr	r3, [pc, #48]	@ (1000165c <_watchdog_enable+0x5c>)
1000162c:	f04f 62e0 	mov.w	r2, #117440512	@ 0x7000000
10001630:	601a      	str	r2, [r3, #0]
10001632:	e7f4      	b.n	1000161e <_watchdog_enable+0x1e>
10001634:	f44f 737a 	mov.w	r3, #1000	@ 0x3e8
10001638:	fb03 f000 	mul.w	r0, r3, r0
1000163c:	4b0a      	ldr	r3, [pc, #40]	@ (10001668 <_watchdog_enable+0x68>)
1000163e:	6018      	str	r0, [r3, #0]
10001640:	f1b0 7f80 	cmp.w	r0, #16777216	@ 0x1000000
10001644:	d302      	bcc.n	1000164c <_watchdog_enable+0x4c>
10001646:	f06f 427f 	mvn.w	r2, #4278190080	@ 0xff000000
1000164a:	601a      	str	r2, [r3, #0]
1000164c:	f7ff ffce 	bl	100015ec <watchdog_update>
10001650:	4b04      	ldr	r3, [pc, #16]	@ (10001664 <_watchdog_enable+0x64>)
10001652:	f04f 4280 	mov.w	r2, #1073741824	@ 0x40000000
10001656:	601a      	str	r2, [r3, #0]
10001658:	e7e6      	b.n	10001628 <_watchdog_enable+0x28>
1000165a:	bf00      	nop
1000165c:	400db000 	.word	0x400db000
10001660:	01fffff3 	.word	0x01fffff3
10001664:	400da000 	.word	0x400da000
10001668:	200017f0 	.word	0x200017f0

1000166c <watchdog_reboot>:
1000166c:	b508      	push	{r3, lr}
1000166e:	4b0e      	ldr	r3, [pc, #56]	@ (100016a8 <watchdog_reboot+0x3c>)
10001670:	f04f 4c80 	mov.w	ip, #1073741824	@ 0x40000000
10001674:	f8c3 c000 	str.w	ip, [r3]
10001678:	b198      	cbz	r0, 100016a2 <watchdog_reboot+0x36>
1000167a:	f040 0301 	orr.w	r3, r0, #1
1000167e:	480b      	ldr	r0, [pc, #44]	@ (100016ac <watchdog_reboot+0x40>)
10001680:	f8df c02c 	ldr.w	ip, [pc, #44]	@ 100016b0 <watchdog_reboot+0x44>
10001684:	f8c0 c01c 	str.w	ip, [r0, #28]
10001688:	f8df c028 	ldr.w	ip, [pc, #40]	@ 100016b4 <watchdog_reboot+0x48>
1000168c:	ea83 0c0c 	eor.w	ip, r3, ip
10001690:	f8c0 c020 	str.w	ip, [r0, #32]
10001694:	6241      	str	r1, [r0, #36]	@ 0x24
10001696:	6283      	str	r3, [r0, #40]	@ 0x28
10001698:	2100      	movs	r1, #0
1000169a:	4610      	mov	r0, r2
1000169c:	f7ff ffb0 	bl	10001600 <_watchdog_enable>
100016a0:	bd08      	pop	{r3, pc}
100016a2:	4b02      	ldr	r3, [pc, #8]	@ (100016ac <watchdog_reboot+0x40>)
100016a4:	61d8      	str	r0, [r3, #28]
100016a6:	e7f7      	b.n	10001698 <watchdog_reboot+0x2c>
100016a8:	400db000 	.word	0x400db000
100016ac:	400d8000 	.word	0x400d8000
100016b0:	b007c0d3 	.word	0xb007c0d3
100016b4:	4ff83f2d 	.word	0x4ff83f2d

100016b8 <tick_start>:
100016b8:	4a05      	ldr	r2, [pc, #20]	@ (100016d0 <tick_start+0x18>)
100016ba:	eb00 0340 	add.w	r3, r0, r0, lsl #1
100016be:	eb02 0383 	add.w	r3, r2, r3, lsl #2
100016c2:	6059      	str	r1, [r3, #4]
100016c4:	eb00 0040 	add.w	r0, r0, r0, lsl #1
100016c8:	0080      	lsls	r0, r0, #2
100016ca:	2301      	movs	r3, #1
100016cc:	5013      	str	r3, [r2, r0]
100016ce:	4770      	bx	lr
100016d0:	40108000 	.word	0x40108000

100016d4 <rom_reboot>:
100016d4:	e92d 41f0 	stmdb	sp!, {r4, r5, r6, r7, r8, lr}
100016d8:	4606      	mov	r6, r0
100016da:	4617      	mov	r7, r2
100016dc:	4698      	mov	r8, r3
100016de:	460c      	mov	r4, r1
100016e0:	b909      	cbnz	r1, 100016e6 <rom_reboot+0x12>
100016e2:	2301      	movs	r3, #1
100016e4:	461c      	mov	r4, r3
100016e6:	2300      	movs	r3, #0
100016e8:	8adb      	ldrh	r3, [r3, #22]
100016ea:	2200      	movs	r2, #0
100016ec:	e842 f200 	tt	r2, r2
100016f0:	f412 0f80 	tst.w	r2, #4194304	@ 0x400000
100016f4:	d10b      	bne.n	1000170e <rom_reboot+0x3a>
100016f6:	2110      	movs	r1, #16
100016f8:	f244 2052 	movw	r0, #16978	@ 0x4252
100016fc:	4798      	blx	r3
100016fe:	4605      	mov	r5, r0
10001700:	4643      	mov	r3, r8
10001702:	463a      	mov	r2, r7
10001704:	4621      	mov	r1, r4
10001706:	4630      	mov	r0, r6
10001708:	47a8      	blx	r5
1000170a:	e8bd 81f0 	ldmia.w	sp!, {r4, r5, r6, r7, r8, pc}
1000170e:	2104      	movs	r1, #4
10001710:	f244 2052 	movw	r0, #16978	@ 0x4252
10001714:	4798      	blx	r3
10001716:	4605      	mov	r5, r0
10001718:	e7f2      	b.n	10001700 <rom_reboot+0x2c>

1000171a <rom_func_lookup>:
1000171a:	b508      	push	{r3, lr}
1000171c:	2300      	movs	r3, #0
1000171e:	8adb      	ldrh	r3, [r3, #22]
10001720:	2200      	movs	r2, #0
10001722:	e842 f200 	tt	r2, r2
10001726:	f412 0f80 	tst.w	r2, #4194304	@ 0x400000
1000172a:	d102      	bne.n	10001732 <rom_func_lookup+0x18>
1000172c:	2110      	movs	r1, #16
1000172e:	4798      	blx	r3
10001730:	bd08      	pop	{r3, pc}
10001732:	2104      	movs	r1, #4
10001734:	4798      	blx	r3
10001736:	e7fb      	b.n	10001730 <rom_func_lookup+0x16>

10001738 <rom_reset_usb_boot_extra>:
10001738:	b508      	push	{r3, lr}
1000173a:	1e03      	subs	r3, r0, #0
1000173c:	db0f      	blt.n	1000175e <rom_reset_usb_boot_extra+0x26>
1000173e:	f041 0020 	orr.w	r0, r1, #32
10001742:	b182      	cbz	r2, 10001766 <rom_reset_usb_boot_extra+0x2e>
10001744:	f041 0130 	orr.w	r1, r1, #48	@ 0x30
10001748:	2200      	movs	r2, #0
1000174a:	7cd2      	ldrb	r2, [r2, #19]
1000174c:	2a02      	cmp	r2, #2
1000174e:	d00c      	beq.n	1000176a <rom_reset_usb_boot_extra+0x32>
10001750:	460a      	mov	r2, r1
10001752:	210a      	movs	r1, #10
10001754:	f44f 7081 	mov.w	r0, #258	@ 0x102
10001758:	f7ff ffbc 	bl	100016d4 <rom_reboot>
1000175c:	e00b      	b.n	10001776 <rom_reset_usb_boot_extra+0x3e>
1000175e:	f011 0f20 	tst.w	r1, #32
10001762:	d0f5      	beq.n	10001750 <rom_reset_usb_boot_extra+0x18>
10001764:	e7f0      	b.n	10001748 <rom_reset_usb_boot_extra+0x10>
10001766:	4601      	mov	r1, r0
10001768:	e7ee      	b.n	10001748 <rom_reset_usb_boot_extra+0x10>
1000176a:	460a      	mov	r2, r1
1000176c:	210a      	movs	r1, #10
1000176e:	f44f 7091 	mov.w	r0, #290	@ 0x122
10001772:	f7ff ffaf 	bl	100016d4 <rom_reboot>
	...

10001778 <runtime_init_bootrom_locking_enable>:
10001778:	4b03      	ldr	r3, [pc, #12]	@ (10001788 <runtime_init_bootrom_locking_enable+0x10>)
1000177a:	f8d3 3828 	ldr.w	r3, [r3, #2088]	@ 0x828
1000177e:	2b00      	cmp	r3, #0
10001780:	d0fa      	beq.n	10001778 <runtime_init_bootrom_locking_enable>
10001782:	f3bf 8f5f 	dmb	sy
10001786:	4770      	bx	lr
10001788:	400e0000 	.word	0x400e0000

1000178c <boot_locks_reset>:
1000178c:	2200      	movs	r2, #0
1000178e:	e007      	b.n	100017a0 <boot_locks_reset+0x14>
10001790:	4b05      	ldr	r3, [pc, #20]	@ (100017a8 <boot_locks_reset+0x1c>)
10001792:	4413      	add	r3, r2
10001794:	009b      	lsls	r3, r3, #2
10001796:	f3bf 8f5f 	dmb	sy
1000179a:	2100      	movs	r1, #0
1000179c:	6019      	str	r1, [r3, #0]
1000179e:	3201      	adds	r2, #1
100017a0:	2a07      	cmp	r2, #7
100017a2:	d9f5      	bls.n	10001790 <boot_locks_reset+0x4>
100017a4:	4770      	bx	lr
100017a6:	bf00      	nop
100017a8:	10038203 	.word	0x10038203

100017ac <runtime_init_boot_locks_reset>:
100017ac:	b508      	push	{r3, lr}
100017ae:	f7ff ffed 	bl	1000178c <boot_locks_reset>
100017b2:	bd08      	pop	{r3, pc}

100017b4 <xosc_init>:
100017b4:	4b07      	ldr	r3, [pc, #28]	@ (100017d4 <xosc_init+0x20>)
100017b6:	f44f 622a 	mov.w	r2, #2720	@ 0xaa0
100017ba:	601a      	str	r2, [r3, #0]
100017bc:	f44f 728d 	mov.w	r2, #282	@ 0x11a
100017c0:	60da      	str	r2, [r3, #12]
100017c2:	f503 5300 	add.w	r3, r3, #8192	@ 0x2000
100017c6:	4a04      	ldr	r2, [pc, #16]	@ (100017d8 <xosc_init+0x24>)
100017c8:	601a      	str	r2, [r3, #0]
100017ca:	4b02      	ldr	r3, [pc, #8]	@ (100017d4 <xosc_init+0x20>)
100017cc:	685b      	ldr	r3, [r3, #4]
100017ce:	2b00      	cmp	r3, #0
100017d0:	dafb      	bge.n	100017ca <xosc_init+0x16>
100017d2:	4770      	bx	lr
100017d4:	40048000 	.word	0x40048000
100017d8:	00fab000 	.word	0x00fab000

100017dc <runtime_run_initializers_from>:
100017dc:	b510      	push	{r4, lr}
100017de:	4604      	mov	r4, r0
100017e0:	e002      	b.n	100017e8 <runtime_run_initializers_from+0xc>
100017e2:	f854 3b04 	ldr.w	r3, [r4], #4
100017e6:	4798      	blx	r3
100017e8:	4b01      	ldr	r3, [pc, #4]	@ (100017f0 <runtime_run_initializers_from+0x14>)
100017ea:	429c      	cmp	r4, r3
100017ec:	d3f9      	bcc.n	100017e2 <runtime_run_initializers_from+0x6>
100017ee:	bd10      	pop	{r4, pc}
100017f0:	10005d50 	.word	0x10005d50

100017f4 <first_per_core_initializer>:
100017f4:	4770      	bx	lr
	...

100017f8 <runtime_run_initializers>:
100017f8:	b508      	push	{r3, lr}
100017fa:	4802      	ldr	r0, [pc, #8]	@ (10001804 <runtime_run_initializers+0xc>)
100017fc:	f7ff ffee 	bl	100017dc <runtime_run_initializers_from>
10001800:	bd08      	pop	{r3, pc}
10001802:	bf00      	nop
10001804:	10005d10 	.word	0x10005d10

10001808 <runtime_init_early_resets>:
10001808:	4b06      	ldr	r3, [pc, #24]	@ (10001824 <runtime_init_early_resets+0x1c>)
1000180a:	4a07      	ldr	r2, [pc, #28]	@ (10001828 <runtime_init_early_resets+0x20>)
1000180c:	601a      	str	r2, [r3, #0]
1000180e:	f503 5380 	add.w	r3, r3, #4096	@ 0x1000
10001812:	4a06      	ldr	r2, [pc, #24]	@ (1000182c <runtime_init_early_resets+0x24>)
10001814:	601a      	str	r2, [r3, #0]
10001816:	4b06      	ldr	r3, [pc, #24]	@ (10001830 <runtime_init_early_resets+0x28>)
10001818:	689a      	ldr	r2, [r3, #8]
1000181a:	4b04      	ldr	r3, [pc, #16]	@ (1000182c <runtime_init_early_resets+0x24>)
1000181c:	4393      	bics	r3, r2
1000181e:	d1fa      	bne.n	10001816 <runtime_init_early_resets+0xe>
10001820:	4770      	bx	lr
10001822:	bf00      	nop
10001824:	40022000 	.word	0x40022000
10001828:	efef3b7f 	.word	0xefef3b7f
1000182c:	03f3fff6 	.word	0x03f3fff6
10001830:	40020000 	.word	0x40020000

10001834 <runtime_init_usb_power_down>:
10001834:	4b05      	ldr	r3, [pc, #20]	@ (1000184c <runtime_init_usb_power_down+0x18>)
10001836:	6cdb      	ldr	r3, [r3, #76]	@ 0x4c
10001838:	f5b3 4f00 	cmp.w	r3, #32768	@ 0x8000
1000183c:	d000      	beq.n	10001840 <runtime_init_usb_power_down+0xc>
1000183e:	4770      	bx	lr
10001840:	4b03      	ldr	r3, [pc, #12]	@ (10001850 <runtime_init_usb_power_down+0x1c>)
10001842:	f44f 2280 	mov.w	r2, #262144	@ 0x40000
10001846:	64da      	str	r2, [r3, #76]	@ 0x4c
10001848:	e7f9      	b.n	1000183e <runtime_init_usb_power_down+0xa>
1000184a:	bf00      	nop
1000184c:	50110000 	.word	0x50110000
10001850:	50112000 	.word	0x50112000

10001854 <runtime_init_per_core_enable_coprocessors>:
10001854:	f04f 22e0 	mov.w	r2, #3758153728	@ 0xe000e000
10001858:	f8d2 1d88 	ldr.w	r1, [r2, #3464]	@ 0xd88
1000185c:	4b03      	ldr	r3, [pc, #12]	@ (1000186c <runtime_init_per_core_enable_coprocessors+0x18>)
1000185e:	430b      	orrs	r3, r1
10001860:	f8c2 3d88 	str.w	r3, [r2, #3464]	@ 0xd88
10001864:	ee10 0430 			dcp_rcmp r0
10001868:	4770      	bx	lr
1000186a:	bf00      	nop
1000186c:	00300303 	.word	0x00300303

10001870 <runtime_init_post_clock_resets>:
10001870:	4b05      	ldr	r3, [pc, #20]	@ (10001888 <runtime_init_post_clock_resets+0x18>)
10001872:	f06f 4260 	mvn.w	r2, #3758096384	@ 0xe0000000
10001876:	601a      	str	r2, [r3, #0]
10001878:	4b04      	ldr	r3, [pc, #16]	@ (1000188c <runtime_init_post_clock_resets+0x1c>)
1000187a:	689b      	ldr	r3, [r3, #8]
1000187c:	43db      	mvns	r3, r3
1000187e:	f033 4360 	bics.w	r3, r3, #3758096384	@ 0xe0000000
10001882:	d1f9      	bne.n	10001878 <runtime_init_post_clock_resets+0x8>
10001884:	4770      	bx	lr
10001886:	bf00      	nop
10001888:	40023000 	.word	0x40023000
1000188c:	40020000 	.word	0x40020000

10001890 <runtime_init_bootrom_reset>:
10001890:	b508      	push	{r3, lr}
10001892:	f245 2053 	movw	r0, #21075	@ 0x5253
10001896:	f7ff ff40 	bl	1000171a <rom_func_lookup>
1000189a:	4603      	mov	r3, r0
1000189c:	2004      	movs	r0, #4
1000189e:	4798      	blx	r3
100018a0:	bd08      	pop	{r3, pc}

100018a2 <runtime_init_per_core_bootrom_reset>:
100018a2:	b508      	push	{r3, lr}
100018a4:	f245 2053 	movw	r0, #21075	@ 0x5253
100018a8:	f7ff ff37 	bl	1000171a <rom_func_lookup>
100018ac:	4603      	mov	r3, r0
100018ae:	2001      	movs	r0, #1
100018b0:	4798      	blx	r3
100018b2:	bd08      	pop	{r3, pc}

100018b4 <runtime_init_spin_locks_reset>:
100018b4:	b508      	push	{r3, lr}
100018b6:	f7fe fe77 	bl	100005a8 <spin_locks_reset>
100018ba:	bd08      	pop	{r3, pc}

100018bc <runtime_init_install_ram_vector_table>:
100018bc:	b510      	push	{r4, lr}
100018be:	490c      	ldr	r1, [pc, #48]	@ (100018f0 <runtime_init_install_ram_vector_table+0x34>)
100018c0:	4c0c      	ldr	r4, [pc, #48]	@ (100018f4 <runtime_init_install_ram_vector_table+0x38>)
100018c2:	1a64      	subs	r4, r4, r1
100018c4:	08a4      	lsrs	r4, r4, #2
100018c6:	4622      	mov	r2, r4
100018c8:	2c44      	cmp	r4, #68	@ 0x44
100018ca:	bf28      	it	cs
100018cc:	2244      	movcs	r2, #68	@ 0x44
100018ce:	0092      	lsls	r2, r2, #2
100018d0:	4809      	ldr	r0, [pc, #36]	@ (100018f8 <runtime_init_install_ram_vector_table+0x3c>)
100018d2:	f004 f94d 	bl	10005b70 <memcpy>
100018d6:	e004      	b.n	100018e2 <runtime_init_install_ram_vector_table+0x26>
100018d8:	4a08      	ldr	r2, [pc, #32]	@ (100018fc <runtime_init_install_ram_vector_table+0x40>)
100018da:	4b07      	ldr	r3, [pc, #28]	@ (100018f8 <runtime_init_install_ram_vector_table+0x3c>)
100018dc:	f843 2024 	str.w	r2, [r3, r4, lsl #2]
100018e0:	3401      	adds	r4, #1
100018e2:	2c43      	cmp	r4, #67	@ 0x43
100018e4:	d9f8      	bls.n	100018d8 <runtime_init_install_ram_vector_table+0x1c>
100018e6:	4a04      	ldr	r2, [pc, #16]	@ (100018f8 <runtime_init_install_ram_vector_table+0x3c>)
100018e8:	4b05      	ldr	r3, [pc, #20]	@ (10001900 <runtime_init_install_ram_vector_table+0x44>)
100018ea:	609a      	str	r2, [r3, #8]
100018ec:	bd10      	pop	{r4, pc}
100018ee:	bf00      	nop
100018f0:	10000000 	.word	0x10000000
100018f4:	10000110 	.word	0x10000110
100018f8:	20000000 	.word	0x20000000
100018fc:	10000111 	.word	0x10000111
10001900:	e000ed00 	.word	0xe000ed00

10001904 <start_all_ticks>:
10001904:	b538      	push	{r3, r4, r5, lr}
10001906:	2004      	movs	r0, #4
10001908:	f7ff fde6 	bl	100014d8 <clock_get_hz>
1000190c:	4b06      	ldr	r3, [pc, #24]	@ (10001928 <start_all_ticks+0x24>)
1000190e:	fba3 3500 	umull	r3, r5, r3, r0
10001912:	0cad      	lsrs	r5, r5, #18
10001914:	2400      	movs	r4, #0
10001916:	e004      	b.n	10001922 <start_all_ticks+0x1e>
10001918:	4629      	mov	r1, r5
1000191a:	b2e0      	uxtb	r0, r4
1000191c:	f7ff fecc 	bl	100016b8 <tick_start>
10001920:	3401      	adds	r4, #1
10001922:	2c05      	cmp	r4, #5
10001924:	ddf8      	ble.n	10001918 <start_all_ticks+0x14>
10001926:	bd38      	pop	{r3, r4, r5, pc}
10001928:	431bde83 	.word	0x431bde83

1000192c <runtime_init_clocks>:
1000192c:	b530      	push	{r4, r5, lr}
1000192e:	b083      	sub	sp, #12
10001930:	4b26      	ldr	r3, [pc, #152]	@ (100019cc <runtime_init_clocks+0xa0>)
10001932:	2200      	movs	r2, #0
10001934:	f8c3 2084 	str.w	r2, [r3, #132]	@ 0x84
10001938:	f7ff ff3c 	bl	100017b4 <xosc_init>
1000193c:	4b24      	ldr	r3, [pc, #144]	@ (100019d0 <runtime_init_clocks+0xa4>)
1000193e:	2201      	movs	r2, #1
10001940:	63da      	str	r2, [r3, #60]	@ 0x3c
10001942:	4b22      	ldr	r3, [pc, #136]	@ (100019cc <runtime_init_clocks+0xa0>)
10001944:	6c5b      	ldr	r3, [r3, #68]	@ 0x44
10001946:	2b01      	cmp	r3, #1
10001948:	d1fb      	bne.n	10001942 <runtime_init_clocks+0x16>
1000194a:	4b21      	ldr	r3, [pc, #132]	@ (100019d0 <runtime_init_clocks+0xa4>)
1000194c:	2203      	movs	r2, #3
1000194e:	631a      	str	r2, [r3, #48]	@ 0x30
10001950:	4b1e      	ldr	r3, [pc, #120]	@ (100019cc <runtime_init_clocks+0xa0>)
10001952:	6b9b      	ldr	r3, [r3, #56]	@ 0x38
10001954:	2b01      	cmp	r3, #1
10001956:	d1fb      	bne.n	10001950 <runtime_init_clocks+0x24>
10001958:	2402      	movs	r4, #2
1000195a:	9400      	str	r4, [sp, #0]
1000195c:	2305      	movs	r3, #5
1000195e:	4a1d      	ldr	r2, [pc, #116]	@ (100019d4 <runtime_init_clocks+0xa8>)
10001960:	2101      	movs	r1, #1
10001962:	481d      	ldr	r0, [pc, #116]	@ (100019d8 <runtime_init_clocks+0xac>)
10001964:	f7ff fdbe 	bl	100014e4 <pll_init>
10001968:	2505      	movs	r5, #5
1000196a:	9500      	str	r5, [sp, #0]
1000196c:	462b      	mov	r3, r5
1000196e:	4a1b      	ldr	r2, [pc, #108]	@ (100019dc <runtime_init_clocks+0xb0>)
10001970:	2101      	movs	r1, #1
10001972:	481b      	ldr	r0, [pc, #108]	@ (100019e0 <runtime_init_clocks+0xb4>)
10001974:	f7ff fdb6 	bl	100014e4 <pll_init>
10001978:	4b1a      	ldr	r3, [pc, #104]	@ (100019e4 <runtime_init_clocks+0xb8>)
1000197a:	2200      	movs	r2, #0
1000197c:	4621      	mov	r1, r4
1000197e:	2004      	movs	r0, #4
10001980:	f7ff fda0 	bl	100014c4 <clock_configure_undivided>
10001984:	4c18      	ldr	r4, [pc, #96]	@ (100019e8 <runtime_init_clocks+0xbc>)
10001986:	4623      	mov	r3, r4
10001988:	2200      	movs	r2, #0
1000198a:	2101      	movs	r1, #1
1000198c:	4628      	mov	r0, r5
1000198e:	f7ff fd99 	bl	100014c4 <clock_configure_undivided>
10001992:	4d16      	ldr	r5, [pc, #88]	@ (100019ec <runtime_init_clocks+0xc0>)
10001994:	462b      	mov	r3, r5
10001996:	2200      	movs	r2, #0
10001998:	4611      	mov	r1, r2
1000199a:	2008      	movs	r0, #8
1000199c:	f7ff fd92 	bl	100014c4 <clock_configure_undivided>
100019a0:	462b      	mov	r3, r5
100019a2:	2200      	movs	r2, #0
100019a4:	4611      	mov	r1, r2
100019a6:	2009      	movs	r0, #9
100019a8:	f7ff fd8c 	bl	100014c4 <clock_configure_undivided>
100019ac:	4623      	mov	r3, r4
100019ae:	2200      	movs	r2, #0
100019b0:	4611      	mov	r1, r2
100019b2:	2006      	movs	r0, #6
100019b4:	f7ff fd86 	bl	100014c4 <clock_configure_undivided>
100019b8:	4623      	mov	r3, r4
100019ba:	2200      	movs	r2, #0
100019bc:	4611      	mov	r1, r2
100019be:	2007      	movs	r0, #7
100019c0:	f7ff fd80 	bl	100014c4 <clock_configure_undivided>
100019c4:	f7ff ff9e 	bl	10001904 <start_all_ticks>
100019c8:	b003      	add	sp, #12
100019ca:	bd30      	pop	{r4, r5, pc}
100019cc:	40010000 	.word	0x40010000
100019d0:	40013000 	.word	0x40013000
100019d4:	59682f00 	.word	0x59682f00
100019d8:	40050000 	.word	0x40050000
100019dc:	47868c00 	.word	0x47868c00
100019e0:	40058000 	.word	0x40058000
100019e4:	00b71b00 	.word	0x00b71b00
100019e8:	08f0d180 	.word	0x08f0d180
100019ec:	02dc6c00 	.word	0x02dc6c00

100019f0 <generic_save_state>:
100019f0:	b086      	sub	sp, #24
100019f2:	b403      	push	{r0, r1}
100019f4:	fc51 0408 	dcp_pxmd r0, r1
100019f8:	e9cd 0102 	strd	r0, r1, [sp, #8]
100019fc:	fc51 0409 	dcp_pymd r0, r1
10001a00:	e9cd 0104 	strd	r0, r1, [sp, #16]
10001a04:	ec51 040a 	dcp_refd r0, r1
10001a08:	e9cd 0106 	strd	r0, r1, [sp, #24]
10001a0c:	bc03      	pop	{r0, r1}
10001a0e:	47f0      	blx	lr

10001a10 <generic_restore_state>:
10001a10:	e8bd 5000 	ldmia.w	sp!, {ip, lr}
10001a14:	ec4e c400 	dcp_wxmd ip, lr
10001a18:	e8bd 5000 	ldmia.w	sp!, {ip, lr}
10001a1c:	ec4e c401 	dcp_wymd ip, lr
10001a20:	e8bd 5000 	ldmia.w	sp!, {ip, lr}
10001a24:	ec4e c402 	dcp_wefd ip, lr
10001a28:	bd00      	pop	{pc}
10001a2a:	0000      	movs	r0, r0
10001a2c:	b500      	push	{lr}
10001a2e:	f7ff ffdf 	bl	100019f0 <generic_save_state>
10001a32:	e002      	b.n	10001a3a <__wrap___aeabi_dadd+0x6>

10001a34 <__wrap___aeabi_dadd>:
10001a34:	fe10 f430 	dcp_pcmp APSR_nzcv
10001a38:	d4f8      	bmi.n	10001a2c <generic_restore_state+0x1c>
10001a3a:	ec41 0410 	dcp_wxup r0, r1
10001a3e:	ec43 2411 	dcp_wyup r2, r3
10001a42:	ee00 0401 			dcp_add0
10001a46:	ee10 0401 			dcp_add1
10001a4a:	ee80 0420 			dcp_nrdd
10001a4e:	ec51 0410 	dcp_rdda r0, r1
10001a52:	4770      	bx	lr
10001a54:	b500      	push	{lr}
10001a56:	f7ff ffcb 	bl	100019f0 <generic_save_state>
10001a5a:	e002      	b.n	10001a62 <__wrap___aeabi_dsub+0x6>

10001a5c <__wrap___aeabi_dsub>:
10001a5c:	fe10 f430 	dcp_pcmp APSR_nzcv
10001a60:	d4f8      	bmi.n	10001a54 <__wrap___aeabi_dadd+0x20>
10001a62:	ec41 0410 	dcp_wxup r0, r1
10001a66:	ec43 2411 	dcp_wyup r2, r3
10001a6a:	ee00 0401 			dcp_add0
10001a6e:	ee10 0421 			dcp_sub1
10001a72:	ee80 0420 			dcp_nrdd
10001a76:	ec51 0430 	dcp_rdds r0, r1
10001a7a:	4770      	bx	lr
10001a7c:	b500      	push	{lr}
10001a7e:	f7ff ffb7 	bl	100019f0 <generic_save_state>
10001a82:	e002      	b.n	10001a8a <__wrap___aeabi_dmul+0x6>

10001a84 <__wrap___aeabi_dmul>:
10001a84:	fe10 f430 	dcp_pcmp APSR_nzcv
10001a88:	d4f8      	bmi.n	10001a7c <__wrap___aeabi_dsub+0x20>
10001a8a:	b510      	push	{r4, lr}
10001a8c:	ec41 0410 	dcp_wxup r0, r1
10001a90:	ec43 2411 	dcp_wyup r2, r3
10001a94:	ec51 0404 	dcp_rxms r0, r1, #0x0
10001a98:	ec53 2405 	dcp_ryms r2, r3, #0x0
10001a9c:	fba0 4c02 	umull	r4, ip, r0, r2
10001aa0:	f05f 0e00 	movs.w	lr, #0
10001aa4:	fbe0 ce03 	umlal	ip, lr, r0, r3
10001aa8:	fbe1 ce02 	umlal	ip, lr, r1, r2
10001aac:	ec4c 4420 	dcp_wxms r4, ip
10001ab0:	2400      	movs	r4, #0
10001ab2:	fbe1 e403 	umlal	lr, r4, r1, r3
10001ab6:	ec44 e430 	dcp_wxmo lr, r4
10001aba:	ee80 0420 			dcp_nrdd
10001abe:	ec51 0450 	dcp_rddm r0, r1
10001ac2:	bd10      	pop	{r4, pc}
10001ac4:	b500      	push	{lr}
10001ac6:	f7ff ff93 	bl	100019f0 <generic_save_state>
10001aca:	e002      	b.n	10001ad2 <__wrap___aeabi_ddiv+0x6>

10001acc <__wrap___aeabi_ddiv>:
10001acc:	fe10 f430 	dcp_pcmp APSR_nzcv
10001ad0:	d4f8      	bmi.n	10001ac4 <__wrap___aeabi_dmul+0x40>
10001ad2:	ec41 0410 	dcp_wxup r0, r1
10001ad6:	ec43 2411 	dcp_wyup r2, r3
10001ada:	ec51 0421 	dcp_rymr r0, r1
10001ade:	fba0 1201 	umull	r1, r2, r0, r1
10001ae2:	ea6f 0282 	mvn.w	r2, r2, lsl #2
10001ae6:	fb52 0010 	smmlar	r0, r2, r0, r0
10001aea:	fb52 f212 	smmulr	r2, r2, r2
10001aee:	fb52 0010 	smmlar	r0, r2, r0, r0
10001af2:	eba0 7cd0 	sub.w	ip, r0, r0, lsr #31
10001af6:	ec53 2404 	dcp_rxms r2, r3, #0x0
10001afa:	fb5c f113 	smmulr	r1, ip, r3
10001afe:	ec53 2415 	dcp_ryms r2, r3, #0x1
10001b02:	fba1 2002 	umull	r2, r0, r1, r2
10001b06:	fb01 0003 	mla	r0, r1, r3, r0
10001b0a:	ec53 2444 	dcp_rxms r2, r3, #0x4
10001b0e:	eba2 0000 	sub.w	r0, r2, r0
10001b12:	fb50 f21c 	smmulr	r2, r0, ip
10001b16:	ea4f 1311 	mov.w	r3, r1, lsr #4
10001b1a:	eb12 7001 	adds.w	r0, r2, r1, lsl #28
10001b1e:	eb43 71e2 	adc.w	r1, r3, r2, asr #31
10001b22:	ea40 5051 	orr.w	r0, r0, r1, lsr #21
10001b26:	ea20 5091 	bic.w	r0, r0, r1, lsr #22
10001b2a:	f020 0007 	bic.w	r0, r0, #7
10001b2e:	ec53 2475 	dcp_ryms r2, r3, #0x7
10001b32:	fba0 3c02 	umull	r3, ip, r0, r2
10001b36:	ec53 2475 	dcp_ryms r2, r3, #0x7
10001b3a:	fb00 cc03 	mla	ip, r0, r3, ip
10001b3e:	fb01 cc02 	mla	ip, r1, r2, ip
10001b42:	ec53 2404 	dcp_rxms r2, r3, #0x0
10001b46:	ebac 4c82 	sub.w	ip, ip, r2, lsl #18
10001b4a:	ea40 705c 	orr.w	r0, r0, ip, lsr #29
10001b4e:	f1a0 0001 	sub.w	r0, r0, #1
10001b52:	ec41 0440 	dcp_wxdd r0, r1
10001b56:	ee80 0420 			dcp_nrdd
10001b5a:	ec51 0470 	dcp_rddd r0, r1
10001b5e:	4770      	bx	lr
10001b60:	b500      	push	{lr}
10001b62:	f7ff ff45 	bl	100019f0 <generic_save_state>
10001b66:	e002      	b.n	10001b6e <__wrap___aeabi_i2d+0x6>

10001b68 <__wrap___aeabi_i2d>:
10001b68:	fe10 f430 	dcp_pcmp APSR_nzcv
10001b6c:	d4f8      	bmi.n	10001b60 <__wrap___aeabi_ddiv+0x94>
10001b6e:	ec40 0470 	dcp_wxic r0, r0
10001b72:	ee00 0401 			dcp_add0
10001b76:	ee10 0421 			dcp_sub1
10001b7a:	ee80 0420 			dcp_nrdd
10001b7e:	ec51 0430 	dcp_rdds r0, r1
10001b82:	4770      	bx	lr
10001b84:	b500      	push	{lr}
10001b86:	f7ff ff33 	bl	100019f0 <generic_save_state>
10001b8a:	e002      	b.n	10001b92 <__wrap___aeabi_ui2d+0x6>

10001b8c <__wrap___aeabi_ui2d>:
10001b8c:	fe10 f430 	dcp_pcmp APSR_nzcv
10001b90:	d4f8      	bmi.n	10001b84 <__wrap___aeabi_i2d+0x1c>
10001b92:	ec40 0460 	dcp_wxuc r0, r0
10001b96:	ee00 0401 			dcp_add0
10001b9a:	ee10 0421 			dcp_sub1
10001b9e:	ee80 0420 			dcp_nrdd
10001ba2:	ec51 0430 	dcp_rdds r0, r1
10001ba6:	4770      	bx	lr
10001ba8:	b500      	push	{lr}
10001baa:	f7ff ff21 	bl	100019f0 <generic_save_state>
10001bae:	e002      	b.n	10001bb6 <double2int_z_entry>

10001bb0 <__wrap___aeabi_d2iz>:
10001bb0:	fe10 f430 	dcp_pcmp APSR_nzcv
10001bb4:	d4f8      	bmi.n	10001ba8 <__wrap___aeabi_ui2d+0x1c>

10001bb6 <double2int_z_entry>:
10001bb6:	ec41 0480 	dcp_wxdc r0, r1
10001bba:	ee00 0401 			dcp_add0
10001bbe:	ee10 0401 			dcp_add1
10001bc2:	ee80 0440 			dcp_ntdc
10001bc6:	ee10 0413 			dcp_rdic r0
10001bca:	4770      	bx	lr
10001bcc:	b500      	push	{lr}
10001bce:	f7ff ff0f 	bl	100019f0 <generic_save_state>
10001bd2:	e002      	b.n	10001bda <double2uint_z_entry>

10001bd4 <__wrap___aeabi_d2uiz>:
10001bd4:	fe10 f430 	dcp_pcmp APSR_nzcv
10001bd8:	d4f8      	bmi.n	10001bcc <double2int_z_entry+0x16>

10001bda <double2uint_z_entry>:
10001bda:	ec41 0480 	dcp_wxdc r0, r1
10001bde:	ee00 0401 			dcp_add0
10001be2:	ee10 0401 			dcp_add1
10001be6:	ee80 0440 			dcp_ntdc
10001bea:	ee10 0433 			dcp_rduc r0
10001bee:	4770      	bx	lr
10001bf0:	b500      	push	{lr}
10001bf2:	f7ff fefd 	bl	100019f0 <generic_save_state>
10001bf6:	e002      	b.n	10001bfe <__wrap___aeabi_dcmpun+0x6>

10001bf8 <__wrap___aeabi_dcmpun>:
10001bf8:	fe10 f430 	dcp_pcmp APSR_nzcv
10001bfc:	d4f8      	bmi.n	10001bf0 <double2uint_z_entry+0x16>
10001bfe:	ec41 0410 	dcp_wxup r0, r1
10001c02:	ec43 2411 	dcp_wyup r2, r3
10001c06:	ee00 0401 			dcp_add0
10001c0a:	ee10 0430 			dcp_rcmp r0
10001c0e:	f3c0 7000 	ubfx	r0, r0, #28, #1
10001c12:	4770      	bx	lr
10001c14:	b500      	push	{lr}
10001c16:	f7ff feeb 	bl	100019f0 <generic_save_state>
10001c1a:	e002      	b.n	10001c22 <__wrap___aeabi_dcmplt+0x6>

10001c1c <__wrap___aeabi_dcmplt>:
10001c1c:	fe10 f430 	dcp_pcmp APSR_nzcv
10001c20:	d4f8      	bmi.n	10001c14 <__wrap___aeabi_dcmpun+0x1c>
10001c22:	ec43 2410 	dcp_wxup r2, r3
10001c26:	ec41 0411 	dcp_wyup r0, r1
10001c2a:	ee00 0401 			dcp_add0
10001c2e:	ee10 f430 			dcp_rcmp APSR_nzcv
10001c32:	bf8c      	ite	hi
10001c34:	2001      	movhi	r0, #1
10001c36:	2000      	movls	r0, #0
10001c38:	4770      	bx	lr
10001c3a:	bf00      	nop
10001c3c:	b500      	push	{lr}
10001c3e:	f7ff fed7 	bl	100019f0 <generic_save_state>
10001c42:	e002      	b.n	10001c4a <__wrap___aeabi_dcmple+0x6>

10001c44 <__wrap___aeabi_dcmple>:
10001c44:	fe10 f430 	dcp_pcmp APSR_nzcv
10001c48:	d4f8      	bmi.n	10001c3c <__wrap___aeabi_dcmplt+0x20>
10001c4a:	ec43 2410 	dcp_wxup r2, r3
10001c4e:	ec41 0411 	dcp_wyup r0, r1
10001c52:	ee00 0401 			dcp_add0
10001c56:	ee10 f430 			dcp_rcmp APSR_nzcv
10001c5a:	bf2c      	ite	cs
10001c5c:	2001      	movcs	r0, #1
10001c5e:	2000      	movcc	r0, #0
10001c60:	4770      	bx	lr
10001c62:	bf00      	nop
10001c64:	b500      	push	{lr}
10001c66:	f7ff fec3 	bl	100019f0 <generic_save_state>
10001c6a:	e002      	b.n	10001c72 <__wrap___aeabi_dcmpge+0x6>

10001c6c <__wrap___aeabi_dcmpge>:
10001c6c:	fe10 f430 	dcp_pcmp APSR_nzcv
10001c70:	d4f8      	bmi.n	10001c64 <__wrap___aeabi_dcmple+0x20>
10001c72:	ec41 0410 	dcp_wxup r0, r1
10001c76:	ec43 2411 	dcp_wyup r2, r3
10001c7a:	ee00 0401 			dcp_add0
10001c7e:	ee10 f430 			dcp_rcmp APSR_nzcv
10001c82:	bf2c      	ite	cs
10001c84:	2001      	movcs	r0, #1
10001c86:	2000      	movcc	r0, #0
10001c88:	4770      	bx	lr
10001c8a:	bf00      	nop
10001c8c:	b500      	push	{lr}
10001c8e:	f7ff feaf 	bl	100019f0 <generic_save_state>
10001c92:	e002      	b.n	10001c9a <__wrap___aeabi_dcmpgt+0x6>

10001c94 <__wrap___aeabi_dcmpgt>:
10001c94:	fe10 f430 	dcp_pcmp APSR_nzcv
10001c98:	d4f8      	bmi.n	10001c8c <__wrap___aeabi_dcmpge+0x20>
10001c9a:	ec41 0410 	dcp_wxup r0, r1
10001c9e:	ec43 2411 	dcp_wyup r2, r3
10001ca2:	ee00 0401 			dcp_add0
10001ca6:	ee10 f430 			dcp_rcmp APSR_nzcv
10001caa:	bf8c      	ite	hi
10001cac:	2001      	movhi	r0, #1
10001cae:	2000      	movls	r0, #0
10001cb0:	4770      	bx	lr
10001cb2:	bf00      	nop

10001cb4 <_out_null>:
10001cb4:	4770      	bx	lr

10001cb6 <_out_fct>:
10001cb6:	b120      	cbz	r0, 10001cc2 <_out_fct+0xc>
10001cb8:	b508      	push	{r3, lr}
10001cba:	680a      	ldr	r2, [r1, #0]
10001cbc:	6849      	ldr	r1, [r1, #4]
10001cbe:	4790      	blx	r2
10001cc0:	bd08      	pop	{r3, pc}
10001cc2:	4770      	bx	lr

10001cc4 <_atoi>:
10001cc4:	4601      	mov	r1, r0
10001cc6:	2000      	movs	r0, #0
10001cc8:	e008      	b.n	10001cdc <_atoi+0x18>
10001cca:	eb00 0080 	add.w	r0, r0, r0, lsl #2
10001cce:	1c53      	adds	r3, r2, #1
10001cd0:	600b      	str	r3, [r1, #0]
10001cd2:	7813      	ldrb	r3, [r2, #0]
10001cd4:	eb03 0340 	add.w	r3, r3, r0, lsl #1
10001cd8:	f1a3 0030 	sub.w	r0, r3, #48	@ 0x30
10001cdc:	680a      	ldr	r2, [r1, #0]
10001cde:	7813      	ldrb	r3, [r2, #0]
10001ce0:	3b30      	subs	r3, #48	@ 0x30
10001ce2:	b2db      	uxtb	r3, r3
10001ce4:	2b09      	cmp	r3, #9
10001ce6:	d9f0      	bls.n	10001cca <_atoi+0x6>
10001ce8:	4770      	bx	lr

10001cea <_out_rev>:
10001cea:	e92d 4ff0 	stmdb	sp!, {r4, r5, r6, r7, r8, r9, sl, fp, lr}
10001cee:	b083      	sub	sp, #12
10001cf0:	4605      	mov	r5, r0
10001cf2:	460e      	mov	r6, r1
10001cf4:	4693      	mov	fp, r2
10001cf6:	461f      	mov	r7, r3
10001cf8:	f8dd 8030 	ldr.w	r8, [sp, #48]	@ 0x30
10001cfc:	9c0d      	ldr	r4, [sp, #52]	@ 0x34
10001cfe:	f8dd 9038 	ldr.w	r9, [sp, #56]	@ 0x38
10001d02:	9b0f      	ldr	r3, [sp, #60]	@ 0x3c
10001d04:	f013 0202 	ands.w	r2, r3, #2
10001d08:	9200      	str	r2, [sp, #0]
10001d0a:	d128      	bne.n	10001d5e <_out_rev+0x74>
10001d0c:	f013 0f01 	tst.w	r3, #1
10001d10:	d00f      	beq.n	10001d32 <_out_rev+0x48>
10001d12:	465a      	mov	r2, fp
10001d14:	e01b      	b.n	10001d4e <_out_rev+0x64>
10001d16:	f102 0b01 	add.w	fp, r2, #1
10001d1a:	463b      	mov	r3, r7
10001d1c:	4631      	mov	r1, r6
10001d1e:	2020      	movs	r0, #32
10001d20:	47a8      	blx	r5
10001d22:	f10a 0a01 	add.w	sl, sl, #1
10001d26:	465a      	mov	r2, fp
10001d28:	45ca      	cmp	sl, r9
10001d2a:	d3f4      	bcc.n	10001d16 <_out_rev+0x2c>
10001d2c:	f8dd b004 	ldr.w	fp, [sp, #4]
10001d30:	e00d      	b.n	10001d4e <_out_rev+0x64>
10001d32:	46a2      	mov	sl, r4
10001d34:	465a      	mov	r2, fp
10001d36:	f8cd b004 	str.w	fp, [sp, #4]
10001d3a:	e7f5      	b.n	10001d28 <_out_rev+0x3e>
10001d3c:	3c01      	subs	r4, #1
10001d3e:	f102 0a01 	add.w	sl, r2, #1
10001d42:	463b      	mov	r3, r7
10001d44:	4631      	mov	r1, r6
10001d46:	f818 0004 	ldrb.w	r0, [r8, r4]
10001d4a:	47a8      	blx	r5
10001d4c:	4652      	mov	r2, sl
10001d4e:	2c00      	cmp	r4, #0
10001d50:	d1f4      	bne.n	10001d3c <_out_rev+0x52>
10001d52:	9b00      	ldr	r3, [sp, #0]
10001d54:	b95b      	cbnz	r3, 10001d6e <_out_rev+0x84>
10001d56:	4610      	mov	r0, r2
10001d58:	b003      	add	sp, #12
10001d5a:	e8bd 8ff0 	ldmia.w	sp!, {r4, r5, r6, r7, r8, r9, sl, fp, pc}
10001d5e:	465a      	mov	r2, fp
10001d60:	e7f5      	b.n	10001d4e <_out_rev+0x64>
10001d62:	1c54      	adds	r4, r2, #1
10001d64:	463b      	mov	r3, r7
10001d66:	4631      	mov	r1, r6
10001d68:	2020      	movs	r0, #32
10001d6a:	47a8      	blx	r5
10001d6c:	4622      	mov	r2, r4
10001d6e:	eba2 030b 	sub.w	r3, r2, fp
10001d72:	454b      	cmp	r3, r9
10001d74:	d3f5      	bcc.n	10001d62 <_out_rev+0x78>
10001d76:	e7ee      	b.n	10001d56 <_out_rev+0x6c>

10001d78 <_ntoa_format>:
10001d78:	e92d 41f0 	stmdb	sp!, {r4, r5, r6, r7, r8, lr}
10001d7c:	b084      	sub	sp, #16
10001d7e:	4604      	mov	r4, r0
10001d80:	460d      	mov	r5, r1
10001d82:	4616      	mov	r6, r2
10001d84:	461f      	mov	r7, r3
10001d86:	f8dd e028 	ldr.w	lr, [sp, #40]	@ 0x28
10001d8a:	f8dd c02c 	ldr.w	ip, [sp, #44]	@ 0x2c
10001d8e:	f89d 3030 	ldrb.w	r3, [sp, #48]	@ 0x30
10001d92:	461a      	mov	r2, r3
10001d94:	4698      	mov	r8, r3
10001d96:	980e      	ldr	r0, [sp, #56]	@ 0x38
10001d98:	990f      	ldr	r1, [sp, #60]	@ 0x3c
10001d9a:	9b10      	ldr	r3, [sp, #64]	@ 0x40
10001d9c:	f013 0f02 	tst.w	r3, #2
10001da0:	d121      	bne.n	10001de6 <_ntoa_format+0x6e>
10001da2:	b169      	cbz	r1, 10001dc0 <_ntoa_format+0x48>
10001da4:	f013 0f01 	tst.w	r3, #1
10001da8:	d00a      	beq.n	10001dc0 <_ntoa_format+0x48>
10001daa:	b912      	cbnz	r2, 10001db2 <_ntoa_format+0x3a>
10001dac:	f013 0f0c 	tst.w	r3, #12
10001db0:	d006      	beq.n	10001dc0 <_ntoa_format+0x48>
10001db2:	3901      	subs	r1, #1
10001db4:	e004      	b.n	10001dc0 <_ntoa_format+0x48>
10001db6:	2230      	movs	r2, #48	@ 0x30
10001db8:	f80e 200c 	strb.w	r2, [lr, ip]
10001dbc:	f10c 0c01 	add.w	ip, ip, #1
10001dc0:	4584      	cmp	ip, r0
10001dc2:	d202      	bcs.n	10001dca <_ntoa_format+0x52>
10001dc4:	f1bc 0f1f 	cmp.w	ip, #31
10001dc8:	d9f5      	bls.n	10001db6 <_ntoa_format+0x3e>
10001dca:	f013 0f01 	tst.w	r3, #1
10001dce:	d00a      	beq.n	10001de6 <_ntoa_format+0x6e>
10001dd0:	458c      	cmp	ip, r1
10001dd2:	d208      	bcs.n	10001de6 <_ntoa_format+0x6e>
10001dd4:	f1bc 0f1f 	cmp.w	ip, #31
10001dd8:	d805      	bhi.n	10001de6 <_ntoa_format+0x6e>
10001dda:	2230      	movs	r2, #48	@ 0x30
10001ddc:	f80e 200c 	strb.w	r2, [lr, ip]
10001de0:	f10c 0c01 	add.w	ip, ip, #1
10001de4:	e7f1      	b.n	10001dca <_ntoa_format+0x52>
10001de6:	f013 0f10 	tst.w	r3, #16
10001dea:	d017      	beq.n	10001e1c <_ntoa_format+0xa4>
10001dec:	f413 6f80 	tst.w	r3, #1024	@ 0x400
10001df0:	d106      	bne.n	10001e00 <_ntoa_format+0x88>
10001df2:	f1bc 0f00 	cmp.w	ip, #0
10001df6:	d003      	beq.n	10001e00 <_ntoa_format+0x88>
10001df8:	4584      	cmp	ip, r0
10001dfa:	d029      	beq.n	10001e50 <_ntoa_format+0xd8>
10001dfc:	458c      	cmp	ip, r1
10001dfe:	d027      	beq.n	10001e50 <_ntoa_format+0xd8>
10001e00:	9a0d      	ldr	r2, [sp, #52]	@ 0x34
10001e02:	2a10      	cmp	r2, #16
10001e04:	d03c      	beq.n	10001e80 <_ntoa_format+0x108>
10001e06:	9a0d      	ldr	r2, [sp, #52]	@ 0x34
10001e08:	2a02      	cmp	r2, #2
10001e0a:	d047      	beq.n	10001e9c <_ntoa_format+0x124>
10001e0c:	f1bc 0f1f 	cmp.w	ip, #31
10001e10:	d80f      	bhi.n	10001e32 <_ntoa_format+0xba>
10001e12:	2230      	movs	r2, #48	@ 0x30
10001e14:	f80e 200c 	strb.w	r2, [lr, ip]
10001e18:	f10c 0c01 	add.w	ip, ip, #1
10001e1c:	f1bc 0f1f 	cmp.w	ip, #31
10001e20:	d807      	bhi.n	10001e32 <_ntoa_format+0xba>
10001e22:	4642      	mov	r2, r8
10001e24:	2a00      	cmp	r2, #0
10001e26:	d042      	beq.n	10001eae <_ntoa_format+0x136>
10001e28:	222d      	movs	r2, #45	@ 0x2d
10001e2a:	f80e 200c 	strb.w	r2, [lr, ip]
10001e2e:	f10c 0c01 	add.w	ip, ip, #1
10001e32:	9303      	str	r3, [sp, #12]
10001e34:	9102      	str	r1, [sp, #8]
10001e36:	f8cd c004 	str.w	ip, [sp, #4]
10001e3a:	f8cd e000 	str.w	lr, [sp]
10001e3e:	463b      	mov	r3, r7
10001e40:	4632      	mov	r2, r6
10001e42:	4629      	mov	r1, r5
10001e44:	4620      	mov	r0, r4
10001e46:	f7ff ff50 	bl	10001cea <_out_rev>
10001e4a:	b004      	add	sp, #16
10001e4c:	e8bd 81f0 	ldmia.w	sp!, {r4, r5, r6, r7, r8, pc}
10001e50:	f1bc 0201 	subs.w	r2, ip, #1
10001e54:	d020      	beq.n	10001e98 <_ntoa_format+0x120>
10001e56:	980d      	ldr	r0, [sp, #52]	@ 0x34
10001e58:	2810      	cmp	r0, #16
10001e5a:	d00f      	beq.n	10001e7c <_ntoa_format+0x104>
10001e5c:	4694      	mov	ip, r2
10001e5e:	9a0d      	ldr	r2, [sp, #52]	@ 0x34
10001e60:	2a10      	cmp	r2, #16
10001e62:	d1d0      	bne.n	10001e06 <_ntoa_format+0x8e>
10001e64:	f013 0f20 	tst.w	r3, #32
10001e68:	d0cd      	beq.n	10001e06 <_ntoa_format+0x8e>
10001e6a:	f1bc 0f1f 	cmp.w	ip, #31
10001e6e:	d8ca      	bhi.n	10001e06 <_ntoa_format+0x8e>
10001e70:	2258      	movs	r2, #88	@ 0x58
10001e72:	f80e 200c 	strb.w	r2, [lr, ip]
10001e76:	f10c 0c01 	add.w	ip, ip, #1
10001e7a:	e7c7      	b.n	10001e0c <_ntoa_format+0x94>
10001e7c:	f1ac 0c02 	sub.w	ip, ip, #2
10001e80:	f013 0f20 	tst.w	r3, #32
10001e84:	d1eb      	bne.n	10001e5e <_ntoa_format+0xe6>
10001e86:	f1bc 0f1f 	cmp.w	ip, #31
10001e8a:	d8e8      	bhi.n	10001e5e <_ntoa_format+0xe6>
10001e8c:	2278      	movs	r2, #120	@ 0x78
10001e8e:	f80e 200c 	strb.w	r2, [lr, ip]
10001e92:	f10c 0c01 	add.w	ip, ip, #1
10001e96:	e7b9      	b.n	10001e0c <_ntoa_format+0x94>
10001e98:	4694      	mov	ip, r2
10001e9a:	e7b1      	b.n	10001e00 <_ntoa_format+0x88>
10001e9c:	f1bc 0f1f 	cmp.w	ip, #31
10001ea0:	d8c7      	bhi.n	10001e32 <_ntoa_format+0xba>
10001ea2:	2262      	movs	r2, #98	@ 0x62
10001ea4:	f80e 200c 	strb.w	r2, [lr, ip]
10001ea8:	f10c 0c01 	add.w	ip, ip, #1
10001eac:	e7ae      	b.n	10001e0c <_ntoa_format+0x94>
10001eae:	f013 0f04 	tst.w	r3, #4
10001eb2:	d005      	beq.n	10001ec0 <_ntoa_format+0x148>
10001eb4:	222b      	movs	r2, #43	@ 0x2b
10001eb6:	f80e 200c 	strb.w	r2, [lr, ip]
10001eba:	f10c 0c01 	add.w	ip, ip, #1
10001ebe:	e7b8      	b.n	10001e32 <_ntoa_format+0xba>
10001ec0:	f013 0f08 	tst.w	r3, #8
10001ec4:	d0b5      	beq.n	10001e32 <_ntoa_format+0xba>
10001ec6:	2220      	movs	r2, #32
10001ec8:	f80e 200c 	strb.w	r2, [lr, ip]
10001ecc:	f10c 0c01 	add.w	ip, ip, #1
10001ed0:	e7af      	b.n	10001e32 <_ntoa_format+0xba>

10001ed2 <_ntoa_long>:
10001ed2:	b5f0      	push	{r4, r5, r6, r7, lr}
10001ed4:	b091      	sub	sp, #68	@ 0x44
10001ed6:	460d      	mov	r5, r1
10001ed8:	4616      	mov	r6, r2
10001eda:	461f      	mov	r7, r3
10001edc:	9b16      	ldr	r3, [sp, #88]	@ 0x58
10001ede:	9a18      	ldr	r2, [sp, #96]	@ 0x60
10001ee0:	991b      	ldr	r1, [sp, #108]	@ 0x6c
10001ee2:	b90b      	cbnz	r3, 10001ee8 <_ntoa_long+0x16>
10001ee4:	f021 0110 	bic.w	r1, r1, #16
10001ee8:	f411 6e80 	ands.w	lr, r1, #1024	@ 0x400
10001eec:	d01d      	beq.n	10001f2a <_ntoa_long+0x58>
10001eee:	b363      	cbz	r3, 10001f4a <_ntoa_long+0x78>
10001ef0:	f04f 0e00 	mov.w	lr, #0
10001ef4:	e019      	b.n	10001f2a <_ntoa_long+0x58>
10001ef6:	f011 0f20 	tst.w	r1, #32
10001efa:	d024      	beq.n	10001f46 <_ntoa_long+0x74>
10001efc:	2441      	movs	r4, #65	@ 0x41
10001efe:	44a4      	add	ip, r4
10001f00:	fa5f fc8c 	uxtb.w	ip, ip
10001f04:	f1ac 0c0a 	sub.w	ip, ip, #10
10001f08:	fa5f fc8c 	uxtb.w	ip, ip
10001f0c:	f10e 0401 	add.w	r4, lr, #1
10001f10:	f10e 0e40 	add.w	lr, lr, #64	@ 0x40
10001f14:	44ee      	add	lr, sp
10001f16:	f80e cc20 	strb.w	ip, [lr, #-32]
10001f1a:	fbb3 fcf2 	udiv	ip, r3, r2
10001f1e:	4293      	cmp	r3, r2
10001f20:	d314      	bcc.n	10001f4c <_ntoa_long+0x7a>
10001f22:	2c1f      	cmp	r4, #31
10001f24:	d812      	bhi.n	10001f4c <_ntoa_long+0x7a>
10001f26:	46a6      	mov	lr, r4
10001f28:	4663      	mov	r3, ip
10001f2a:	fbb3 fcf2 	udiv	ip, r3, r2
10001f2e:	fb02 3c1c 	mls	ip, r2, ip, r3
10001f32:	fa5f fc8c 	uxtb.w	ip, ip
10001f36:	f1bc 0f09 	cmp.w	ip, #9
10001f3a:	d8dc      	bhi.n	10001ef6 <_ntoa_long+0x24>
10001f3c:	f10c 0c30 	add.w	ip, ip, #48	@ 0x30
10001f40:	fa5f fc8c 	uxtb.w	ip, ip
10001f44:	e7e2      	b.n	10001f0c <_ntoa_long+0x3a>
10001f46:	2461      	movs	r4, #97	@ 0x61
10001f48:	e7d9      	b.n	10001efe <_ntoa_long+0x2c>
10001f4a:	461c      	mov	r4, r3
10001f4c:	9106      	str	r1, [sp, #24]
10001f4e:	9b1a      	ldr	r3, [sp, #104]	@ 0x68
10001f50:	9305      	str	r3, [sp, #20]
10001f52:	9b19      	ldr	r3, [sp, #100]	@ 0x64
10001f54:	9304      	str	r3, [sp, #16]
10001f56:	9203      	str	r2, [sp, #12]
10001f58:	f89d 305c 	ldrb.w	r3, [sp, #92]	@ 0x5c
10001f5c:	9302      	str	r3, [sp, #8]
10001f5e:	9401      	str	r4, [sp, #4]
10001f60:	ab08      	add	r3, sp, #32
10001f62:	9300      	str	r3, [sp, #0]
10001f64:	463b      	mov	r3, r7
10001f66:	4632      	mov	r2, r6
10001f68:	4629      	mov	r1, r5
10001f6a:	f7ff ff05 	bl	10001d78 <_ntoa_format>
10001f6e:	b011      	add	sp, #68	@ 0x44
10001f70:	bdf0      	pop	{r4, r5, r6, r7, pc}

10001f72 <_ntoa_long_long>:
10001f72:	e92d 4ff0 	stmdb	sp!, {r4, r5, r6, r7, r8, r9, sl, fp, lr}
10001f76:	b095      	sub	sp, #84	@ 0x54
10001f78:	4683      	mov	fp, r0
10001f7a:	9109      	str	r1, [sp, #36]	@ 0x24
10001f7c:	920a      	str	r2, [sp, #40]	@ 0x28
10001f7e:	930b      	str	r3, [sp, #44]	@ 0x2c
10001f80:	9f1e      	ldr	r7, [sp, #120]	@ 0x78
10001f82:	9d1f      	ldr	r5, [sp, #124]	@ 0x7c
10001f84:	f8dd 8088 	ldr.w	r8, [sp, #136]	@ 0x88
10001f88:	f8dd 908c 	ldr.w	r9, [sp, #140]	@ 0x8c
10001f8c:	f8dd a098 	ldr.w	sl, [sp, #152]	@ 0x98
10001f90:	ea57 0305 	orrs.w	r3, r7, r5
10001f94:	d101      	bne.n	10001f9a <_ntoa_long_long+0x28>
10001f96:	f02a 0a10 	bic.w	sl, sl, #16
10001f9a:	f41a 6480 	ands.w	r4, sl, #1024	@ 0x400
10001f9e:	d022      	beq.n	10001fe6 <_ntoa_long_long+0x74>
10001fa0:	ea57 0305 	orrs.w	r3, r7, r5
10001fa4:	d02d      	beq.n	10002002 <_ntoa_long_long+0x90>
10001fa6:	2400      	movs	r4, #0
10001fa8:	e01d      	b.n	10001fe6 <_ntoa_long_long+0x74>
10001faa:	f01a 0f20 	tst.w	sl, #32
10001fae:	d026      	beq.n	10001ffe <_ntoa_long_long+0x8c>
10001fb0:	2341      	movs	r3, #65	@ 0x41
10001fb2:	4413      	add	r3, r2
10001fb4:	b2db      	uxtb	r3, r3
10001fb6:	3b0a      	subs	r3, #10
10001fb8:	b2db      	uxtb	r3, r3
10001fba:	1c66      	adds	r6, r4, #1
10001fbc:	f104 0250 	add.w	r2, r4, #80	@ 0x50
10001fc0:	eb0d 0402 	add.w	r4, sp, r2
10001fc4:	f804 3c20 	strb.w	r3, [r4, #-32]
10001fc8:	4642      	mov	r2, r8
10001fca:	464b      	mov	r3, r9
10001fcc:	4638      	mov	r0, r7
10001fce:	4629      	mov	r1, r5
10001fd0:	f003 fe72 	bl	10005cb8 <____aeabi_uldivmod_veneer>
10001fd4:	4547      	cmp	r7, r8
10001fd6:	eb75 0509 	sbcs.w	r5, r5, r9
10001fda:	d313      	bcc.n	10002004 <_ntoa_long_long+0x92>
10001fdc:	2e1f      	cmp	r6, #31
10001fde:	d811      	bhi.n	10002004 <_ntoa_long_long+0x92>
10001fe0:	4634      	mov	r4, r6
10001fe2:	4607      	mov	r7, r0
10001fe4:	460d      	mov	r5, r1
10001fe6:	4642      	mov	r2, r8
10001fe8:	464b      	mov	r3, r9
10001fea:	4638      	mov	r0, r7
10001fec:	4629      	mov	r1, r5
10001fee:	f003 fe63 	bl	10005cb8 <____aeabi_uldivmod_veneer>
10001ff2:	b2d2      	uxtb	r2, r2
10001ff4:	2a09      	cmp	r2, #9
10001ff6:	d8d8      	bhi.n	10001faa <_ntoa_long_long+0x38>
10001ff8:	3230      	adds	r2, #48	@ 0x30
10001ffa:	b2d3      	uxtb	r3, r2
10001ffc:	e7dd      	b.n	10001fba <_ntoa_long_long+0x48>
10001ffe:	2361      	movs	r3, #97	@ 0x61
10002000:	e7d7      	b.n	10001fb2 <_ntoa_long_long+0x40>
10002002:	2600      	movs	r6, #0
10002004:	f8cd a018 	str.w	sl, [sp, #24]
10002008:	9b25      	ldr	r3, [sp, #148]	@ 0x94
1000200a:	9305      	str	r3, [sp, #20]
1000200c:	9b24      	ldr	r3, [sp, #144]	@ 0x90
1000200e:	9304      	str	r3, [sp, #16]
10002010:	f8cd 800c 	str.w	r8, [sp, #12]
10002014:	f89d 3080 	ldrb.w	r3, [sp, #128]	@ 0x80
10002018:	9302      	str	r3, [sp, #8]
1000201a:	9601      	str	r6, [sp, #4]
1000201c:	ab0c      	add	r3, sp, #48	@ 0x30
1000201e:	9300      	str	r3, [sp, #0]
10002020:	9b0b      	ldr	r3, [sp, #44]	@ 0x2c
10002022:	9a0a      	ldr	r2, [sp, #40]	@ 0x28
10002024:	9909      	ldr	r1, [sp, #36]	@ 0x24
10002026:	4658      	mov	r0, fp
10002028:	f7ff fea6 	bl	10001d78 <_ntoa_format>
1000202c:	b015      	add	sp, #84	@ 0x54
1000202e:	e8bd 8ff0 	ldmia.w	sp!, {r4, r5, r6, r7, r8, r9, sl, fp, pc}
10002032:	0000      	movs	r0, r0
10002034:	0000      	movs	r0, r0
	...

10002038 <_etoa>:
10002038:	e92d 4ff0 	stmdb	sp!, {r4, r5, r6, r7, r8, r9, sl, fp, lr}
1000203c:	b093      	sub	sp, #76	@ 0x4c
1000203e:	4604      	mov	r4, r0
10002040:	460d      	mov	r5, r1
10002042:	920e      	str	r2, [sp, #56]	@ 0x38
10002044:	461e      	mov	r6, r3
10002046:	e9dd 891c 	ldrd	r8, r9, [sp, #112]	@ 0x70
1000204a:	4642      	mov	r2, r8
1000204c:	464b      	mov	r3, r9
1000204e:	4640      	mov	r0, r8
10002050:	4649      	mov	r1, r9
10002052:	f7ff fdd1 	bl	10001bf8 <__wrap___aeabi_dcmpun>
10002056:	2800      	cmp	r0, #0
10002058:	f040 80fe 	bne.w	10002258 <_etoa+0x220>
1000205c:	f04f 32ff 	mov.w	r2, #4294967295	@ 0xffffffff
10002060:	4bb5      	ldr	r3, [pc, #724]	@ (10002338 <_etoa+0x300>)
10002062:	4640      	mov	r0, r8
10002064:	4649      	mov	r1, r9
10002066:	f7ff fe15 	bl	10001c94 <__wrap___aeabi_dcmpgt>
1000206a:	2800      	cmp	r0, #0
1000206c:	f040 80f4 	bne.w	10002258 <_etoa+0x220>
10002070:	f04f 32ff 	mov.w	r2, #4294967295	@ 0xffffffff
10002074:	f46f 1380 	mvn.w	r3, #1048576	@ 0x100000
10002078:	4640      	mov	r0, r8
1000207a:	4649      	mov	r1, r9
1000207c:	f7ff fdce 	bl	10001c1c <__wrap___aeabi_dcmplt>
10002080:	2800      	cmp	r0, #0
10002082:	f040 80e9 	bne.w	10002258 <_etoa+0x220>
10002086:	2200      	movs	r2, #0
10002088:	2300      	movs	r3, #0
1000208a:	4640      	mov	r0, r8
1000208c:	4649      	mov	r1, r9
1000208e:	f7ff fdc5 	bl	10001c1c <__wrap___aeabi_dcmplt>
10002092:	2800      	cmp	r0, #0
10002094:	f040 80f1 	bne.w	1000227a <_etoa+0x242>
10002098:	e9cd 8906 	strd	r8, r9, [sp, #24]
1000209c:	9b20      	ldr	r3, [sp, #128]	@ 0x80
1000209e:	f413 6380 	ands.w	r3, r3, #1024	@ 0x400
100020a2:	930f      	str	r3, [sp, #60]	@ 0x3c
100020a4:	d101      	bne.n	100020aa <_etoa+0x72>
100020a6:	2306      	movs	r3, #6
100020a8:	931e      	str	r3, [sp, #120]	@ 0x78
100020aa:	e9dd ab06 	ldrd	sl, fp, [sp, #24]
100020ae:	4652      	mov	r2, sl
100020b0:	465b      	mov	r3, fp
100020b2:	e9cd 230a 	strd	r2, r3, [sp, #40]	@ 0x28
100020b6:	9b07      	ldr	r3, [sp, #28]
100020b8:	ea5a 0103 	orrs.w	r1, sl, r3
100020bc:	f000 80e7 	beq.w	1000228e <_etoa+0x256>
100020c0:	f3c3 500a 	ubfx	r0, r3, #20, #11
100020c4:	f3c3 0313 	ubfx	r3, r3, #0, #20
100020c8:	f04f 0a00 	mov.w	sl, #0
100020cc:	f04f 0b00 	mov.w	fp, #0
100020d0:	e9cd ab08 	strd	sl, fp, [sp, #32]
100020d4:	9208      	str	r2, [sp, #32]
100020d6:	f043 537f 	orr.w	r3, r3, #1069547520	@ 0x3fc00000
100020da:	9309      	str	r3, [sp, #36]	@ 0x24
100020dc:	f443 1340 	orr.w	r3, r3, #3145728	@ 0x300000
100020e0:	9309      	str	r3, [sp, #36]	@ 0x24
100020e2:	f2a0 30ff 	subw	r0, r0, #1023	@ 0x3ff
100020e6:	f7ff fd3f 	bl	10001b68 <__wrap___aeabi_i2d>
100020ea:	a381      	add	r3, pc, #516	@ (adr r3, 100022f0 <_etoa+0x2b8>)
100020ec:	e9d3 2300 	ldrd	r2, r3, [r3]
100020f0:	f7ff fcc8 	bl	10001a84 <__wrap___aeabi_dmul>
100020f4:	a380      	add	r3, pc, #512	@ (adr r3, 100022f8 <_etoa+0x2c0>)
100020f6:	e9d3 2300 	ldrd	r2, r3, [r3]
100020fa:	f7ff fc9b 	bl	10001a34 <__wrap___aeabi_dadd>
100020fe:	4682      	mov	sl, r0
10002100:	468b      	mov	fp, r1
10002102:	2200      	movs	r2, #0
10002104:	4b8d      	ldr	r3, [pc, #564]	@ (1000233c <_etoa+0x304>)
10002106:	e9dd 0108 	ldrd	r0, r1, [sp, #32]
1000210a:	f7ff fca7 	bl	10001a5c <__wrap___aeabi_dsub>
1000210e:	a37c      	add	r3, pc, #496	@ (adr r3, 10002300 <_etoa+0x2c8>)
10002110:	e9d3 2300 	ldrd	r2, r3, [r3]
10002114:	f7ff fcb6 	bl	10001a84 <__wrap___aeabi_dmul>
10002118:	4602      	mov	r2, r0
1000211a:	460b      	mov	r3, r1
1000211c:	4650      	mov	r0, sl
1000211e:	4659      	mov	r1, fp
10002120:	f7ff fc88 	bl	10001a34 <__wrap___aeabi_dadd>
10002124:	f7ff fd44 	bl	10001bb0 <__wrap___aeabi_d2iz>
10002128:	9008      	str	r0, [sp, #32]
1000212a:	f7ff fd1d 	bl	10001b68 <__wrap___aeabi_i2d>
1000212e:	4682      	mov	sl, r0
10002130:	468b      	mov	fp, r1
10002132:	a375      	add	r3, pc, #468	@ (adr r3, 10002308 <_etoa+0x2d0>)
10002134:	e9d3 2300 	ldrd	r2, r3, [r3]
10002138:	f7ff fca4 	bl	10001a84 <__wrap___aeabi_dmul>
1000213c:	2200      	movs	r2, #0
1000213e:	4b80      	ldr	r3, [pc, #512]	@ (10002340 <_etoa+0x308>)
10002140:	f7ff fc78 	bl	10001a34 <__wrap___aeabi_dadd>
10002144:	f7ff fd34 	bl	10001bb0 <__wrap___aeabi_d2iz>
10002148:	4607      	mov	r7, r0
1000214a:	a371      	add	r3, pc, #452	@ (adr r3, 10002310 <_etoa+0x2d8>)
1000214c:	e9d3 2300 	ldrd	r2, r3, [r3]
10002150:	4650      	mov	r0, sl
10002152:	4659      	mov	r1, fp
10002154:	f7ff fc96 	bl	10001a84 <__wrap___aeabi_dmul>
10002158:	4682      	mov	sl, r0
1000215a:	468b      	mov	fp, r1
1000215c:	4638      	mov	r0, r7
1000215e:	f7ff fd03 	bl	10001b68 <__wrap___aeabi_i2d>
10002162:	a36d      	add	r3, pc, #436	@ (adr r3, 10002318 <_etoa+0x2e0>)
10002164:	e9d3 2300 	ldrd	r2, r3, [r3]
10002168:	f7ff fc8c 	bl	10001a84 <__wrap___aeabi_dmul>
1000216c:	4602      	mov	r2, r0
1000216e:	460b      	mov	r3, r1
10002170:	4650      	mov	r0, sl
10002172:	4659      	mov	r1, fp
10002174:	f7ff fc72 	bl	10001a5c <__wrap___aeabi_dsub>
10002178:	4602      	mov	r2, r0
1000217a:	460b      	mov	r3, r1
1000217c:	4682      	mov	sl, r0
1000217e:	468b      	mov	fp, r1
10002180:	f7ff fc80 	bl	10001a84 <__wrap___aeabi_dmul>
10002184:	e9cd 010c 	strd	r0, r1, [sp, #48]	@ 0x30
10002188:	f207 33ff 	addw	r3, r7, #1023	@ 0x3ff
1000218c:	2100      	movs	r1, #0
1000218e:	2200      	movs	r2, #0
10002190:	e9cd 120a 	strd	r1, r2, [sp, #40]	@ 0x28
10002194:	051b      	lsls	r3, r3, #20
10002196:	930b      	str	r3, [sp, #44]	@ 0x2c
10002198:	2300      	movs	r3, #0
1000219a:	930a      	str	r3, [sp, #40]	@ 0x28
1000219c:	4650      	mov	r0, sl
1000219e:	4659      	mov	r1, fp
100021a0:	4652      	mov	r2, sl
100021a2:	465b      	mov	r3, fp
100021a4:	f7ff fc46 	bl	10001a34 <__wrap___aeabi_dadd>
100021a8:	e9cd 0110 	strd	r0, r1, [sp, #64]	@ 0x40
100021ac:	4652      	mov	r2, sl
100021ae:	465b      	mov	r3, fp
100021b0:	2000      	movs	r0, #0
100021b2:	f04f 4180 	mov.w	r1, #1073741824	@ 0x40000000
100021b6:	f7ff fc51 	bl	10001a5c <__wrap___aeabi_dsub>
100021ba:	4682      	mov	sl, r0
100021bc:	468b      	mov	fp, r1
100021be:	2200      	movs	r2, #0
100021c0:	4b60      	ldr	r3, [pc, #384]	@ (10002344 <_etoa+0x30c>)
100021c2:	e9dd 010c 	ldrd	r0, r1, [sp, #48]	@ 0x30
100021c6:	f7ff fc81 	bl	10001acc <__wrap___aeabi_ddiv>
100021ca:	2200      	movs	r2, #0
100021cc:	4b5e      	ldr	r3, [pc, #376]	@ (10002348 <_etoa+0x310>)
100021ce:	f7ff fc31 	bl	10001a34 <__wrap___aeabi_dadd>
100021d2:	4602      	mov	r2, r0
100021d4:	460b      	mov	r3, r1
100021d6:	e9dd 010c 	ldrd	r0, r1, [sp, #48]	@ 0x30
100021da:	f7ff fc77 	bl	10001acc <__wrap___aeabi_ddiv>
100021de:	2200      	movs	r2, #0
100021e0:	4b5a      	ldr	r3, [pc, #360]	@ (1000234c <_etoa+0x314>)
100021e2:	f7ff fc27 	bl	10001a34 <__wrap___aeabi_dadd>
100021e6:	4602      	mov	r2, r0
100021e8:	460b      	mov	r3, r1
100021ea:	e9dd 010c 	ldrd	r0, r1, [sp, #48]	@ 0x30
100021ee:	f7ff fc6d 	bl	10001acc <__wrap___aeabi_ddiv>
100021f2:	4602      	mov	r2, r0
100021f4:	460b      	mov	r3, r1
100021f6:	4650      	mov	r0, sl
100021f8:	4659      	mov	r1, fp
100021fa:	f7ff fc1b 	bl	10001a34 <__wrap___aeabi_dadd>
100021fe:	4602      	mov	r2, r0
10002200:	460b      	mov	r3, r1
10002202:	e9dd 0110 	ldrd	r0, r1, [sp, #64]	@ 0x40
10002206:	f7ff fc61 	bl	10001acc <__wrap___aeabi_ddiv>
1000220a:	2200      	movs	r2, #0
1000220c:	4b50      	ldr	r3, [pc, #320]	@ (10002350 <_etoa+0x318>)
1000220e:	f7ff fc11 	bl	10001a34 <__wrap___aeabi_dadd>
10002212:	e9dd 230a 	ldrd	r2, r3, [sp, #40]	@ 0x28
10002216:	f7ff fc35 	bl	10001a84 <__wrap___aeabi_dmul>
1000221a:	4602      	mov	r2, r0
1000221c:	460b      	mov	r3, r1
1000221e:	e9cd 230c 	strd	r2, r3, [sp, #48]	@ 0x30
10002222:	e9dd ab0c 	ldrd	sl, fp, [sp, #48]	@ 0x30
10002226:	e9cd ab0a 	strd	sl, fp, [sp, #40]	@ 0x28
1000222a:	e9dd 2306 	ldrd	r2, r3, [sp, #24]
1000222e:	f7ff fd31 	bl	10001c94 <__wrap___aeabi_dcmpgt>
10002232:	b150      	cbz	r0, 1000224a <_etoa+0x212>
10002234:	9b08      	ldr	r3, [sp, #32]
10002236:	3b01      	subs	r3, #1
10002238:	9308      	str	r3, [sp, #32]
1000223a:	2200      	movs	r2, #0
1000223c:	4b42      	ldr	r3, [pc, #264]	@ (10002348 <_etoa+0x310>)
1000223e:	e9dd 010c 	ldrd	r0, r1, [sp, #48]	@ 0x30
10002242:	f7ff fc43 	bl	10001acc <__wrap___aeabi_ddiv>
10002246:	e9cd 010a 	strd	r0, r1, [sp, #40]	@ 0x28
1000224a:	9b08      	ldr	r3, [sp, #32]
1000224c:	3363      	adds	r3, #99	@ 0x63
1000224e:	2bc6      	cmp	r3, #198	@ 0xc6
10002250:	d848      	bhi.n	100022e4 <_etoa+0x2ac>
10002252:	2304      	movs	r3, #4
10002254:	461f      	mov	r7, r3
10002256:	e01e      	b.n	10002296 <_etoa+0x25e>
10002258:	9b20      	ldr	r3, [sp, #128]	@ 0x80
1000225a:	9304      	str	r3, [sp, #16]
1000225c:	9b1f      	ldr	r3, [sp, #124]	@ 0x7c
1000225e:	9303      	str	r3, [sp, #12]
10002260:	9b1e      	ldr	r3, [sp, #120]	@ 0x78
10002262:	9302      	str	r3, [sp, #8]
10002264:	e9cd 8900 	strd	r8, r9, [sp]
10002268:	4633      	mov	r3, r6
1000226a:	9a0e      	ldr	r2, [sp, #56]	@ 0x38
1000226c:	4629      	mov	r1, r5
1000226e:	4620      	mov	r0, r4
10002270:	f000 f902 	bl	10002478 <_ftoa>
10002274:	b013      	add	sp, #76	@ 0x4c
10002276:	e8bd 8ff0 	ldmia.w	sp!, {r4, r5, r6, r7, r8, r9, sl, fp, pc}
1000227a:	ed9f 7b29 	vldr	d7, [pc, #164]	@ 10002320 <_etoa+0x2e8>
1000227e:	ed8d 7b06 	vstr	d7, [sp, #24]
10002282:	f8cd 8018 	str.w	r8, [sp, #24]
10002286:	f109 4300 	add.w	r3, r9, #2147483648	@ 0x80000000
1000228a:	9307      	str	r3, [sp, #28]
1000228c:	e706      	b.n	1000209c <_etoa+0x64>
1000228e:	2300      	movs	r3, #0
10002290:	9308      	str	r3, [sp, #32]
10002292:	2304      	movs	r3, #4
10002294:	461f      	mov	r7, r3
10002296:	9b20      	ldr	r3, [sp, #128]	@ 0x80
10002298:	f413 6f00 	tst.w	r3, #2048	@ 0x800
1000229c:	d063      	beq.n	10002366 <_etoa+0x32e>
1000229e:	e9dd 120a 	ldrd	r1, r2, [sp, #40]	@ 0x28
100022a2:	4613      	mov	r3, r2
100022a4:	430b      	orrs	r3, r1
100022a6:	d015      	beq.n	100022d4 <_etoa+0x29c>
100022a8:	a31f      	add	r3, pc, #124	@ (adr r3, 10002328 <_etoa+0x2f0>)
100022aa:	e9d3 2300 	ldrd	r2, r3, [r3]
100022ae:	e9dd ab06 	ldrd	sl, fp, [sp, #24]
100022b2:	4650      	mov	r0, sl
100022b4:	4659      	mov	r1, fp
100022b6:	f7ff fcd9 	bl	10001c6c <__wrap___aeabi_dcmpge>
100022ba:	2800      	cmp	r0, #0
100022bc:	f000 80b6 	beq.w	1000242c <_etoa+0x3f4>
100022c0:	a31b      	add	r3, pc, #108	@ (adr r3, 10002330 <_etoa+0x2f8>)
100022c2:	e9d3 2300 	ldrd	r2, r3, [r3]
100022c6:	4650      	mov	r0, sl
100022c8:	4659      	mov	r1, fp
100022ca:	f7ff fca7 	bl	10001c1c <__wrap___aeabi_dcmplt>
100022ce:	2800      	cmp	r0, #0
100022d0:	f000 80ac 	beq.w	1000242c <_etoa+0x3f4>
100022d4:	9a1e      	ldr	r2, [sp, #120]	@ 0x78
100022d6:	9b08      	ldr	r3, [sp, #32]
100022d8:	429a      	cmp	r2, r3
100022da:	dd3b      	ble.n	10002354 <_etoa+0x31c>
100022dc:	1ad3      	subs	r3, r2, r3
100022de:	3b01      	subs	r3, #1
100022e0:	931e      	str	r3, [sp, #120]	@ 0x78
100022e2:	e039      	b.n	10002358 <_etoa+0x320>
100022e4:	2305      	movs	r3, #5
100022e6:	461f      	mov	r7, r3
100022e8:	e7d5      	b.n	10002296 <_etoa+0x25e>
100022ea:	bf00      	nop
100022ec:	f3af 8000 	nop.w
100022f0:	509f79fb 	.word	0x509f79fb
100022f4:	3fd34413 	.word	0x3fd34413
100022f8:	8b60c8b3 	.word	0x8b60c8b3
100022fc:	3fc68a28 	.word	0x3fc68a28
10002300:	636f4361 	.word	0x636f4361
10002304:	3fd287a7 	.word	0x3fd287a7
10002308:	0979a371 	.word	0x0979a371
1000230c:	400a934f 	.word	0x400a934f
10002310:	bbb55516 	.word	0xbbb55516
10002314:	40026bb1 	.word	0x40026bb1
10002318:	fefa39ef 	.word	0xfefa39ef
1000231c:	3fe62e42 	.word	0x3fe62e42
	...
10002328:	eb1c432d 	.word	0xeb1c432d
1000232c:	3f1a36e2 	.word	0x3f1a36e2
10002330:	00000000 	.word	0x00000000
10002334:	412e8480 	.word	0x412e8480
10002338:	7fefffff 	.word	0x7fefffff
1000233c:	3ff80000 	.word	0x3ff80000
10002340:	3fe00000 	.word	0x3fe00000
10002344:	402c0000 	.word	0x402c0000
10002348:	40240000 	.word	0x40240000
1000234c:	40180000 	.word	0x40180000
10002350:	3ff00000 	.word	0x3ff00000
10002354:	2300      	movs	r3, #0
10002356:	931e      	str	r3, [sp, #120]	@ 0x78
10002358:	9b20      	ldr	r3, [sp, #128]	@ 0x80
1000235a:	f443 6380 	orr.w	r3, r3, #1024	@ 0x400
1000235e:	9320      	str	r3, [sp, #128]	@ 0x80
10002360:	2300      	movs	r3, #0
10002362:	461f      	mov	r7, r3
10002364:	9308      	str	r3, [sp, #32]
10002366:	9a1f      	ldr	r2, [sp, #124]	@ 0x7c
10002368:	4297      	cmp	r7, r2
1000236a:	d269      	bcs.n	10002440 <_etoa+0x408>
1000236c:	1bd3      	subs	r3, r2, r7
1000236e:	469a      	mov	sl, r3
10002370:	9b20      	ldr	r3, [sp, #128]	@ 0x80
10002372:	f013 0302 	ands.w	r3, r3, #2
10002376:	469b      	mov	fp, r3
10002378:	d002      	beq.n	10002380 <_etoa+0x348>
1000237a:	b10f      	cbz	r7, 10002380 <_etoa+0x348>
1000237c:	2300      	movs	r3, #0
1000237e:	469a      	mov	sl, r3
10002380:	9b08      	ldr	r3, [sp, #32]
10002382:	b13b      	cbz	r3, 10002394 <_etoa+0x35c>
10002384:	e9dd 230a 	ldrd	r2, r3, [sp, #40]	@ 0x28
10002388:	e9dd 0106 	ldrd	r0, r1, [sp, #24]
1000238c:	f7ff fb9e 	bl	10001acc <__wrap___aeabi_ddiv>
10002390:	e9cd 0106 	strd	r0, r1, [sp, #24]
10002394:	2200      	movs	r2, #0
10002396:	2300      	movs	r3, #0
10002398:	4640      	mov	r0, r8
1000239a:	4649      	mov	r1, r9
1000239c:	f7ff fc3e 	bl	10001c1c <__wrap___aeabi_dcmplt>
100023a0:	2800      	cmp	r0, #0
100023a2:	d150      	bne.n	10002446 <_etoa+0x40e>
100023a4:	9b20      	ldr	r3, [sp, #128]	@ 0x80
100023a6:	f423 6300 	bic.w	r3, r3, #2048	@ 0x800
100023aa:	9304      	str	r3, [sp, #16]
100023ac:	f8cd a00c 	str.w	sl, [sp, #12]
100023b0:	9b1e      	ldr	r3, [sp, #120]	@ 0x78
100023b2:	9302      	str	r3, [sp, #8]
100023b4:	ed9d 7b06 	vldr	d7, [sp, #24]
100023b8:	ed8d 7b00 	vstr	d7, [sp]
100023bc:	4633      	mov	r3, r6
100023be:	9a0e      	ldr	r2, [sp, #56]	@ 0x38
100023c0:	4629      	mov	r1, r5
100023c2:	4620      	mov	r0, r4
100023c4:	f000 f858 	bl	10002478 <_ftoa>
100023c8:	2f00      	cmp	r7, #0
100023ca:	f43f af53 	beq.w	10002274 <_etoa+0x23c>
100023ce:	9b20      	ldr	r3, [sp, #128]	@ 0x80
100023d0:	f013 0f20 	tst.w	r3, #32
100023d4:	d03f      	beq.n	10002456 <_etoa+0x41e>
100023d6:	f04f 0c45 	mov.w	ip, #69	@ 0x45
100023da:	f100 0801 	add.w	r8, r0, #1
100023de:	4633      	mov	r3, r6
100023e0:	4602      	mov	r2, r0
100023e2:	4629      	mov	r1, r5
100023e4:	4660      	mov	r0, ip
100023e6:	47a0      	blx	r4
100023e8:	9908      	ldr	r1, [sp, #32]
100023ea:	ea81 72e1 	eor.w	r2, r1, r1, asr #31
100023ee:	eba2 72e1 	sub.w	r2, r2, r1, asr #31
100023f2:	2305      	movs	r3, #5
100023f4:	9305      	str	r3, [sp, #20]
100023f6:	1e7b      	subs	r3, r7, #1
100023f8:	9304      	str	r3, [sp, #16]
100023fa:	2300      	movs	r3, #0
100023fc:	9303      	str	r3, [sp, #12]
100023fe:	230a      	movs	r3, #10
10002400:	9302      	str	r3, [sp, #8]
10002402:	0fcb      	lsrs	r3, r1, #31
10002404:	9301      	str	r3, [sp, #4]
10002406:	9200      	str	r2, [sp, #0]
10002408:	4633      	mov	r3, r6
1000240a:	4642      	mov	r2, r8
1000240c:	4629      	mov	r1, r5
1000240e:	4620      	mov	r0, r4
10002410:	f7ff fd5f 	bl	10001ed2 <_ntoa_long>
10002414:	465b      	mov	r3, fp
10002416:	2b00      	cmp	r3, #0
10002418:	f43f af2c 	beq.w	10002274 <_etoa+0x23c>
1000241c:	4602      	mov	r2, r0
1000241e:	f8dd 9038 	ldr.w	r9, [sp, #56]	@ 0x38
10002422:	4637      	mov	r7, r6
10002424:	462e      	mov	r6, r5
10002426:	4625      	mov	r5, r4
10002428:	9c1f      	ldr	r4, [sp, #124]	@ 0x7c
1000242a:	e01e      	b.n	1000246a <_etoa+0x432>
1000242c:	9b1e      	ldr	r3, [sp, #120]	@ 0x78
1000242e:	2b00      	cmp	r3, #0
10002430:	d099      	beq.n	10002366 <_etoa+0x32e>
10002432:	9b0f      	ldr	r3, [sp, #60]	@ 0x3c
10002434:	2b00      	cmp	r3, #0
10002436:	d096      	beq.n	10002366 <_etoa+0x32e>
10002438:	9b1e      	ldr	r3, [sp, #120]	@ 0x78
1000243a:	3b01      	subs	r3, #1
1000243c:	931e      	str	r3, [sp, #120]	@ 0x78
1000243e:	e792      	b.n	10002366 <_etoa+0x32e>
10002440:	2300      	movs	r3, #0
10002442:	469a      	mov	sl, r3
10002444:	e794      	b.n	10002370 <_etoa+0x338>
10002446:	e9dd 0106 	ldrd	r0, r1, [sp, #24]
1000244a:	4602      	mov	r2, r0
1000244c:	f101 4300 	add.w	r3, r1, #2147483648	@ 0x80000000
10002450:	e9cd 2306 	strd	r2, r3, [sp, #24]
10002454:	e7a6      	b.n	100023a4 <_etoa+0x36c>
10002456:	f04f 0c65 	mov.w	ip, #101	@ 0x65
1000245a:	e7be      	b.n	100023da <_etoa+0x3a2>
1000245c:	f102 0801 	add.w	r8, r2, #1
10002460:	463b      	mov	r3, r7
10002462:	4631      	mov	r1, r6
10002464:	2020      	movs	r0, #32
10002466:	47a8      	blx	r5
10002468:	4642      	mov	r2, r8
1000246a:	eba2 0309 	sub.w	r3, r2, r9
1000246e:	42a3      	cmp	r3, r4
10002470:	d3f4      	bcc.n	1000245c <_etoa+0x424>
10002472:	4610      	mov	r0, r2
10002474:	e6fe      	b.n	10002274 <_etoa+0x23c>
10002476:	bf00      	nop

10002478 <_ftoa>:
10002478:	e92d 4ff0 	stmdb	sp!, {r4, r5, r6, r7, r8, r9, sl, fp, lr}
1000247c:	ed2d 8b02 	vpush	{d8}
10002480:	b095      	sub	sp, #84	@ 0x54
10002482:	9007      	str	r0, [sp, #28]
10002484:	9108      	str	r1, [sp, #32]
10002486:	9209      	str	r2, [sp, #36]	@ 0x24
10002488:	930a      	str	r3, [sp, #40]	@ 0x28
1000248a:	e9dd 8920 	ldrd	r8, r9, [sp, #128]	@ 0x80
1000248e:	9d22      	ldr	r5, [sp, #136]	@ 0x88
10002490:	4642      	mov	r2, r8
10002492:	464b      	mov	r3, r9
10002494:	4640      	mov	r0, r8
10002496:	4649      	mov	r1, r9
10002498:	f7ff fbae 	bl	10001bf8 <__wrap___aeabi_dcmpun>
1000249c:	2800      	cmp	r0, #0
1000249e:	d134      	bne.n	1000250a <_ftoa+0x92>
100024a0:	f04f 32ff 	mov.w	r2, #4294967295	@ 0xffffffff
100024a4:	f46f 1380 	mvn.w	r3, #1048576	@ 0x100000
100024a8:	4640      	mov	r0, r8
100024aa:	4649      	mov	r1, r9
100024ac:	f7ff fbb6 	bl	10001c1c <__wrap___aeabi_dcmplt>
100024b0:	2800      	cmp	r0, #0
100024b2:	d139      	bne.n	10002528 <_ftoa+0xb0>
100024b4:	f04f 32ff 	mov.w	r2, #4294967295	@ 0xffffffff
100024b8:	4ba9      	ldr	r3, [pc, #676]	@ (10002760 <_ftoa+0x2e8>)
100024ba:	4640      	mov	r0, r8
100024bc:	4649      	mov	r1, r9
100024be:	f7ff fbe9 	bl	10001c94 <__wrap___aeabi_dcmpgt>
100024c2:	2800      	cmp	r0, #0
100024c4:	d13f      	bne.n	10002546 <_ftoa+0xce>
100024c6:	a3a2      	add	r3, pc, #648	@ (adr r3, 10002750 <_ftoa+0x2d8>)
100024c8:	e9d3 2300 	ldrd	r2, r3, [r3]
100024cc:	4640      	mov	r0, r8
100024ce:	4649      	mov	r1, r9
100024d0:	f7ff fbe0 	bl	10001c94 <__wrap___aeabi_dcmpgt>
100024d4:	2800      	cmp	r0, #0
100024d6:	d14c      	bne.n	10002572 <_ftoa+0xfa>
100024d8:	a39f      	add	r3, pc, #636	@ (adr r3, 10002758 <_ftoa+0x2e0>)
100024da:	e9d3 2300 	ldrd	r2, r3, [r3]
100024de:	4640      	mov	r0, r8
100024e0:	4649      	mov	r1, r9
100024e2:	f7ff fb9b 	bl	10001c1c <__wrap___aeabi_dcmplt>
100024e6:	2800      	cmp	r0, #0
100024e8:	d143      	bne.n	10002572 <_ftoa+0xfa>
100024ea:	2200      	movs	r2, #0
100024ec:	2300      	movs	r3, #0
100024ee:	4640      	mov	r0, r8
100024f0:	4649      	mov	r1, r9
100024f2:	f7ff fb93 	bl	10001c1c <__wrap___aeabi_dcmplt>
100024f6:	2800      	cmp	r0, #0
100024f8:	d149      	bne.n	1000258e <_ftoa+0x116>
100024fa:	900b      	str	r0, [sp, #44]	@ 0x2c
100024fc:	9b24      	ldr	r3, [sp, #144]	@ 0x90
100024fe:	f413 6f80 	tst.w	r3, #1024	@ 0x400
10002502:	f000 80b5 	beq.w	10002670 <_ftoa+0x1f8>
10002506:	2400      	movs	r4, #0
10002508:	e054      	b.n	100025b4 <_ftoa+0x13c>
1000250a:	9b24      	ldr	r3, [sp, #144]	@ 0x90
1000250c:	9303      	str	r3, [sp, #12]
1000250e:	9b23      	ldr	r3, [sp, #140]	@ 0x8c
10002510:	9302      	str	r3, [sp, #8]
10002512:	2303      	movs	r3, #3
10002514:	9301      	str	r3, [sp, #4]
10002516:	4b93      	ldr	r3, [pc, #588]	@ (10002764 <_ftoa+0x2ec>)
10002518:	9300      	str	r3, [sp, #0]
1000251a:	9b0a      	ldr	r3, [sp, #40]	@ 0x28
1000251c:	9a09      	ldr	r2, [sp, #36]	@ 0x24
1000251e:	9908      	ldr	r1, [sp, #32]
10002520:	9807      	ldr	r0, [sp, #28]
10002522:	f7ff fbe2 	bl	10001cea <_out_rev>
10002526:	e150      	b.n	100027ca <_ftoa+0x352>
10002528:	9b24      	ldr	r3, [sp, #144]	@ 0x90
1000252a:	9303      	str	r3, [sp, #12]
1000252c:	9b23      	ldr	r3, [sp, #140]	@ 0x8c
1000252e:	9302      	str	r3, [sp, #8]
10002530:	2304      	movs	r3, #4
10002532:	9301      	str	r3, [sp, #4]
10002534:	4b8c      	ldr	r3, [pc, #560]	@ (10002768 <_ftoa+0x2f0>)
10002536:	9300      	str	r3, [sp, #0]
10002538:	9b0a      	ldr	r3, [sp, #40]	@ 0x28
1000253a:	9a09      	ldr	r2, [sp, #36]	@ 0x24
1000253c:	9908      	ldr	r1, [sp, #32]
1000253e:	9807      	ldr	r0, [sp, #28]
10002540:	f7ff fbd3 	bl	10001cea <_out_rev>
10002544:	e141      	b.n	100027ca <_ftoa+0x352>
10002546:	9b24      	ldr	r3, [sp, #144]	@ 0x90
10002548:	f013 0f04 	tst.w	r3, #4
1000254c:	d00e      	beq.n	1000256c <_ftoa+0xf4>
1000254e:	4b87      	ldr	r3, [pc, #540]	@ (1000276c <_ftoa+0x2f4>)
10002550:	2204      	movs	r2, #4
10002552:	9924      	ldr	r1, [sp, #144]	@ 0x90
10002554:	9103      	str	r1, [sp, #12]
10002556:	9923      	ldr	r1, [sp, #140]	@ 0x8c
10002558:	9102      	str	r1, [sp, #8]
1000255a:	9201      	str	r2, [sp, #4]
1000255c:	9300      	str	r3, [sp, #0]
1000255e:	9b0a      	ldr	r3, [sp, #40]	@ 0x28
10002560:	9a09      	ldr	r2, [sp, #36]	@ 0x24
10002562:	9908      	ldr	r1, [sp, #32]
10002564:	9807      	ldr	r0, [sp, #28]
10002566:	f7ff fbc0 	bl	10001cea <_out_rev>
1000256a:	e12e      	b.n	100027ca <_ftoa+0x352>
1000256c:	4b80      	ldr	r3, [pc, #512]	@ (10002770 <_ftoa+0x2f8>)
1000256e:	2203      	movs	r2, #3
10002570:	e7ef      	b.n	10002552 <_ftoa+0xda>
10002572:	9b24      	ldr	r3, [sp, #144]	@ 0x90
10002574:	9304      	str	r3, [sp, #16]
10002576:	9b23      	ldr	r3, [sp, #140]	@ 0x8c
10002578:	9303      	str	r3, [sp, #12]
1000257a:	9502      	str	r5, [sp, #8]
1000257c:	e9cd 8900 	strd	r8, r9, [sp]
10002580:	9b0a      	ldr	r3, [sp, #40]	@ 0x28
10002582:	9a09      	ldr	r2, [sp, #36]	@ 0x24
10002584:	9908      	ldr	r1, [sp, #32]
10002586:	9807      	ldr	r0, [sp, #28]
10002588:	f7ff fd56 	bl	10002038 <_etoa>
1000258c:	e11d      	b.n	100027ca <_ftoa+0x352>
1000258e:	4642      	mov	r2, r8
10002590:	464b      	mov	r3, r9
10002592:	2000      	movs	r0, #0
10002594:	2100      	movs	r1, #0
10002596:	f7ff fa61 	bl	10001a5c <__wrap___aeabi_dsub>
1000259a:	4680      	mov	r8, r0
1000259c:	4689      	mov	r9, r1
1000259e:	2301      	movs	r3, #1
100025a0:	930b      	str	r3, [sp, #44]	@ 0x2c
100025a2:	e7ab      	b.n	100024fc <_ftoa+0x84>
100025a4:	f104 0350 	add.w	r3, r4, #80	@ 0x50
100025a8:	446b      	add	r3, sp
100025aa:	2230      	movs	r2, #48	@ 0x30
100025ac:	f803 2c20 	strb.w	r2, [r3, #-32]
100025b0:	3d01      	subs	r5, #1
100025b2:	3401      	adds	r4, #1
100025b4:	2c1f      	cmp	r4, #31
100025b6:	d801      	bhi.n	100025bc <_ftoa+0x144>
100025b8:	2d09      	cmp	r5, #9
100025ba:	d8f3      	bhi.n	100025a4 <_ftoa+0x12c>
100025bc:	4640      	mov	r0, r8
100025be:	4649      	mov	r1, r9
100025c0:	f7ff faf6 	bl	10001bb0 <__wrap___aeabi_d2iz>
100025c4:	4606      	mov	r6, r0
100025c6:	f7ff facf 	bl	10001b68 <__wrap___aeabi_i2d>
100025ca:	4602      	mov	r2, r0
100025cc:	460b      	mov	r3, r1
100025ce:	4640      	mov	r0, r8
100025d0:	4649      	mov	r1, r9
100025d2:	f7ff fa43 	bl	10001a5c <__wrap___aeabi_dsub>
100025d6:	4b67      	ldr	r3, [pc, #412]	@ (10002774 <_ftoa+0x2fc>)
100025d8:	eb03 03c5 	add.w	r3, r3, r5, lsl #3
100025dc:	ed93 7b00 	vldr	d7, [r3]
100025e0:	eeb0 8a47 	vmov.f32	s16, s14
100025e4:	eef0 8a67 	vmov.f32	s17, s15
100025e8:	ec53 2b17 	vmov	r2, r3, d7
100025ec:	f7ff fa4a 	bl	10001a84 <__wrap___aeabi_dmul>
100025f0:	4682      	mov	sl, r0
100025f2:	468b      	mov	fp, r1
100025f4:	f7ff faee 	bl	10001bd4 <__wrap___aeabi_d2uiz>
100025f8:	4607      	mov	r7, r0
100025fa:	f7ff fac7 	bl	10001b8c <__wrap___aeabi_ui2d>
100025fe:	4602      	mov	r2, r0
10002600:	460b      	mov	r3, r1
10002602:	4650      	mov	r0, sl
10002604:	4659      	mov	r1, fp
10002606:	f7ff fa29 	bl	10001a5c <__wrap___aeabi_dsub>
1000260a:	4682      	mov	sl, r0
1000260c:	468b      	mov	fp, r1
1000260e:	2200      	movs	r2, #0
10002610:	4b59      	ldr	r3, [pc, #356]	@ (10002778 <_ftoa+0x300>)
10002612:	f7ff fb3f 	bl	10001c94 <__wrap___aeabi_dcmpgt>
10002616:	b368      	cbz	r0, 10002674 <_ftoa+0x1fc>
10002618:	3701      	adds	r7, #1
1000261a:	4638      	mov	r0, r7
1000261c:	f7ff fab6 	bl	10001b8c <__wrap___aeabi_ui2d>
10002620:	4602      	mov	r2, r0
10002622:	460b      	mov	r3, r1
10002624:	ec51 0b18 	vmov	r0, r1, d8
10002628:	f7ff fb0c 	bl	10001c44 <__wrap___aeabi_dcmple>
1000262c:	b108      	cbz	r0, 10002632 <_ftoa+0x1ba>
1000262e:	3601      	adds	r6, #1
10002630:	2700      	movs	r7, #0
10002632:	bb6d      	cbnz	r5, 10002690 <_ftoa+0x218>
10002634:	4630      	mov	r0, r6
10002636:	f7ff fa97 	bl	10001b68 <__wrap___aeabi_i2d>
1000263a:	4602      	mov	r2, r0
1000263c:	460b      	mov	r3, r1
1000263e:	4640      	mov	r0, r8
10002640:	4649      	mov	r1, r9
10002642:	f7ff fa0b 	bl	10001a5c <__wrap___aeabi_dsub>
10002646:	4680      	mov	r8, r0
10002648:	4689      	mov	r9, r1
1000264a:	2200      	movs	r2, #0
1000264c:	4b4a      	ldr	r3, [pc, #296]	@ (10002778 <_ftoa+0x300>)
1000264e:	f7ff fae5 	bl	10001c1c <__wrap___aeabi_dcmplt>
10002652:	2800      	cmp	r0, #0
10002654:	d14c      	bne.n	100026f0 <_ftoa+0x278>
10002656:	2200      	movs	r2, #0
10002658:	4b47      	ldr	r3, [pc, #284]	@ (10002778 <_ftoa+0x300>)
1000265a:	4640      	mov	r0, r8
1000265c:	4649      	mov	r1, r9
1000265e:	f7ff fb19 	bl	10001c94 <__wrap___aeabi_dcmpgt>
10002662:	2800      	cmp	r0, #0
10002664:	d144      	bne.n	100026f0 <_ftoa+0x278>
10002666:	f016 0f01 	tst.w	r6, #1
1000266a:	d041      	beq.n	100026f0 <_ftoa+0x278>
1000266c:	3601      	adds	r6, #1
1000266e:	e03f      	b.n	100026f0 <_ftoa+0x278>
10002670:	2506      	movs	r5, #6
10002672:	e748      	b.n	10002506 <_ftoa+0x8e>
10002674:	2200      	movs	r2, #0
10002676:	4b40      	ldr	r3, [pc, #256]	@ (10002778 <_ftoa+0x300>)
10002678:	4650      	mov	r0, sl
1000267a:	4659      	mov	r1, fp
1000267c:	f7ff face 	bl	10001c1c <__wrap___aeabi_dcmplt>
10002680:	2800      	cmp	r0, #0
10002682:	d1d6      	bne.n	10002632 <_ftoa+0x1ba>
10002684:	b117      	cbz	r7, 1000268c <_ftoa+0x214>
10002686:	f017 0f01 	tst.w	r7, #1
1000268a:	d0d2      	beq.n	10002632 <_ftoa+0x1ba>
1000268c:	3701      	adds	r7, #1
1000268e:	e7d0      	b.n	10002632 <_ftoa+0x1ba>
10002690:	2c1f      	cmp	r4, #31
10002692:	d817      	bhi.n	100026c4 <_ftoa+0x24c>
10002694:	3d01      	subs	r5, #1
10002696:	4b39      	ldr	r3, [pc, #228]	@ (1000277c <_ftoa+0x304>)
10002698:	fba3 2307 	umull	r2, r3, r3, r7
1000269c:	08db      	lsrs	r3, r3, #3
1000269e:	4619      	mov	r1, r3
100026a0:	eb03 0383 	add.w	r3, r3, r3, lsl #2
100026a4:	eba7 0343 	sub.w	r3, r7, r3, lsl #1
100026a8:	1c62      	adds	r2, r4, #1
100026aa:	3330      	adds	r3, #48	@ 0x30
100026ac:	f104 0050 	add.w	r0, r4, #80	@ 0x50
100026b0:	eb0d 0400 	add.w	r4, sp, r0
100026b4:	f804 3c20 	strb.w	r3, [r4, #-32]
100026b8:	2f09      	cmp	r7, #9
100026ba:	d902      	bls.n	100026c2 <_ftoa+0x24a>
100026bc:	460f      	mov	r7, r1
100026be:	4614      	mov	r4, r2
100026c0:	e7e6      	b.n	10002690 <_ftoa+0x218>
100026c2:	4614      	mov	r4, r2
100026c4:	2c1f      	cmp	r4, #31
100026c6:	d80a      	bhi.n	100026de <_ftoa+0x266>
100026c8:	1e6b      	subs	r3, r5, #1
100026ca:	b145      	cbz	r5, 100026de <_ftoa+0x266>
100026cc:	f104 0250 	add.w	r2, r4, #80	@ 0x50
100026d0:	446a      	add	r2, sp
100026d2:	2130      	movs	r1, #48	@ 0x30
100026d4:	f802 1c20 	strb.w	r1, [r2, #-32]
100026d8:	461d      	mov	r5, r3
100026da:	3401      	adds	r4, #1
100026dc:	e7f2      	b.n	100026c4 <_ftoa+0x24c>
100026de:	2c1f      	cmp	r4, #31
100026e0:	d806      	bhi.n	100026f0 <_ftoa+0x278>
100026e2:	f104 0350 	add.w	r3, r4, #80	@ 0x50
100026e6:	446b      	add	r3, sp
100026e8:	222e      	movs	r2, #46	@ 0x2e
100026ea:	f803 2c20 	strb.w	r2, [r3, #-32]
100026ee:	3401      	adds	r4, #1
100026f0:	2c1f      	cmp	r4, #31
100026f2:	d817      	bhi.n	10002724 <_ftoa+0x2ac>
100026f4:	4a22      	ldr	r2, [pc, #136]	@ (10002780 <_ftoa+0x308>)
100026f6:	fb82 3206 	smull	r3, r2, r2, r6
100026fa:	17f3      	asrs	r3, r6, #31
100026fc:	ebc3 03a2 	rsb	r3, r3, r2, asr #2
10002700:	461a      	mov	r2, r3
10002702:	eb03 0383 	add.w	r3, r3, r3, lsl #2
10002706:	eba6 0343 	sub.w	r3, r6, r3, lsl #1
1000270a:	1c61      	adds	r1, r4, #1
1000270c:	3330      	adds	r3, #48	@ 0x30
1000270e:	f104 0050 	add.w	r0, r4, #80	@ 0x50
10002712:	eb0d 0400 	add.w	r4, sp, r0
10002716:	f804 3c20 	strb.w	r3, [r4, #-32]
1000271a:	4616      	mov	r6, r2
1000271c:	b10a      	cbz	r2, 10002722 <_ftoa+0x2aa>
1000271e:	460c      	mov	r4, r1
10002720:	e7e6      	b.n	100026f0 <_ftoa+0x278>
10002722:	460c      	mov	r4, r1
10002724:	9b24      	ldr	r3, [sp, #144]	@ 0x90
10002726:	f013 0f02 	tst.w	r3, #2
1000272a:	d136      	bne.n	1000279a <_ftoa+0x322>
1000272c:	f013 0f01 	tst.w	r3, #1
10002730:	d033      	beq.n	1000279a <_ftoa+0x322>
10002732:	9b23      	ldr	r3, [sp, #140]	@ 0x8c
10002734:	2b00      	cmp	r3, #0
10002736:	d04d      	beq.n	100027d4 <_ftoa+0x35c>
10002738:	9b0b      	ldr	r3, [sp, #44]	@ 0x2c
1000273a:	b91b      	cbnz	r3, 10002744 <_ftoa+0x2cc>
1000273c:	9b24      	ldr	r3, [sp, #144]	@ 0x90
1000273e:	f013 0f0c 	tst.w	r3, #12
10002742:	d049      	beq.n	100027d8 <_ftoa+0x360>
10002744:	9b23      	ldr	r3, [sp, #140]	@ 0x8c
10002746:	3b01      	subs	r3, #1
10002748:	9323      	str	r3, [sp, #140]	@ 0x8c
1000274a:	4619      	mov	r1, r3
1000274c:	e021      	b.n	10002792 <_ftoa+0x31a>
1000274e:	bf00      	nop
10002750:	00000000 	.word	0x00000000
10002754:	41cdcd65 	.word	0x41cdcd65
10002758:	00000000 	.word	0x00000000
1000275c:	c1cdcd65 	.word	0xc1cdcd65
10002760:	7fefffff 	.word	0x7fefffff
10002764:	10006488 	.word	0x10006488
10002768:	1000648c 	.word	0x1000648c
1000276c:	1000647c 	.word	0x1000647c
10002770:	10006484 	.word	0x10006484
10002774:	100068f8 	.word	0x100068f8
10002778:	3fe00000 	.word	0x3fe00000
1000277c:	cccccccd 	.word	0xcccccccd
10002780:	66666667 	.word	0x66666667
10002784:	f104 0350 	add.w	r3, r4, #80	@ 0x50
10002788:	446b      	add	r3, sp
1000278a:	2230      	movs	r2, #48	@ 0x30
1000278c:	f803 2c20 	strb.w	r2, [r3, #-32]
10002790:	3401      	adds	r4, #1
10002792:	428c      	cmp	r4, r1
10002794:	d201      	bcs.n	1000279a <_ftoa+0x322>
10002796:	2c1f      	cmp	r4, #31
10002798:	d9f4      	bls.n	10002784 <_ftoa+0x30c>
1000279a:	2c1f      	cmp	r4, #31
1000279c:	d808      	bhi.n	100027b0 <_ftoa+0x338>
1000279e:	9b0b      	ldr	r3, [sp, #44]	@ 0x2c
100027a0:	b1e3      	cbz	r3, 100027dc <_ftoa+0x364>
100027a2:	f104 0350 	add.w	r3, r4, #80	@ 0x50
100027a6:	446b      	add	r3, sp
100027a8:	222d      	movs	r2, #45	@ 0x2d
100027aa:	f803 2c20 	strb.w	r2, [r3, #-32]
100027ae:	3401      	adds	r4, #1
100027b0:	9b24      	ldr	r3, [sp, #144]	@ 0x90
100027b2:	9303      	str	r3, [sp, #12]
100027b4:	9b23      	ldr	r3, [sp, #140]	@ 0x8c
100027b6:	9302      	str	r3, [sp, #8]
100027b8:	9401      	str	r4, [sp, #4]
100027ba:	ab0c      	add	r3, sp, #48	@ 0x30
100027bc:	9300      	str	r3, [sp, #0]
100027be:	9b0a      	ldr	r3, [sp, #40]	@ 0x28
100027c0:	9a09      	ldr	r2, [sp, #36]	@ 0x24
100027c2:	9908      	ldr	r1, [sp, #32]
100027c4:	9807      	ldr	r0, [sp, #28]
100027c6:	f7ff fa90 	bl	10001cea <_out_rev>
100027ca:	b015      	add	sp, #84	@ 0x54
100027cc:	ecbd 8b02 	vpop	{d8}
100027d0:	e8bd 8ff0 	ldmia.w	sp!, {r4, r5, r6, r7, r8, r9, sl, fp, pc}
100027d4:	9923      	ldr	r1, [sp, #140]	@ 0x8c
100027d6:	e7dc      	b.n	10002792 <_ftoa+0x31a>
100027d8:	9923      	ldr	r1, [sp, #140]	@ 0x8c
100027da:	e7da      	b.n	10002792 <_ftoa+0x31a>
100027dc:	9b24      	ldr	r3, [sp, #144]	@ 0x90
100027de:	f013 0f04 	tst.w	r3, #4
100027e2:	d007      	beq.n	100027f4 <_ftoa+0x37c>
100027e4:	f104 0350 	add.w	r3, r4, #80	@ 0x50
100027e8:	446b      	add	r3, sp
100027ea:	222b      	movs	r2, #43	@ 0x2b
100027ec:	f803 2c20 	strb.w	r2, [r3, #-32]
100027f0:	3401      	adds	r4, #1
100027f2:	e7dd      	b.n	100027b0 <_ftoa+0x338>
100027f4:	9b24      	ldr	r3, [sp, #144]	@ 0x90
100027f6:	f013 0f08 	tst.w	r3, #8
100027fa:	d0d9      	beq.n	100027b0 <_ftoa+0x338>
100027fc:	f104 0350 	add.w	r3, r4, #80	@ 0x50
10002800:	446b      	add	r3, sp
10002802:	2220      	movs	r2, #32
10002804:	f803 2c20 	strb.w	r2, [r3, #-32]
10002808:	3401      	adds	r4, #1
1000280a:	e7d1      	b.n	100027b0 <_ftoa+0x338>

1000280c <_vsnprintf>:
1000280c:	e92d 4ff0 	stmdb	sp!, {r4, r5, r6, r7, r8, r9, sl, fp, lr}
10002810:	b08f      	sub	sp, #60	@ 0x3c
10002812:	4680      	mov	r8, r0
10002814:	4617      	mov	r7, r2
10002816:	930d      	str	r3, [sp, #52]	@ 0x34
10002818:	4689      	mov	r9, r1
1000281a:	2900      	cmp	r1, #0
1000281c:	f000 82f6 	beq.w	10002e0c <_vsnprintf+0x600>
10002820:	2600      	movs	r6, #0
10002822:	9b0d      	ldr	r3, [sp, #52]	@ 0x34
10002824:	7818      	ldrb	r0, [r3, #0]
10002826:	2800      	cmp	r0, #0
10002828:	f000 82f3 	beq.w	10002e12 <_vsnprintf+0x606>
1000282c:	2825      	cmp	r0, #37	@ 0x25
1000282e:	d009      	beq.n	10002844 <_vsnprintf+0x38>
10002830:	1c74      	adds	r4, r6, #1
10002832:	463b      	mov	r3, r7
10002834:	4632      	mov	r2, r6
10002836:	4649      	mov	r1, r9
10002838:	47c0      	blx	r8
1000283a:	9b0d      	ldr	r3, [sp, #52]	@ 0x34
1000283c:	3301      	adds	r3, #1
1000283e:	930d      	str	r3, [sp, #52]	@ 0x34
10002840:	4626      	mov	r6, r4
10002842:	e7ee      	b.n	10002822 <_vsnprintf+0x16>
10002844:	3301      	adds	r3, #1
10002846:	930d      	str	r3, [sp, #52]	@ 0x34
10002848:	2500      	movs	r5, #0
1000284a:	e011      	b.n	10002870 <_vsnprintf+0x64>
1000284c:	2a20      	cmp	r2, #32
1000284e:	d024      	beq.n	1000289a <_vsnprintf+0x8e>
10002850:	2a23      	cmp	r2, #35	@ 0x23
10002852:	d105      	bne.n	10002860 <_vsnprintf+0x54>
10002854:	f045 0510 	orr.w	r5, r5, #16
10002858:	3301      	adds	r3, #1
1000285a:	930d      	str	r3, [sp, #52]	@ 0x34
1000285c:	2301      	movs	r3, #1
1000285e:	e006      	b.n	1000286e <_vsnprintf+0x62>
10002860:	2300      	movs	r3, #0
10002862:	e004      	b.n	1000286e <_vsnprintf+0x62>
10002864:	f045 0502 	orr.w	r5, r5, #2
10002868:	3301      	adds	r3, #1
1000286a:	930d      	str	r3, [sp, #52]	@ 0x34
1000286c:	2301      	movs	r3, #1
1000286e:	b1e3      	cbz	r3, 100028aa <_vsnprintf+0x9e>
10002870:	9b0d      	ldr	r3, [sp, #52]	@ 0x34
10002872:	781a      	ldrb	r2, [r3, #0]
10002874:	2a2b      	cmp	r2, #43	@ 0x2b
10002876:	d00a      	beq.n	1000288e <_vsnprintf+0x82>
10002878:	d9e8      	bls.n	1000284c <_vsnprintf+0x40>
1000287a:	2a2d      	cmp	r2, #45	@ 0x2d
1000287c:	d0f2      	beq.n	10002864 <_vsnprintf+0x58>
1000287e:	2a30      	cmp	r2, #48	@ 0x30
10002880:	d111      	bne.n	100028a6 <_vsnprintf+0x9a>
10002882:	f045 0501 	orr.w	r5, r5, #1
10002886:	3301      	adds	r3, #1
10002888:	930d      	str	r3, [sp, #52]	@ 0x34
1000288a:	2301      	movs	r3, #1
1000288c:	e7ef      	b.n	1000286e <_vsnprintf+0x62>
1000288e:	f045 0504 	orr.w	r5, r5, #4
10002892:	3301      	adds	r3, #1
10002894:	930d      	str	r3, [sp, #52]	@ 0x34
10002896:	2301      	movs	r3, #1
10002898:	e7e9      	b.n	1000286e <_vsnprintf+0x62>
1000289a:	f045 0508 	orr.w	r5, r5, #8
1000289e:	3301      	adds	r3, #1
100028a0:	930d      	str	r3, [sp, #52]	@ 0x34
100028a2:	2301      	movs	r3, #1
100028a4:	e7e3      	b.n	1000286e <_vsnprintf+0x62>
100028a6:	2300      	movs	r3, #0
100028a8:	e7e1      	b.n	1000286e <_vsnprintf+0x62>
100028aa:	930a      	str	r3, [sp, #40]	@ 0x28
100028ac:	9b0d      	ldr	r3, [sp, #52]	@ 0x34
100028ae:	781a      	ldrb	r2, [r3, #0]
100028b0:	f1a2 0330 	sub.w	r3, r2, #48	@ 0x30
100028b4:	b2db      	uxtb	r3, r3
100028b6:	2b09      	cmp	r3, #9
100028b8:	d915      	bls.n	100028e6 <_vsnprintf+0xda>
100028ba:	2a2a      	cmp	r2, #42	@ 0x2a
100028bc:	d018      	beq.n	100028f0 <_vsnprintf+0xe4>
100028be:	f8dd b028 	ldr.w	fp, [sp, #40]	@ 0x28
100028c2:	9b0d      	ldr	r3, [sp, #52]	@ 0x34
100028c4:	781a      	ldrb	r2, [r3, #0]
100028c6:	2a2e      	cmp	r2, #46	@ 0x2e
100028c8:	d022      	beq.n	10002910 <_vsnprintf+0x104>
100028ca:	9b0d      	ldr	r3, [sp, #52]	@ 0x34
100028cc:	781a      	ldrb	r2, [r3, #0]
100028ce:	2a6c      	cmp	r2, #108	@ 0x6c
100028d0:	d043      	beq.n	1000295a <_vsnprintf+0x14e>
100028d2:	d939      	bls.n	10002948 <_vsnprintf+0x13c>
100028d4:	2a74      	cmp	r2, #116	@ 0x74
100028d6:	d05c      	beq.n	10002992 <_vsnprintf+0x186>
100028d8:	2a7a      	cmp	r2, #122	@ 0x7a
100028da:	d15e      	bne.n	1000299a <_vsnprintf+0x18e>
100028dc:	f445 7580 	orr.w	r5, r5, #256	@ 0x100
100028e0:	3301      	adds	r3, #1
100028e2:	930d      	str	r3, [sp, #52]	@ 0x34
100028e4:	e059      	b.n	1000299a <_vsnprintf+0x18e>
100028e6:	a80d      	add	r0, sp, #52	@ 0x34
100028e8:	f7ff f9ec 	bl	10001cc4 <_atoi>
100028ec:	4683      	mov	fp, r0
100028ee:	e7e8      	b.n	100028c2 <_vsnprintf+0xb6>
100028f0:	9b18      	ldr	r3, [sp, #96]	@ 0x60
100028f2:	1d1a      	adds	r2, r3, #4
100028f4:	9218      	str	r2, [sp, #96]	@ 0x60
100028f6:	681b      	ldr	r3, [r3, #0]
100028f8:	2b00      	cmp	r3, #0
100028fa:	db04      	blt.n	10002906 <_vsnprintf+0xfa>
100028fc:	469b      	mov	fp, r3
100028fe:	9b0d      	ldr	r3, [sp, #52]	@ 0x34
10002900:	3301      	adds	r3, #1
10002902:	930d      	str	r3, [sp, #52]	@ 0x34
10002904:	e7dd      	b.n	100028c2 <_vsnprintf+0xb6>
10002906:	f045 0502 	orr.w	r5, r5, #2
1000290a:	f1c3 0b00 	rsb	fp, r3, #0
1000290e:	e7f6      	b.n	100028fe <_vsnprintf+0xf2>
10002910:	f445 6580 	orr.w	r5, r5, #1024	@ 0x400
10002914:	1c5a      	adds	r2, r3, #1
10002916:	920d      	str	r2, [sp, #52]	@ 0x34
10002918:	785a      	ldrb	r2, [r3, #1]
1000291a:	f1a2 0330 	sub.w	r3, r2, #48	@ 0x30
1000291e:	b2db      	uxtb	r3, r3
10002920:	2b09      	cmp	r3, #9
10002922:	d90c      	bls.n	1000293e <_vsnprintf+0x132>
10002924:	2a2a      	cmp	r2, #42	@ 0x2a
10002926:	d1d0      	bne.n	100028ca <_vsnprintf+0xbe>
10002928:	9b18      	ldr	r3, [sp, #96]	@ 0x60
1000292a:	1d1a      	adds	r2, r3, #4
1000292c:	9218      	str	r2, [sp, #96]	@ 0x60
1000292e:	681c      	ldr	r4, [r3, #0]
10002930:	ea24 73e4 	bic.w	r3, r4, r4, asr #31
10002934:	930a      	str	r3, [sp, #40]	@ 0x28
10002936:	9b0d      	ldr	r3, [sp, #52]	@ 0x34
10002938:	3301      	adds	r3, #1
1000293a:	930d      	str	r3, [sp, #52]	@ 0x34
1000293c:	e7c5      	b.n	100028ca <_vsnprintf+0xbe>
1000293e:	a80d      	add	r0, sp, #52	@ 0x34
10002940:	f7ff f9c0 	bl	10001cc4 <_atoi>
10002944:	900a      	str	r0, [sp, #40]	@ 0x28
10002946:	e7c0      	b.n	100028ca <_vsnprintf+0xbe>
10002948:	2a68      	cmp	r2, #104	@ 0x68
1000294a:	d014      	beq.n	10002976 <_vsnprintf+0x16a>
1000294c:	2a6a      	cmp	r2, #106	@ 0x6a
1000294e:	d124      	bne.n	1000299a <_vsnprintf+0x18e>
10002950:	f445 7500 	orr.w	r5, r5, #512	@ 0x200
10002954:	3301      	adds	r3, #1
10002956:	930d      	str	r3, [sp, #52]	@ 0x34
10002958:	e01f      	b.n	1000299a <_vsnprintf+0x18e>
1000295a:	f445 7180 	orr.w	r1, r5, #256	@ 0x100
1000295e:	1c5a      	adds	r2, r3, #1
10002960:	920d      	str	r2, [sp, #52]	@ 0x34
10002962:	785a      	ldrb	r2, [r3, #1]
10002964:	2a6c      	cmp	r2, #108	@ 0x6c
10002966:	d001      	beq.n	1000296c <_vsnprintf+0x160>
10002968:	460d      	mov	r5, r1
1000296a:	e016      	b.n	1000299a <_vsnprintf+0x18e>
1000296c:	f445 7540 	orr.w	r5, r5, #768	@ 0x300
10002970:	3302      	adds	r3, #2
10002972:	930d      	str	r3, [sp, #52]	@ 0x34
10002974:	e011      	b.n	1000299a <_vsnprintf+0x18e>
10002976:	f045 0180 	orr.w	r1, r5, #128	@ 0x80
1000297a:	1c5a      	adds	r2, r3, #1
1000297c:	920d      	str	r2, [sp, #52]	@ 0x34
1000297e:	785a      	ldrb	r2, [r3, #1]
10002980:	2a68      	cmp	r2, #104	@ 0x68
10002982:	d001      	beq.n	10002988 <_vsnprintf+0x17c>
10002984:	460d      	mov	r5, r1
10002986:	e008      	b.n	1000299a <_vsnprintf+0x18e>
10002988:	f045 05c0 	orr.w	r5, r5, #192	@ 0xc0
1000298c:	3302      	adds	r3, #2
1000298e:	930d      	str	r3, [sp, #52]	@ 0x34
10002990:	e003      	b.n	1000299a <_vsnprintf+0x18e>
10002992:	f445 7580 	orr.w	r5, r5, #256	@ 0x100
10002996:	3301      	adds	r3, #1
10002998:	930d      	str	r3, [sp, #52]	@ 0x34
1000299a:	9b0d      	ldr	r3, [sp, #52]	@ 0x34
1000299c:	7818      	ldrb	r0, [r3, #0]
1000299e:	2865      	cmp	r0, #101	@ 0x65
100029a0:	d03d      	beq.n	10002a1e <_vsnprintf+0x212>
100029a2:	d871      	bhi.n	10002a88 <_vsnprintf+0x27c>
100029a4:	2846      	cmp	r0, #70	@ 0x46
100029a6:	f000 8087 	beq.w	10002ab8 <_vsnprintf+0x2ac>
100029aa:	d918      	bls.n	100029de <_vsnprintf+0x1d2>
100029ac:	2863      	cmp	r0, #99	@ 0x63
100029ae:	d12f      	bne.n	10002a10 <_vsnprintf+0x204>
100029b0:	f015 0502 	ands.w	r5, r5, #2
100029b4:	f000 81a4 	beq.w	10002d00 <_vsnprintf+0x4f4>
100029b8:	2401      	movs	r4, #1
100029ba:	9818      	ldr	r0, [sp, #96]	@ 0x60
100029bc:	1d03      	adds	r3, r0, #4
100029be:	9318      	str	r3, [sp, #96]	@ 0x60
100029c0:	f106 0a01 	add.w	sl, r6, #1
100029c4:	463b      	mov	r3, r7
100029c6:	4632      	mov	r2, r6
100029c8:	4649      	mov	r1, r9
100029ca:	7800      	ldrb	r0, [r0, #0]
100029cc:	47c0      	blx	r8
100029ce:	2d00      	cmp	r5, #0
100029d0:	f040 8199 	bne.w	10002d06 <_vsnprintf+0x4fa>
100029d4:	9b0d      	ldr	r3, [sp, #52]	@ 0x34
100029d6:	3301      	adds	r3, #1
100029d8:	930d      	str	r3, [sp, #52]	@ 0x34
100029da:	4656      	mov	r6, sl
100029dc:	e721      	b.n	10002822 <_vsnprintf+0x16>
100029de:	2825      	cmp	r0, #37	@ 0x25
100029e0:	d10a      	bne.n	100029f8 <_vsnprintf+0x1ec>
100029e2:	1c74      	adds	r4, r6, #1
100029e4:	463b      	mov	r3, r7
100029e6:	4632      	mov	r2, r6
100029e8:	4649      	mov	r1, r9
100029ea:	2025      	movs	r0, #37	@ 0x25
100029ec:	47c0      	blx	r8
100029ee:	9b0d      	ldr	r3, [sp, #52]	@ 0x34
100029f0:	3301      	adds	r3, #1
100029f2:	930d      	str	r3, [sp, #52]	@ 0x34
100029f4:	4626      	mov	r6, r4
100029f6:	e714      	b.n	10002822 <_vsnprintf+0x16>
100029f8:	2845      	cmp	r0, #69	@ 0x45
100029fa:	d010      	beq.n	10002a1e <_vsnprintf+0x212>
100029fc:	1c74      	adds	r4, r6, #1
100029fe:	463b      	mov	r3, r7
10002a00:	4632      	mov	r2, r6
10002a02:	4649      	mov	r1, r9
10002a04:	47c0      	blx	r8
10002a06:	9b0d      	ldr	r3, [sp, #52]	@ 0x34
10002a08:	3301      	adds	r3, #1
10002a0a:	930d      	str	r3, [sp, #52]	@ 0x34
10002a0c:	4626      	mov	r6, r4
10002a0e:	e708      	b.n	10002822 <_vsnprintf+0x16>
10002a10:	d82c      	bhi.n	10002a6c <_vsnprintf+0x260>
10002a12:	2858      	cmp	r0, #88	@ 0x58
10002a14:	d02c      	beq.n	10002a70 <_vsnprintf+0x264>
10002a16:	2862      	cmp	r0, #98	@ 0x62
10002a18:	d02a      	beq.n	10002a70 <_vsnprintf+0x264>
10002a1a:	2847      	cmp	r0, #71	@ 0x47
10002a1c:	d1ee      	bne.n	100029fc <_vsnprintf+0x1f0>
10002a1e:	2867      	cmp	r0, #103	@ 0x67
10002a20:	d001      	beq.n	10002a26 <_vsnprintf+0x21a>
10002a22:	2847      	cmp	r0, #71	@ 0x47
10002a24:	d101      	bne.n	10002a2a <_vsnprintf+0x21e>
10002a26:	f445 6500 	orr.w	r5, r5, #2048	@ 0x800
10002a2a:	2845      	cmp	r0, #69	@ 0x45
10002a2c:	d001      	beq.n	10002a32 <_vsnprintf+0x226>
10002a2e:	2847      	cmp	r0, #71	@ 0x47
10002a30:	d101      	bne.n	10002a36 <_vsnprintf+0x22a>
10002a32:	f045 0520 	orr.w	r5, r5, #32
10002a36:	9b18      	ldr	r3, [sp, #96]	@ 0x60
10002a38:	3307      	adds	r3, #7
10002a3a:	f023 0307 	bic.w	r3, r3, #7
10002a3e:	f103 0208 	add.w	r2, r3, #8
10002a42:	9218      	str	r2, [sp, #96]	@ 0x60
10002a44:	9504      	str	r5, [sp, #16]
10002a46:	f8cd b00c 	str.w	fp, [sp, #12]
10002a4a:	9a0a      	ldr	r2, [sp, #40]	@ 0x28
10002a4c:	9202      	str	r2, [sp, #8]
10002a4e:	e9d3 2300 	ldrd	r2, r3, [r3]
10002a52:	e9cd 2300 	strd	r2, r3, [sp]
10002a56:	463b      	mov	r3, r7
10002a58:	4632      	mov	r2, r6
10002a5a:	4649      	mov	r1, r9
10002a5c:	4640      	mov	r0, r8
10002a5e:	f7ff faeb 	bl	10002038 <_etoa>
10002a62:	4606      	mov	r6, r0
10002a64:	9b0d      	ldr	r3, [sp, #52]	@ 0x34
10002a66:	3301      	adds	r3, #1
10002a68:	930d      	str	r3, [sp, #52]	@ 0x34
10002a6a:	e6da      	b.n	10002822 <_vsnprintf+0x16>
10002a6c:	2864      	cmp	r0, #100	@ 0x64
10002a6e:	d1c5      	bne.n	100029fc <_vsnprintf+0x1f0>
10002a70:	2878      	cmp	r0, #120	@ 0x78
10002a72:	d04b      	beq.n	10002b0c <_vsnprintf+0x300>
10002a74:	2858      	cmp	r0, #88	@ 0x58
10002a76:	d07c      	beq.n	10002b72 <_vsnprintf+0x366>
10002a78:	286f      	cmp	r0, #111	@ 0x6f
10002a7a:	d07c      	beq.n	10002b76 <_vsnprintf+0x36a>
10002a7c:	2862      	cmp	r0, #98	@ 0x62
10002a7e:	d07c      	beq.n	10002b7a <_vsnprintf+0x36e>
10002a80:	f025 0510 	bic.w	r5, r5, #16
10002a84:	230a      	movs	r3, #10
10002a86:	e042      	b.n	10002b0e <_vsnprintf+0x302>
10002a88:	2870      	cmp	r0, #112	@ 0x70
10002a8a:	f000 81a4 	beq.w	10002dd6 <_vsnprintf+0x5ca>
10002a8e:	d90e      	bls.n	10002aae <_vsnprintf+0x2a2>
10002a90:	2873      	cmp	r0, #115	@ 0x73
10002a92:	d134      	bne.n	10002afe <_vsnprintf+0x2f2>
10002a94:	9b18      	ldr	r3, [sp, #96]	@ 0x60
10002a96:	1d1a      	adds	r2, r3, #4
10002a98:	9218      	str	r2, [sp, #96]	@ 0x60
10002a9a:	f8d3 a000 	ldr.w	sl, [r3]
10002a9e:	9b0a      	ldr	r3, [sp, #40]	@ 0x28
10002aa0:	2b00      	cmp	r3, #0
10002aa2:	f040 815a 	bne.w	10002d5a <_vsnprintf+0x54e>
10002aa6:	f04f 32ff 	mov.w	r2, #4294967295	@ 0xffffffff
10002aaa:	4653      	mov	r3, sl
10002aac:	e13b      	b.n	10002d26 <_vsnprintf+0x51a>
10002aae:	2867      	cmp	r0, #103	@ 0x67
10002ab0:	d0b5      	beq.n	10002a1e <_vsnprintf+0x212>
10002ab2:	d81f      	bhi.n	10002af4 <_vsnprintf+0x2e8>
10002ab4:	2866      	cmp	r0, #102	@ 0x66
10002ab6:	d1a1      	bne.n	100029fc <_vsnprintf+0x1f0>
10002ab8:	2846      	cmp	r0, #70	@ 0x46
10002aba:	f000 8111 	beq.w	10002ce0 <_vsnprintf+0x4d4>
10002abe:	9b18      	ldr	r3, [sp, #96]	@ 0x60
10002ac0:	3307      	adds	r3, #7
10002ac2:	f023 0307 	bic.w	r3, r3, #7
10002ac6:	f103 0208 	add.w	r2, r3, #8
10002aca:	9218      	str	r2, [sp, #96]	@ 0x60
10002acc:	9504      	str	r5, [sp, #16]
10002ace:	f8cd b00c 	str.w	fp, [sp, #12]
10002ad2:	9a0a      	ldr	r2, [sp, #40]	@ 0x28
10002ad4:	9202      	str	r2, [sp, #8]
10002ad6:	e9d3 2300 	ldrd	r2, r3, [r3]
10002ada:	e9cd 2300 	strd	r2, r3, [sp]
10002ade:	463b      	mov	r3, r7
10002ae0:	4632      	mov	r2, r6
10002ae2:	4649      	mov	r1, r9
10002ae4:	4640      	mov	r0, r8
10002ae6:	f7ff fcc7 	bl	10002478 <_ftoa>
10002aea:	4606      	mov	r6, r0
10002aec:	9b0d      	ldr	r3, [sp, #52]	@ 0x34
10002aee:	3301      	adds	r3, #1
10002af0:	930d      	str	r3, [sp, #52]	@ 0x34
10002af2:	e696      	b.n	10002822 <_vsnprintf+0x16>
10002af4:	2869      	cmp	r0, #105	@ 0x69
10002af6:	d0bb      	beq.n	10002a70 <_vsnprintf+0x264>
10002af8:	286f      	cmp	r0, #111	@ 0x6f
10002afa:	d0b9      	beq.n	10002a70 <_vsnprintf+0x264>
10002afc:	e77e      	b.n	100029fc <_vsnprintf+0x1f0>
10002afe:	f4ff af7d 	bcc.w	100029fc <_vsnprintf+0x1f0>
10002b02:	2875      	cmp	r0, #117	@ 0x75
10002b04:	d0b4      	beq.n	10002a70 <_vsnprintf+0x264>
10002b06:	2878      	cmp	r0, #120	@ 0x78
10002b08:	d0b2      	beq.n	10002a70 <_vsnprintf+0x264>
10002b0a:	e777      	b.n	100029fc <_vsnprintf+0x1f0>
10002b0c:	2310      	movs	r3, #16
10002b0e:	2858      	cmp	r0, #88	@ 0x58
10002b10:	d035      	beq.n	10002b7e <_vsnprintf+0x372>
10002b12:	2869      	cmp	r0, #105	@ 0x69
10002b14:	d003      	beq.n	10002b1e <_vsnprintf+0x312>
10002b16:	2864      	cmp	r0, #100	@ 0x64
10002b18:	d001      	beq.n	10002b1e <_vsnprintf+0x312>
10002b1a:	f025 050c 	bic.w	r5, r5, #12
10002b1e:	f415 6f80 	tst.w	r5, #1024	@ 0x400
10002b22:	d001      	beq.n	10002b28 <_vsnprintf+0x31c>
10002b24:	f025 0501 	bic.w	r5, r5, #1
10002b28:	2869      	cmp	r0, #105	@ 0x69
10002b2a:	d02b      	beq.n	10002b84 <_vsnprintf+0x378>
10002b2c:	2864      	cmp	r0, #100	@ 0x64
10002b2e:	d029      	beq.n	10002b84 <_vsnprintf+0x378>
10002b30:	f415 7f00 	tst.w	r5, #512	@ 0x200
10002b34:	f040 8096 	bne.w	10002c64 <_vsnprintf+0x458>
10002b38:	f415 7f80 	tst.w	r5, #256	@ 0x100
10002b3c:	f040 80ae 	bne.w	10002c9c <_vsnprintf+0x490>
10002b40:	f015 0f40 	tst.w	r5, #64	@ 0x40
10002b44:	f000 80bf 	beq.w	10002cc6 <_vsnprintf+0x4ba>
10002b48:	9a18      	ldr	r2, [sp, #96]	@ 0x60
10002b4a:	1d11      	adds	r1, r2, #4
10002b4c:	9118      	str	r1, [sp, #96]	@ 0x60
10002b4e:	7812      	ldrb	r2, [r2, #0]
10002b50:	9505      	str	r5, [sp, #20]
10002b52:	f8cd b010 	str.w	fp, [sp, #16]
10002b56:	990a      	ldr	r1, [sp, #40]	@ 0x28
10002b58:	9103      	str	r1, [sp, #12]
10002b5a:	9302      	str	r3, [sp, #8]
10002b5c:	2300      	movs	r3, #0
10002b5e:	9301      	str	r3, [sp, #4]
10002b60:	9200      	str	r2, [sp, #0]
10002b62:	463b      	mov	r3, r7
10002b64:	4632      	mov	r2, r6
10002b66:	4649      	mov	r1, r9
10002b68:	4640      	mov	r0, r8
10002b6a:	f7ff f9b2 	bl	10001ed2 <_ntoa_long>
10002b6e:	4606      	mov	r6, r0
10002b70:	e029      	b.n	10002bc6 <_vsnprintf+0x3ba>
10002b72:	2310      	movs	r3, #16
10002b74:	e7cb      	b.n	10002b0e <_vsnprintf+0x302>
10002b76:	2308      	movs	r3, #8
10002b78:	e7c9      	b.n	10002b0e <_vsnprintf+0x302>
10002b7a:	2302      	movs	r3, #2
10002b7c:	e7c7      	b.n	10002b0e <_vsnprintf+0x302>
10002b7e:	f045 0520 	orr.w	r5, r5, #32
10002b82:	e7c6      	b.n	10002b12 <_vsnprintf+0x306>
10002b84:	f415 7f00 	tst.w	r5, #512	@ 0x200
10002b88:	d121      	bne.n	10002bce <_vsnprintf+0x3c2>
10002b8a:	f415 7f80 	tst.w	r5, #256	@ 0x100
10002b8e:	d142      	bne.n	10002c16 <_vsnprintf+0x40a>
10002b90:	f015 0f40 	tst.w	r5, #64	@ 0x40
10002b94:	d058      	beq.n	10002c48 <_vsnprintf+0x43c>
10002b96:	9a18      	ldr	r2, [sp, #96]	@ 0x60
10002b98:	1d11      	adds	r1, r2, #4
10002b9a:	9118      	str	r1, [sp, #96]	@ 0x60
10002b9c:	7812      	ldrb	r2, [r2, #0]
10002b9e:	ea82 71e2 	eor.w	r1, r2, r2, asr #31
10002ba2:	eba1 71e2 	sub.w	r1, r1, r2, asr #31
10002ba6:	9505      	str	r5, [sp, #20]
10002ba8:	f8cd b010 	str.w	fp, [sp, #16]
10002bac:	980a      	ldr	r0, [sp, #40]	@ 0x28
10002bae:	9003      	str	r0, [sp, #12]
10002bb0:	9302      	str	r3, [sp, #8]
10002bb2:	0fd2      	lsrs	r2, r2, #31
10002bb4:	9201      	str	r2, [sp, #4]
10002bb6:	9100      	str	r1, [sp, #0]
10002bb8:	463b      	mov	r3, r7
10002bba:	4632      	mov	r2, r6
10002bbc:	4649      	mov	r1, r9
10002bbe:	4640      	mov	r0, r8
10002bc0:	f7ff f987 	bl	10001ed2 <_ntoa_long>
10002bc4:	4606      	mov	r6, r0
10002bc6:	9b0d      	ldr	r3, [sp, #52]	@ 0x34
10002bc8:	3301      	adds	r3, #1
10002bca:	930d      	str	r3, [sp, #52]	@ 0x34
10002bcc:	e629      	b.n	10002822 <_vsnprintf+0x16>
10002bce:	9a18      	ldr	r2, [sp, #96]	@ 0x60
10002bd0:	3207      	adds	r2, #7
10002bd2:	f022 0207 	bic.w	r2, r2, #7
10002bd6:	f102 0108 	add.w	r1, r2, #8
10002bda:	9118      	str	r1, [sp, #96]	@ 0x60
10002bdc:	6851      	ldr	r1, [r2, #4]
10002bde:	6812      	ldr	r2, [r2, #0]
10002be0:	4608      	mov	r0, r1
10002be2:	2900      	cmp	r1, #0
10002be4:	db13      	blt.n	10002c0e <_vsnprintf+0x402>
10002be6:	9508      	str	r5, [sp, #32]
10002be8:	f8cd b01c 	str.w	fp, [sp, #28]
10002bec:	9c0a      	ldr	r4, [sp, #40]	@ 0x28
10002bee:	9406      	str	r4, [sp, #24]
10002bf0:	9304      	str	r3, [sp, #16]
10002bf2:	2300      	movs	r3, #0
10002bf4:	9305      	str	r3, [sp, #20]
10002bf6:	0fc9      	lsrs	r1, r1, #31
10002bf8:	9102      	str	r1, [sp, #8]
10002bfa:	9200      	str	r2, [sp, #0]
10002bfc:	9001      	str	r0, [sp, #4]
10002bfe:	463b      	mov	r3, r7
10002c00:	4632      	mov	r2, r6
10002c02:	4649      	mov	r1, r9
10002c04:	4640      	mov	r0, r8
10002c06:	f7ff f9b4 	bl	10001f72 <_ntoa_long_long>
10002c0a:	4606      	mov	r6, r0
10002c0c:	e7db      	b.n	10002bc6 <_vsnprintf+0x3ba>
10002c0e:	4252      	negs	r2, r2
10002c10:	eb61 0041 	sbc.w	r0, r1, r1, lsl #1
10002c14:	e7e7      	b.n	10002be6 <_vsnprintf+0x3da>
10002c16:	9a18      	ldr	r2, [sp, #96]	@ 0x60
10002c18:	1d11      	adds	r1, r2, #4
10002c1a:	9118      	str	r1, [sp, #96]	@ 0x60
10002c1c:	6812      	ldr	r2, [r2, #0]
10002c1e:	ea82 71e2 	eor.w	r1, r2, r2, asr #31
10002c22:	eba1 71e2 	sub.w	r1, r1, r2, asr #31
10002c26:	9505      	str	r5, [sp, #20]
10002c28:	f8cd b010 	str.w	fp, [sp, #16]
10002c2c:	980a      	ldr	r0, [sp, #40]	@ 0x28
10002c2e:	9003      	str	r0, [sp, #12]
10002c30:	9302      	str	r3, [sp, #8]
10002c32:	0fd2      	lsrs	r2, r2, #31
10002c34:	9201      	str	r2, [sp, #4]
10002c36:	9100      	str	r1, [sp, #0]
10002c38:	463b      	mov	r3, r7
10002c3a:	4632      	mov	r2, r6
10002c3c:	4649      	mov	r1, r9
10002c3e:	4640      	mov	r0, r8
10002c40:	f7ff f947 	bl	10001ed2 <_ntoa_long>
10002c44:	4606      	mov	r6, r0
10002c46:	e7be      	b.n	10002bc6 <_vsnprintf+0x3ba>
10002c48:	f015 0f80 	tst.w	r5, #128	@ 0x80
10002c4c:	d005      	beq.n	10002c5a <_vsnprintf+0x44e>
10002c4e:	9a18      	ldr	r2, [sp, #96]	@ 0x60
10002c50:	1d11      	adds	r1, r2, #4
10002c52:	9118      	str	r1, [sp, #96]	@ 0x60
10002c54:	f9b2 2000 	ldrsh.w	r2, [r2]
10002c58:	e7a1      	b.n	10002b9e <_vsnprintf+0x392>
10002c5a:	9a18      	ldr	r2, [sp, #96]	@ 0x60
10002c5c:	1d11      	adds	r1, r2, #4
10002c5e:	9118      	str	r1, [sp, #96]	@ 0x60
10002c60:	6812      	ldr	r2, [r2, #0]
10002c62:	e79c      	b.n	10002b9e <_vsnprintf+0x392>
10002c64:	9a18      	ldr	r2, [sp, #96]	@ 0x60
10002c66:	3207      	adds	r2, #7
10002c68:	f022 0207 	bic.w	r2, r2, #7
10002c6c:	f102 0108 	add.w	r1, r2, #8
10002c70:	9118      	str	r1, [sp, #96]	@ 0x60
10002c72:	9508      	str	r5, [sp, #32]
10002c74:	f8cd b01c 	str.w	fp, [sp, #28]
10002c78:	990a      	ldr	r1, [sp, #40]	@ 0x28
10002c7a:	9106      	str	r1, [sp, #24]
10002c7c:	2100      	movs	r1, #0
10002c7e:	9304      	str	r3, [sp, #16]
10002c80:	9105      	str	r1, [sp, #20]
10002c82:	9102      	str	r1, [sp, #8]
10002c84:	e9d2 2300 	ldrd	r2, r3, [r2]
10002c88:	e9cd 2300 	strd	r2, r3, [sp]
10002c8c:	463b      	mov	r3, r7
10002c8e:	4632      	mov	r2, r6
10002c90:	4649      	mov	r1, r9
10002c92:	4640      	mov	r0, r8
10002c94:	f7ff f96d 	bl	10001f72 <_ntoa_long_long>
10002c98:	4606      	mov	r6, r0
10002c9a:	e794      	b.n	10002bc6 <_vsnprintf+0x3ba>
10002c9c:	9a18      	ldr	r2, [sp, #96]	@ 0x60
10002c9e:	1d11      	adds	r1, r2, #4
10002ca0:	9118      	str	r1, [sp, #96]	@ 0x60
10002ca2:	9505      	str	r5, [sp, #20]
10002ca4:	f8cd b010 	str.w	fp, [sp, #16]
10002ca8:	990a      	ldr	r1, [sp, #40]	@ 0x28
10002caa:	9103      	str	r1, [sp, #12]
10002cac:	9302      	str	r3, [sp, #8]
10002cae:	2300      	movs	r3, #0
10002cb0:	9301      	str	r3, [sp, #4]
10002cb2:	6813      	ldr	r3, [r2, #0]
10002cb4:	9300      	str	r3, [sp, #0]
10002cb6:	463b      	mov	r3, r7
10002cb8:	4632      	mov	r2, r6
10002cba:	4649      	mov	r1, r9
10002cbc:	4640      	mov	r0, r8
10002cbe:	f7ff f908 	bl	10001ed2 <_ntoa_long>
10002cc2:	4606      	mov	r6, r0
10002cc4:	e77f      	b.n	10002bc6 <_vsnprintf+0x3ba>
10002cc6:	f015 0f80 	tst.w	r5, #128	@ 0x80
10002cca:	d004      	beq.n	10002cd6 <_vsnprintf+0x4ca>
10002ccc:	9a18      	ldr	r2, [sp, #96]	@ 0x60
10002cce:	1d11      	adds	r1, r2, #4
10002cd0:	9118      	str	r1, [sp, #96]	@ 0x60
10002cd2:	8812      	ldrh	r2, [r2, #0]
10002cd4:	e73c      	b.n	10002b50 <_vsnprintf+0x344>
10002cd6:	9a18      	ldr	r2, [sp, #96]	@ 0x60
10002cd8:	1d11      	adds	r1, r2, #4
10002cda:	9118      	str	r1, [sp, #96]	@ 0x60
10002cdc:	6812      	ldr	r2, [r2, #0]
10002cde:	e737      	b.n	10002b50 <_vsnprintf+0x344>
10002ce0:	f045 0520 	orr.w	r5, r5, #32
10002ce4:	e6eb      	b.n	10002abe <_vsnprintf+0x2b2>
10002ce6:	f102 0a01 	add.w	sl, r2, #1
10002cea:	463b      	mov	r3, r7
10002cec:	4649      	mov	r1, r9
10002cee:	2020      	movs	r0, #32
10002cf0:	47c0      	blx	r8
10002cf2:	4623      	mov	r3, r4
10002cf4:	4652      	mov	r2, sl
10002cf6:	1c5c      	adds	r4, r3, #1
10002cf8:	459b      	cmp	fp, r3
10002cfa:	d8f4      	bhi.n	10002ce6 <_vsnprintf+0x4da>
10002cfc:	4616      	mov	r6, r2
10002cfe:	e65c      	b.n	100029ba <_vsnprintf+0x1ae>
10002d00:	2301      	movs	r3, #1
10002d02:	4632      	mov	r2, r6
10002d04:	e7f7      	b.n	10002cf6 <_vsnprintf+0x4ea>
10002d06:	4652      	mov	r2, sl
10002d08:	e006      	b.n	10002d18 <_vsnprintf+0x50c>
10002d0a:	1c56      	adds	r6, r2, #1
10002d0c:	463b      	mov	r3, r7
10002d0e:	4649      	mov	r1, r9
10002d10:	2020      	movs	r0, #32
10002d12:	47c0      	blx	r8
10002d14:	462c      	mov	r4, r5
10002d16:	4632      	mov	r2, r6
10002d18:	1c65      	adds	r5, r4, #1
10002d1a:	45a3      	cmp	fp, r4
10002d1c:	d8f5      	bhi.n	10002d0a <_vsnprintf+0x4fe>
10002d1e:	4692      	mov	sl, r2
10002d20:	e658      	b.n	100029d4 <_vsnprintf+0x1c8>
10002d22:	3301      	adds	r3, #1
10002d24:	460a      	mov	r2, r1
10002d26:	7819      	ldrb	r1, [r3, #0]
10002d28:	b111      	cbz	r1, 10002d30 <_vsnprintf+0x524>
10002d2a:	1e51      	subs	r1, r2, #1
10002d2c:	2a00      	cmp	r2, #0
10002d2e:	d1f8      	bne.n	10002d22 <_vsnprintf+0x516>
10002d30:	eba3 030a 	sub.w	r3, r3, sl
10002d34:	f415 6280 	ands.w	r2, r5, #1024	@ 0x400
10002d38:	920b      	str	r2, [sp, #44]	@ 0x2c
10002d3a:	d003      	beq.n	10002d44 <_vsnprintf+0x538>
10002d3c:	9a0a      	ldr	r2, [sp, #40]	@ 0x28
10002d3e:	4293      	cmp	r3, r2
10002d40:	bf28      	it	cs
10002d42:	4613      	movcs	r3, r2
10002d44:	f015 0402 	ands.w	r4, r5, #2
10002d48:	d009      	beq.n	10002d5e <_vsnprintf+0x552>
10002d4a:	4632      	mov	r2, r6
10002d4c:	9e0b      	ldr	r6, [sp, #44]	@ 0x2c
10002d4e:	940b      	str	r4, [sp, #44]	@ 0x2c
10002d50:	f8cd b030 	str.w	fp, [sp, #48]	@ 0x30
10002d54:	9d0a      	ldr	r5, [sp, #40]	@ 0x28
10002d56:	469b      	mov	fp, r3
10002d58:	e01f      	b.n	10002d9a <_vsnprintf+0x58e>
10002d5a:	9a0a      	ldr	r2, [sp, #40]	@ 0x28
10002d5c:	e6a5      	b.n	10002aaa <_vsnprintf+0x29e>
10002d5e:	4632      	mov	r2, r6
10002d60:	4626      	mov	r6, r4
10002d62:	e006      	b.n	10002d72 <_vsnprintf+0x566>
10002d64:	1c54      	adds	r4, r2, #1
10002d66:	463b      	mov	r3, r7
10002d68:	4649      	mov	r1, r9
10002d6a:	2020      	movs	r0, #32
10002d6c:	47c0      	blx	r8
10002d6e:	462b      	mov	r3, r5
10002d70:	4622      	mov	r2, r4
10002d72:	1c5d      	adds	r5, r3, #1
10002d74:	459b      	cmp	fp, r3
10002d76:	d8f5      	bhi.n	10002d64 <_vsnprintf+0x558>
10002d78:	4634      	mov	r4, r6
10002d7a:	462b      	mov	r3, r5
10002d7c:	9e0b      	ldr	r6, [sp, #44]	@ 0x2c
10002d7e:	940b      	str	r4, [sp, #44]	@ 0x2c
10002d80:	f8cd b030 	str.w	fp, [sp, #48]	@ 0x30
10002d84:	9d0a      	ldr	r5, [sp, #40]	@ 0x28
10002d86:	469b      	mov	fp, r3
10002d88:	e007      	b.n	10002d9a <_vsnprintf+0x58e>
10002d8a:	461d      	mov	r5, r3
10002d8c:	f10a 0a01 	add.w	sl, sl, #1
10002d90:	1c54      	adds	r4, r2, #1
10002d92:	463b      	mov	r3, r7
10002d94:	4649      	mov	r1, r9
10002d96:	47c0      	blx	r8
10002d98:	4622      	mov	r2, r4
10002d9a:	f89a 0000 	ldrb.w	r0, [sl]
10002d9e:	b120      	cbz	r0, 10002daa <_vsnprintf+0x59e>
10002da0:	2e00      	cmp	r6, #0
10002da2:	d0f3      	beq.n	10002d8c <_vsnprintf+0x580>
10002da4:	1e6b      	subs	r3, r5, #1
10002da6:	2d00      	cmp	r5, #0
10002da8:	d1ef      	bne.n	10002d8a <_vsnprintf+0x57e>
10002daa:	4616      	mov	r6, r2
10002dac:	9c0b      	ldr	r4, [sp, #44]	@ 0x2c
10002dae:	465b      	mov	r3, fp
10002db0:	f8dd b030 	ldr.w	fp, [sp, #48]	@ 0x30
10002db4:	b954      	cbnz	r4, 10002dcc <_vsnprintf+0x5c0>
10002db6:	9b0d      	ldr	r3, [sp, #52]	@ 0x34
10002db8:	3301      	adds	r3, #1
10002dba:	930d      	str	r3, [sp, #52]	@ 0x34
10002dbc:	e531      	b.n	10002822 <_vsnprintf+0x16>
10002dbe:	1c55      	adds	r5, r2, #1
10002dc0:	463b      	mov	r3, r7
10002dc2:	4649      	mov	r1, r9
10002dc4:	2020      	movs	r0, #32
10002dc6:	47c0      	blx	r8
10002dc8:	4623      	mov	r3, r4
10002dca:	462a      	mov	r2, r5
10002dcc:	1c5c      	adds	r4, r3, #1
10002dce:	459b      	cmp	fp, r3
10002dd0:	d8f5      	bhi.n	10002dbe <_vsnprintf+0x5b2>
10002dd2:	4616      	mov	r6, r2
10002dd4:	e7ef      	b.n	10002db6 <_vsnprintf+0x5aa>
10002dd6:	f045 0521 	orr.w	r5, r5, #33	@ 0x21
10002dda:	9b18      	ldr	r3, [sp, #96]	@ 0x60
10002ddc:	1d1a      	adds	r2, r3, #4
10002dde:	9218      	str	r2, [sp, #96]	@ 0x60
10002de0:	681b      	ldr	r3, [r3, #0]
10002de2:	9505      	str	r5, [sp, #20]
10002de4:	2208      	movs	r2, #8
10002de6:	9204      	str	r2, [sp, #16]
10002de8:	9a0a      	ldr	r2, [sp, #40]	@ 0x28
10002dea:	9203      	str	r2, [sp, #12]
10002dec:	2210      	movs	r2, #16
10002dee:	9202      	str	r2, [sp, #8]
10002df0:	2200      	movs	r2, #0
10002df2:	9201      	str	r2, [sp, #4]
10002df4:	9300      	str	r3, [sp, #0]
10002df6:	463b      	mov	r3, r7
10002df8:	4632      	mov	r2, r6
10002dfa:	4649      	mov	r1, r9
10002dfc:	4640      	mov	r0, r8
10002dfe:	f7ff f868 	bl	10001ed2 <_ntoa_long>
10002e02:	4606      	mov	r6, r0
10002e04:	9b0d      	ldr	r3, [sp, #52]	@ 0x34
10002e06:	3301      	adds	r3, #1
10002e08:	930d      	str	r3, [sp, #52]	@ 0x34
10002e0a:	e50a      	b.n	10002822 <_vsnprintf+0x16>
10002e0c:	f8df 801c 	ldr.w	r8, [pc, #28]	@ 10002e2c <_vsnprintf+0x620>
10002e10:	e506      	b.n	10002820 <_vsnprintf+0x14>
10002e12:	42be      	cmp	r6, r7
10002e14:	d308      	bcc.n	10002e28 <_vsnprintf+0x61c>
10002e16:	1e7a      	subs	r2, r7, #1
10002e18:	463b      	mov	r3, r7
10002e1a:	4649      	mov	r1, r9
10002e1c:	2000      	movs	r0, #0
10002e1e:	47c0      	blx	r8
10002e20:	4630      	mov	r0, r6
10002e22:	b00f      	add	sp, #60	@ 0x3c
10002e24:	e8bd 8ff0 	ldmia.w	sp!, {r4, r5, r6, r7, r8, r9, sl, fp, pc}
10002e28:	4632      	mov	r2, r6
10002e2a:	e7f5      	b.n	10002e18 <_vsnprintf+0x60c>
10002e2c:	10001cb5 	.word	0x10001cb5

10002e30 <vfctprintf>:
10002e30:	b500      	push	{lr}
10002e32:	b085      	sub	sp, #20
10002e34:	9002      	str	r0, [sp, #8]
10002e36:	9103      	str	r1, [sp, #12]
10002e38:	9300      	str	r3, [sp, #0]
10002e3a:	4613      	mov	r3, r2
10002e3c:	f04f 32ff 	mov.w	r2, #4294967295	@ 0xffffffff
10002e40:	a902      	add	r1, sp, #8
10002e42:	4802      	ldr	r0, [pc, #8]	@ (10002e4c <vfctprintf+0x1c>)
10002e44:	f7ff fce2 	bl	1000280c <_vsnprintf>
10002e48:	b005      	add	sp, #20
10002e4a:	bd00      	pop	{pc}
10002e4c:	10001cb7 	.word	0x10001cb7

10002e50 <_exit>:
10002e50:	be00      	bkpt	0x0000
10002e52:	e7fd      	b.n	10002e50 <_exit>

10002e54 <_fini>:
10002e54:	4770      	bx	lr

10002e56 <exit>:
10002e56:	b508      	push	{r3, lr}
10002e58:	f7ff fffa 	bl	10002e50 <_exit>

10002e5c <__assert_func>:
10002e5c:	b500      	push	{lr}
10002e5e:	b083      	sub	sp, #12
10002e60:	468c      	mov	ip, r1
10002e62:	4619      	mov	r1, r3
10002e64:	b162      	cbz	r2, 10002e80 <__assert_func+0x24>
10002e66:	4696      	mov	lr, r2
10002e68:	4b07      	ldr	r3, [pc, #28]	@ (10002e88 <__assert_func+0x2c>)
10002e6a:	f8cd e004 	str.w	lr, [sp, #4]
10002e6e:	9300      	str	r3, [sp, #0]
10002e70:	4663      	mov	r3, ip
10002e72:	4602      	mov	r2, r0
10002e74:	4805      	ldr	r0, [pc, #20]	@ (10002e8c <__assert_func+0x30>)
10002e76:	f000 f94f 	bl	10003118 <__wrap_printf>
10002e7a:	2001      	movs	r0, #1
10002e7c:	f7ff ffe8 	bl	10002e50 <_exit>
10002e80:	4b03      	ldr	r3, [pc, #12]	@ (10002e90 <__assert_func+0x34>)
10002e82:	469e      	mov	lr, r3
10002e84:	e7f1      	b.n	10002e6a <__assert_func+0xe>
10002e86:	bf00      	nop
10002e88:	10006494 	.word	0x10006494
10002e8c:	100064a4 	.word	0x100064a4
10002e90:	100064a0 	.word	0x100064a0

10002e94 <runtime_init>:
10002e94:	b510      	push	{r4, lr}
10002e96:	f3ef 8305 	mrs	r3, IPSR
10002e9a:	b2db      	uxtb	r3, r3
10002e9c:	b103      	cbz	r3, 10002ea0 <runtime_init+0xc>
10002e9e:	be00      	bkpt	0x0000
10002ea0:	f7fe fcaa 	bl	100017f8 <runtime_run_initializers>
10002ea4:	4c04      	ldr	r4, [pc, #16]	@ (10002eb8 <runtime_init+0x24>)
10002ea6:	e002      	b.n	10002eae <runtime_init+0x1a>
10002ea8:	f854 3b04 	ldr.w	r3, [r4], #4
10002eac:	4798      	blx	r3
10002eae:	4b03      	ldr	r3, [pc, #12]	@ (10002ebc <runtime_init+0x28>)
10002eb0:	429c      	cmp	r4, r3
10002eb2:	d3f9      	bcc.n	10002ea8 <runtime_init+0x14>
10002eb4:	bd10      	pop	{r4, pc}
10002eb6:	bf00      	nop
10002eb8:	10005d50 	.word	0x10005d50
10002ebc:	10005d54 	.word	0x10005d54

10002ec0 <stdio_out_chars_no_crlf>:
10002ec0:	b508      	push	{r3, lr}
10002ec2:	4603      	mov	r3, r0
10002ec4:	4608      	mov	r0, r1
10002ec6:	681b      	ldr	r3, [r3, #0]
10002ec8:	4611      	mov	r1, r2
10002eca:	4798      	blx	r3
10002ecc:	bd08      	pop	{r3, pc}
	...

10002ed0 <stdio_out_chars_crlf>:
10002ed0:	b5f8      	push	{r3, r4, r5, r6, r7, lr}
10002ed2:	4607      	mov	r7, r0
10002ed4:	460d      	mov	r5, r1
10002ed6:	4616      	mov	r6, r2
10002ed8:	7d43      	ldrb	r3, [r0, #21]
10002eda:	b113      	cbz	r3, 10002ee2 <stdio_out_chars_crlf+0x12>
10002edc:	2400      	movs	r4, #0
10002ede:	4620      	mov	r0, r4
10002ee0:	e00c      	b.n	10002efc <stdio_out_chars_crlf+0x2c>
10002ee2:	6803      	ldr	r3, [r0, #0]
10002ee4:	4611      	mov	r1, r2
10002ee6:	4628      	mov	r0, r5
10002ee8:	4798      	blx	r3
10002eea:	e02c      	b.n	10002f46 <stdio_out_chars_crlf+0x76>
10002eec:	7d3b      	ldrb	r3, [r7, #20]
10002eee:	e00f      	b.n	10002f10 <stdio_out_chars_crlf+0x40>
10002ef0:	683b      	ldr	r3, [r7, #0]
10002ef2:	2102      	movs	r1, #2
10002ef4:	4814      	ldr	r0, [pc, #80]	@ (10002f48 <stdio_out_chars_crlf+0x78>)
10002ef6:	4798      	blx	r3
10002ef8:	1c60      	adds	r0, r4, #1
10002efa:	3401      	adds	r4, #1
10002efc:	42b4      	cmp	r4, r6
10002efe:	da13      	bge.n	10002f28 <stdio_out_chars_crlf+0x58>
10002f00:	2c00      	cmp	r4, #0
10002f02:	ddf3      	ble.n	10002eec <stdio_out_chars_crlf+0x1c>
10002f04:	1e63      	subs	r3, r4, #1
10002f06:	5ceb      	ldrb	r3, [r5, r3]
10002f08:	2b0d      	cmp	r3, #13
10002f0a:	bf14      	ite	ne
10002f0c:	2300      	movne	r3, #0
10002f0e:	2301      	moveq	r3, #1
10002f10:	5d2a      	ldrb	r2, [r5, r4]
10002f12:	2a0a      	cmp	r2, #10
10002f14:	d1f1      	bne.n	10002efa <stdio_out_chars_crlf+0x2a>
10002f16:	2b00      	cmp	r3, #0
10002f18:	d1ef      	bne.n	10002efa <stdio_out_chars_crlf+0x2a>
10002f1a:	42a0      	cmp	r0, r4
10002f1c:	dae8      	bge.n	10002ef0 <stdio_out_chars_crlf+0x20>
10002f1e:	683b      	ldr	r3, [r7, #0]
10002f20:	1a21      	subs	r1, r4, r0
10002f22:	4428      	add	r0, r5
10002f24:	4798      	blx	r3
10002f26:	e7e3      	b.n	10002ef0 <stdio_out_chars_crlf+0x20>
10002f28:	42b0      	cmp	r0, r6
10002f2a:	da03      	bge.n	10002f34 <stdio_out_chars_crlf+0x64>
10002f2c:	683b      	ldr	r3, [r7, #0]
10002f2e:	1a31      	subs	r1, r6, r0
10002f30:	4428      	add	r0, r5
10002f32:	4798      	blx	r3
10002f34:	2e00      	cmp	r6, #0
10002f36:	dd06      	ble.n	10002f46 <stdio_out_chars_crlf+0x76>
10002f38:	3e01      	subs	r6, #1
10002f3a:	5dab      	ldrb	r3, [r5, r6]
10002f3c:	2b0d      	cmp	r3, #13
10002f3e:	bf14      	ite	ne
10002f40:	2300      	movne	r3, #0
10002f42:	2301      	moveq	r3, #1
10002f44:	753b      	strb	r3, [r7, #20]
10002f46:	bdf8      	pop	{r3, r4, r5, r6, r7, pc}
10002f48:	10006948 	.word	0x10006948

10002f4c <stdio_stack_buffer_flush>:
10002f4c:	b538      	push	{r3, r4, r5, lr}
10002f4e:	6803      	ldr	r3, [r0, #0]
10002f50:	b1b3      	cbz	r3, 10002f80 <stdio_stack_buffer_flush+0x34>
10002f52:	4605      	mov	r5, r0
10002f54:	4b0b      	ldr	r3, [pc, #44]	@ (10002f84 <stdio_stack_buffer_flush+0x38>)
10002f56:	681c      	ldr	r4, [r3, #0]
10002f58:	e006      	b.n	10002f68 <stdio_stack_buffer_flush+0x1c>
10002f5a:	4629      	mov	r1, r5
10002f5c:	f851 2b04 	ldr.w	r2, [r1], #4
10002f60:	4620      	mov	r0, r4
10002f62:	f7ff ffb5 	bl	10002ed0 <stdio_out_chars_crlf>
10002f66:	6924      	ldr	r4, [r4, #16]
10002f68:	b14c      	cbz	r4, 10002f7e <stdio_stack_buffer_flush+0x32>
10002f6a:	6823      	ldr	r3, [r4, #0]
10002f6c:	2b00      	cmp	r3, #0
10002f6e:	d0fa      	beq.n	10002f66 <stdio_stack_buffer_flush+0x1a>
10002f70:	4b05      	ldr	r3, [pc, #20]	@ (10002f88 <stdio_stack_buffer_flush+0x3c>)
10002f72:	681b      	ldr	r3, [r3, #0]
10002f74:	2b00      	cmp	r3, #0
10002f76:	d0f0      	beq.n	10002f5a <stdio_stack_buffer_flush+0xe>
10002f78:	42a3      	cmp	r3, r4
10002f7a:	d1f4      	bne.n	10002f66 <stdio_stack_buffer_flush+0x1a>
10002f7c:	e7ed      	b.n	10002f5a <stdio_stack_buffer_flush+0xe>
10002f7e:	602c      	str	r4, [r5, #0]
10002f80:	bd38      	pop	{r3, r4, r5, pc}
10002f82:	bf00      	nop
10002f84:	200013e4 	.word	0x200013e4
10002f88:	200013ec 	.word	0x200013ec

10002f8c <stdio_buffered_printer>:
10002f8c:	b508      	push	{r3, lr}
10002f8e:	680b      	ldr	r3, [r1, #0]
10002f90:	1c5a      	adds	r2, r3, #1
10002f92:	600a      	str	r2, [r1, #0]
10002f94:	440b      	add	r3, r1
10002f96:	7118      	strb	r0, [r3, #4]
10002f98:	2a80      	cmp	r2, #128	@ 0x80
10002f9a:	d000      	beq.n	10002f9e <stdio_buffered_printer+0x12>
10002f9c:	bd08      	pop	{r3, pc}
10002f9e:	4608      	mov	r0, r1
10002fa0:	f7ff ffd4 	bl	10002f4c <stdio_stack_buffer_flush>
10002fa4:	e7fa      	b.n	10002f9c <stdio_buffered_printer+0x10>
	...

10002fa8 <stdout_serialize_begin>:
10002fa8:	b508      	push	{r3, lr}
10002faa:	f7fe fa1b 	bl	100013e4 <time_us_64>
10002fae:	4a07      	ldr	r2, [pc, #28]	@ (10002fcc <stdout_serialize_begin+0x24>)
10002fb0:	1882      	adds	r2, r0, r2
10002fb2:	f141 0300 	adc.w	r3, r1, #0
10002fb6:	2b00      	cmp	r3, #0
10002fb8:	db03      	blt.n	10002fc2 <stdout_serialize_begin+0x1a>
10002fba:	4805      	ldr	r0, [pc, #20]	@ (10002fd0 <stdout_serialize_begin+0x28>)
10002fbc:	f002 fe9c 	bl	10005cf8 <__mutex_try_enter_block_until_veneer>
10002fc0:	bd08      	pop	{r3, pc}
10002fc2:	f04f 32ff 	mov.w	r2, #4294967295	@ 0xffffffff
10002fc6:	f06f 4300 	mvn.w	r3, #2147483648	@ 0x80000000
10002fca:	e7f6      	b.n	10002fba <stdout_serialize_begin+0x12>
10002fcc:	000f4240 	.word	0x000f4240
10002fd0:	20000f04 	.word	0x20000f04

10002fd4 <stdout_serialize_end>:
10002fd4:	b508      	push	{r3, lr}
10002fd6:	4802      	ldr	r0, [pc, #8]	@ (10002fe0 <stdout_serialize_end+0xc>)
10002fd8:	f002 fe8a 	bl	10005cf0 <__mutex_exit_veneer>
10002fdc:	bd08      	pop	{r3, pc}
10002fde:	bf00      	nop
10002fe0:	20000f04 	.word	0x20000f04

10002fe4 <stdio_put_string>:
10002fe4:	e92d 43f0 	stmdb	sp!, {r4, r5, r6, r7, r8, r9, lr}
10002fe8:	b083      	sub	sp, #12
10002fea:	4606      	mov	r6, r0
10002fec:	460d      	mov	r5, r1
10002fee:	4690      	mov	r8, r2
10002ff0:	461c      	mov	r4, r3
10002ff2:	f7ff ffd9 	bl	10002fa8 <stdout_serialize_begin>
10002ff6:	4681      	mov	r9, r0
10002ff8:	f1b5 3fff 	cmp.w	r5, #4294967295	@ 0xffffffff
10002ffc:	d004      	beq.n	10003008 <stdio_put_string+0x24>
10002ffe:	b144      	cbz	r4, 10003012 <stdio_put_string+0x2e>
10003000:	4f16      	ldr	r7, [pc, #88]	@ (1000305c <stdio_put_string+0x78>)
10003002:	4b17      	ldr	r3, [pc, #92]	@ (10003060 <stdio_put_string+0x7c>)
10003004:	681c      	ldr	r4, [r3, #0]
10003006:	e007      	b.n	10003018 <stdio_put_string+0x34>
10003008:	4630      	mov	r0, r6
1000300a:	f002 fe27 	bl	10005c5c <strlen>
1000300e:	4605      	mov	r5, r0
10003010:	e7f5      	b.n	10002ffe <stdio_put_string+0x1a>
10003012:	4f14      	ldr	r7, [pc, #80]	@ (10003064 <stdio_put_string+0x80>)
10003014:	e7f5      	b.n	10003002 <stdio_put_string+0x1e>
10003016:	6924      	ldr	r4, [r4, #16]
10003018:	b1bc      	cbz	r4, 1000304a <stdio_put_string+0x66>
1000301a:	6823      	ldr	r3, [r4, #0]
1000301c:	2b00      	cmp	r3, #0
1000301e:	d0fa      	beq.n	10003016 <stdio_put_string+0x32>
10003020:	4b11      	ldr	r3, [pc, #68]	@ (10003068 <stdio_put_string+0x84>)
10003022:	681b      	ldr	r3, [r3, #0]
10003024:	b10b      	cbz	r3, 1000302a <stdio_put_string+0x46>
10003026:	42a3      	cmp	r3, r4
10003028:	d1f5      	bne.n	10003016 <stdio_put_string+0x32>
1000302a:	462a      	mov	r2, r5
1000302c:	4631      	mov	r1, r6
1000302e:	4620      	mov	r0, r4
10003030:	47b8      	blx	r7
10003032:	f1b8 0f00 	cmp.w	r8, #0
10003036:	d0ee      	beq.n	10003016 <stdio_put_string+0x32>
10003038:	230a      	movs	r3, #10
1000303a:	f88d 3007 	strb.w	r3, [sp, #7]
1000303e:	2201      	movs	r2, #1
10003040:	f10d 0107 	add.w	r1, sp, #7
10003044:	4620      	mov	r0, r4
10003046:	47b8      	blx	r7
10003048:	e7e5      	b.n	10003016 <stdio_put_string+0x32>
1000304a:	464b      	mov	r3, r9
1000304c:	b91b      	cbnz	r3, 10003056 <stdio_put_string+0x72>
1000304e:	4628      	mov	r0, r5
10003050:	b003      	add	sp, #12
10003052:	e8bd 83f0 	ldmia.w	sp!, {r4, r5, r6, r7, r8, r9, pc}
10003056:	f7ff ffbd 	bl	10002fd4 <stdout_serialize_end>
1000305a:	e7f8      	b.n	1000304e <stdio_put_string+0x6a>
1000305c:	10002ed1 	.word	0x10002ed1
10003060:	200013e4 	.word	0x200013e4
10003064:	10002ec1 	.word	0x10002ec1
10003068:	200013ec 	.word	0x200013ec

1000306c <stdio_set_driver_enabled>:
1000306c:	4a08      	ldr	r2, [pc, #32]	@ (10003090 <stdio_set_driver_enabled+0x24>)
1000306e:	6813      	ldr	r3, [r2, #0]
10003070:	e002      	b.n	10003078 <stdio_set_driver_enabled+0xc>
10003072:	f103 0210 	add.w	r2, r3, #16
10003076:	691b      	ldr	r3, [r3, #16]
10003078:	b13b      	cbz	r3, 1000308a <stdio_set_driver_enabled+0x1e>
1000307a:	6813      	ldr	r3, [r2, #0]
1000307c:	4283      	cmp	r3, r0
1000307e:	d1f8      	bne.n	10003072 <stdio_set_driver_enabled+0x6>
10003080:	b929      	cbnz	r1, 1000308e <stdio_set_driver_enabled+0x22>
10003082:	6903      	ldr	r3, [r0, #16]
10003084:	6013      	str	r3, [r2, #0]
10003086:	6101      	str	r1, [r0, #16]
10003088:	4770      	bx	lr
1000308a:	b101      	cbz	r1, 1000308e <stdio_set_driver_enabled+0x22>
1000308c:	6010      	str	r0, [r2, #0]
1000308e:	4770      	bx	lr
10003090:	200013e4 	.word	0x200013e4

10003094 <stdio_flush>:
10003094:	b510      	push	{r4, lr}
10003096:	4b05      	ldr	r3, [pc, #20]	@ (100030ac <stdio_flush+0x18>)
10003098:	681c      	ldr	r4, [r3, #0]
1000309a:	e000      	b.n	1000309e <stdio_flush+0xa>
1000309c:	6924      	ldr	r4, [r4, #16]
1000309e:	b124      	cbz	r4, 100030aa <stdio_flush+0x16>
100030a0:	6863      	ldr	r3, [r4, #4]
100030a2:	2b00      	cmp	r3, #0
100030a4:	d0fa      	beq.n	1000309c <stdio_flush+0x8>
100030a6:	4798      	blx	r3
100030a8:	e7f8      	b.n	1000309c <stdio_flush+0x8>
100030aa:	bd10      	pop	{r4, pc}
100030ac:	200013e4 	.word	0x200013e4

100030b0 <stdio_init_all>:
100030b0:	b508      	push	{r3, lr}
100030b2:	f000 f93b 	bl	1000332c <stdio_usb_init>
100030b6:	bd08      	pop	{r3, pc}

100030b8 <__wrap_puts>:
100030b8:	b538      	push	{r3, r4, r5, lr}
100030ba:	4605      	mov	r5, r0
100030bc:	f002 fdce 	bl	10005c5c <strlen>
100030c0:	4604      	mov	r4, r0
100030c2:	2301      	movs	r3, #1
100030c4:	461a      	mov	r2, r3
100030c6:	4601      	mov	r1, r0
100030c8:	4628      	mov	r0, r5
100030ca:	f7ff ff8b 	bl	10002fe4 <stdio_put_string>
100030ce:	f7ff ffe1 	bl	10003094 <stdio_flush>
100030d2:	4620      	mov	r0, r4
100030d4:	bd38      	pop	{r3, r4, r5, pc}
	...

100030d8 <__wrap_vprintf>:
100030d8:	b5f0      	push	{r4, r5, r6, r7, lr}
100030da:	b0a3      	sub	sp, #140	@ 0x8c
100030dc:	4607      	mov	r7, r0
100030de:	460e      	mov	r6, r1
100030e0:	f7ff ff62 	bl	10002fa8 <stdout_serialize_begin>
100030e4:	4605      	mov	r5, r0
100030e6:	2300      	movs	r3, #0
100030e8:	9301      	str	r3, [sp, #4]
100030ea:	ac01      	add	r4, sp, #4
100030ec:	4633      	mov	r3, r6
100030ee:	463a      	mov	r2, r7
100030f0:	4621      	mov	r1, r4
100030f2:	4808      	ldr	r0, [pc, #32]	@ (10003114 <__wrap_vprintf+0x3c>)
100030f4:	f7ff fe9c 	bl	10002e30 <vfctprintf>
100030f8:	4606      	mov	r6, r0
100030fa:	4620      	mov	r0, r4
100030fc:	f7ff ff26 	bl	10002f4c <stdio_stack_buffer_flush>
10003100:	f7ff ffc8 	bl	10003094 <stdio_flush>
10003104:	b915      	cbnz	r5, 1000310c <__wrap_vprintf+0x34>
10003106:	4630      	mov	r0, r6
10003108:	b023      	add	sp, #140	@ 0x8c
1000310a:	bdf0      	pop	{r4, r5, r6, r7, pc}
1000310c:	f7ff ff62 	bl	10002fd4 <stdout_serialize_end>
10003110:	e7f9      	b.n	10003106 <__wrap_vprintf+0x2e>
10003112:	bf00      	nop
10003114:	10002f8d 	.word	0x10002f8d

10003118 <__wrap_printf>:
10003118:	b40f      	push	{r0, r1, r2, r3}
1000311a:	b500      	push	{lr}
1000311c:	b083      	sub	sp, #12
1000311e:	a904      	add	r1, sp, #16
10003120:	f851 0b04 	ldr.w	r0, [r1], #4
10003124:	9101      	str	r1, [sp, #4]
10003126:	f7ff ffd7 	bl	100030d8 <__wrap_vprintf>
1000312a:	b003      	add	sp, #12
1000312c:	f85d eb04 	ldr.w	lr, [sp], #4
10003130:	b004      	add	sp, #16
10003132:	4770      	bx	lr

10003134 <stdio_usb_set_chars_available_callback>:
10003134:	4b02      	ldr	r3, [pc, #8]	@ (10003140 <stdio_usb_set_chars_available_callback+0xc>)
10003136:	6018      	str	r0, [r3, #0]
10003138:	4b02      	ldr	r3, [pc, #8]	@ (10003144 <stdio_usb_set_chars_available_callback+0x10>)
1000313a:	6019      	str	r1, [r3, #0]
1000313c:	4770      	bx	lr
1000313e:	bf00      	nop
10003140:	20001384 	.word	0x20001384
10003144:	20001388 	.word	0x20001388

10003148 <stdio_usb_out_flush>:
10003148:	b508      	push	{r3, lr}
1000314a:	f7fe f94b 	bl	100013e4 <time_us_64>
1000314e:	4a0e      	ldr	r2, [pc, #56]	@ (10003188 <stdio_usb_out_flush+0x40>)
10003150:	1882      	adds	r2, r0, r2
10003152:	f141 0300 	adc.w	r3, r1, #0
10003156:	2b00      	cmp	r3, #0
10003158:	db11      	blt.n	1000317e <stdio_usb_out_flush+0x36>
1000315a:	480c      	ldr	r0, [pc, #48]	@ (1000318c <stdio_usb_out_flush+0x44>)
1000315c:	f002 fdcc 	bl	10005cf8 <__mutex_try_enter_block_until_veneer>
10003160:	b160      	cbz	r0, 1000317c <stdio_usb_out_flush+0x34>
10003162:	2100      	movs	r1, #0
10003164:	f04f 30ff 	mov.w	r0, #4294967295	@ 0xffffffff
10003168:	f001 fafe 	bl	10004768 <tud_task_ext>
1000316c:	2000      	movs	r0, #0
1000316e:	f001 fdfb 	bl	10004d68 <tud_cdc_n_write_flush>
10003172:	2800      	cmp	r0, #0
10003174:	d1f5      	bne.n	10003162 <stdio_usb_out_flush+0x1a>
10003176:	4805      	ldr	r0, [pc, #20]	@ (1000318c <stdio_usb_out_flush+0x44>)
10003178:	f002 fdba 	bl	10005cf0 <__mutex_exit_veneer>
1000317c:	bd08      	pop	{r3, pc}
1000317e:	f04f 32ff 	mov.w	r2, #4294967295	@ 0xffffffff
10003182:	f06f 4300 	mvn.w	r3, #2147483648	@ 0x80000000
10003186:	e7e8      	b.n	1000315a <stdio_usb_out_flush+0x12>
10003188:	000f4240 	.word	0x000f4240
1000318c:	20001828 	.word	0x20001828

10003190 <timer_task>:
10003190:	b538      	push	{r3, r4, r5, lr}
10003192:	4b1b      	ldr	r3, [pc, #108]	@ (10003200 <timer_task+0x70>)
10003194:	681b      	ldr	r3, [r3, #0]
10003196:	2b00      	cmp	r3, #0
10003198:	d027      	beq.n	100031ea <timer_task+0x5a>
1000319a:	f3ef 8210 	mrs	r2, PRIMASK
1000319e:	b672      	cpsid	i
100031a0:	e8d3 0fcf 	ldaexb	r0, [r3]
100031a4:	2101      	movs	r1, #1
100031a6:	2800      	cmp	r0, #0
100031a8:	d1fa      	bne.n	100031a0 <timer_task+0x10>
100031aa:	e8c3 1f40 	strexb	r0, r1, [r3]
100031ae:	2800      	cmp	r0, #0
100031b0:	d1f6      	bne.n	100031a0 <timer_task+0x10>
100031b2:	f3bf 8f5f 	dmb	sy
100031b6:	4912      	ldr	r1, [pc, #72]	@ (10003200 <timer_task+0x70>)
100031b8:	604a      	str	r2, [r1, #4]
100031ba:	2300      	movs	r3, #0
100031bc:	4811      	ldr	r0, [pc, #68]	@ (10003204 <timer_task+0x74>)
100031be:	7003      	strb	r3, [r0, #0]
100031c0:	6809      	ldr	r1, [r1, #0]
100031c2:	e8c1 3f8f 	stlb	r3, [r1]
100031c6:	f382 8810 	msr	PRIMASK, r2
100031ca:	2200      	movs	r2, #0
100031cc:	2300      	movs	r3, #0
100031ce:	4614      	mov	r4, r2
100031d0:	461d      	mov	r5, r3
100031d2:	4b0d      	ldr	r3, [pc, #52]	@ (10003208 <timer_task+0x78>)
100031d4:	7818      	ldrb	r0, [r3, #0]
100031d6:	f7fd fa57 	bl	10000688 <irq_is_enabled>
100031da:	b960      	cbnz	r0, 100031f6 <timer_task+0x66>
100031dc:	2200      	movs	r2, #0
100031de:	2300      	movs	r3, #0
100031e0:	4614      	mov	r4, r2
100031e2:	461d      	mov	r5, r3
100031e4:	4620      	mov	r0, r4
100031e6:	4629      	mov	r1, r5
100031e8:	bd38      	pop	{r3, r4, r5, pc}
100031ea:	f44f 727a 	mov.w	r2, #1000	@ 0x3e8
100031ee:	2300      	movs	r3, #0
100031f0:	4614      	mov	r4, r2
100031f2:	461d      	mov	r5, r3
100031f4:	e7ed      	b.n	100031d2 <timer_task+0x42>
100031f6:	4b04      	ldr	r3, [pc, #16]	@ (10003208 <timer_task+0x78>)
100031f8:	7818      	ldrb	r0, [r3, #0]
100031fa:	f7fd fa6f 	bl	100006dc <irq_set_pending>
100031fe:	e7f1      	b.n	100031e4 <timer_task+0x54>
10003200:	200017f8 	.word	0x200017f8
10003204:	20001848 	.word	0x20001848
10003208:	20001847 	.word	0x20001847

1000320c <usb_irq>:
1000320c:	b508      	push	{r3, lr}
1000320e:	4b02      	ldr	r3, [pc, #8]	@ (10003218 <usb_irq+0xc>)
10003210:	7818      	ldrb	r0, [r3, #0]
10003212:	f7fd fa63 	bl	100006dc <irq_set_pending>
10003216:	bd08      	pop	{r3, pc}
10003218:	20001847 	.word	0x20001847

1000321c <alarm_pool_add_alarm_in_us>:
1000321c:	b570      	push	{r4, r5, r6, lr}
1000321e:	b084      	sub	sp, #16
10003220:	4606      	mov	r6, r0
10003222:	4615      	mov	r5, r2
10003224:	461c      	mov	r4, r3
10003226:	f7fe f8dd 	bl	100013e4 <time_us_64>
1000322a:	182a      	adds	r2, r5, r0
1000322c:	eb44 0301 	adc.w	r3, r4, r1
10003230:	2b00      	cmp	r3, #0
10003232:	db0b      	blt.n	1000324c <alarm_pool_add_alarm_in_us+0x30>
10003234:	f89d 1028 	ldrb.w	r1, [sp, #40]	@ 0x28
10003238:	9102      	str	r1, [sp, #8]
1000323a:	9909      	ldr	r1, [sp, #36]	@ 0x24
1000323c:	9101      	str	r1, [sp, #4]
1000323e:	9908      	ldr	r1, [sp, #32]
10003240:	9100      	str	r1, [sp, #0]
10003242:	4630      	mov	r0, r6
10003244:	f7fd ff28 	bl	10001098 <alarm_pool_add_alarm_at>
10003248:	b004      	add	sp, #16
1000324a:	bd70      	pop	{r4, r5, r6, pc}
1000324c:	f04f 32ff 	mov.w	r2, #4294967295	@ 0xffffffff
10003250:	f06f 4300 	mvn.w	r3, #2147483648	@ 0x80000000
10003254:	e7ee      	b.n	10003234 <alarm_pool_add_alarm_in_us+0x18>

10003256 <add_alarm_in_us>:
10003256:	b5f0      	push	{r4, r5, r6, r7, lr}
10003258:	b085      	sub	sp, #20
1000325a:	4607      	mov	r7, r0
1000325c:	460e      	mov	r6, r1
1000325e:	4615      	mov	r5, r2
10003260:	461c      	mov	r4, r3
10003262:	f7fd fea5 	bl	10000fb0 <alarm_pool_get_default>
10003266:	f89d 3028 	ldrb.w	r3, [sp, #40]	@ 0x28
1000326a:	9302      	str	r3, [sp, #8]
1000326c:	9401      	str	r4, [sp, #4]
1000326e:	9500      	str	r5, [sp, #0]
10003270:	463a      	mov	r2, r7
10003272:	4633      	mov	r3, r6
10003274:	f7ff ffd2 	bl	1000321c <alarm_pool_add_alarm_in_us>
10003278:	b005      	add	sp, #20
1000327a:	bdf0      	pop	{r4, r5, r6, r7, pc}

1000327c <low_priority_worker_irq>:
1000327c:	b510      	push	{r4, lr}
1000327e:	b082      	sub	sp, #8
10003280:	2100      	movs	r1, #0
10003282:	4824      	ldr	r0, [pc, #144]	@ (10003314 <low_priority_worker_irq+0x98>)
10003284:	f002 fd1c 	bl	10005cc0 <__mutex_try_enter_veneer>
10003288:	2800      	cmp	r0, #0
1000328a:	d122      	bne.n	100032d2 <low_priority_worker_irq+0x56>
1000328c:	4b22      	ldr	r3, [pc, #136]	@ (10003318 <low_priority_worker_irq+0x9c>)
1000328e:	681b      	ldr	r3, [r3, #0]
10003290:	b1eb      	cbz	r3, 100032ce <low_priority_worker_irq+0x52>
10003292:	f3ef 8210 	mrs	r2, PRIMASK
10003296:	b672      	cpsid	i
10003298:	e8d3 0fcf 	ldaexb	r0, [r3]
1000329c:	2101      	movs	r1, #1
1000329e:	2800      	cmp	r0, #0
100032a0:	d1fa      	bne.n	10003298 <low_priority_worker_irq+0x1c>
100032a2:	e8c3 1f40 	strexb	r0, r1, [r3]
100032a6:	2800      	cmp	r0, #0
100032a8:	d1f6      	bne.n	10003298 <low_priority_worker_irq+0x1c>
100032aa:	f3bf 8f5f 	dmb	sy
100032ae:	491a      	ldr	r1, [pc, #104]	@ (10003318 <low_priority_worker_irq+0x9c>)
100032b0:	604a      	str	r2, [r1, #4]
100032b2:	481a      	ldr	r0, [pc, #104]	@ (1000331c <low_priority_worker_irq+0xa0>)
100032b4:	7803      	ldrb	r3, [r0, #0]
100032b6:	b2db      	uxtb	r3, r3
100032b8:	f04f 0c01 	mov.w	ip, #1
100032bc:	f880 c000 	strb.w	ip, [r0]
100032c0:	6808      	ldr	r0, [r1, #0]
100032c2:	2100      	movs	r1, #0
100032c4:	e8c0 1f8f 	stlb	r1, [r0]
100032c8:	f382 8810 	msr	PRIMASK, r2
100032cc:	b1bb      	cbz	r3, 100032fe <low_priority_worker_irq+0x82>
100032ce:	b002      	add	sp, #8
100032d0:	bd10      	pop	{r4, pc}
100032d2:	2100      	movs	r1, #0
100032d4:	f04f 30ff 	mov.w	r0, #4294967295	@ 0xffffffff
100032d8:	f001 fa46 	bl	10004768 <tud_task_ext>
100032dc:	2000      	movs	r0, #0
100032de:	f001 fd1d 	bl	10004d1c <tud_cdc_n_available>
100032e2:	4604      	mov	r4, r0
100032e4:	480b      	ldr	r0, [pc, #44]	@ (10003314 <low_priority_worker_irq+0x98>)
100032e6:	f002 fd03 	bl	10005cf0 <__mutex_exit_veneer>
100032ea:	2c00      	cmp	r4, #0
100032ec:	d0ef      	beq.n	100032ce <low_priority_worker_irq+0x52>
100032ee:	4b0c      	ldr	r3, [pc, #48]	@ (10003320 <low_priority_worker_irq+0xa4>)
100032f0:	681b      	ldr	r3, [r3, #0]
100032f2:	2b00      	cmp	r3, #0
100032f4:	d0eb      	beq.n	100032ce <low_priority_worker_irq+0x52>
100032f6:	4a0b      	ldr	r2, [pc, #44]	@ (10003324 <low_priority_worker_irq+0xa8>)
100032f8:	6810      	ldr	r0, [r2, #0]
100032fa:	4798      	blx	r3
100032fc:	e7e7      	b.n	100032ce <low_priority_worker_irq+0x52>
100032fe:	f8cd c000 	str.w	ip, [sp]
10003302:	460b      	mov	r3, r1
10003304:	4a08      	ldr	r2, [pc, #32]	@ (10003328 <low_priority_worker_irq+0xac>)
10003306:	f44f 707a 	mov.w	r0, #1000	@ 0x3e8
1000330a:	2100      	movs	r1, #0
1000330c:	f7ff ffa3 	bl	10003256 <add_alarm_in_us>
10003310:	e7dd      	b.n	100032ce <low_priority_worker_irq+0x52>
10003312:	bf00      	nop
10003314:	20001828 	.word	0x20001828
10003318:	200017f8 	.word	0x200017f8
1000331c:	20001848 	.word	0x20001848
10003320:	20001384 	.word	0x20001384
10003324:	20001388 	.word	0x20001388
10003328:	10003191 	.word	0x10003191

1000332c <stdio_usb_init>:
1000332c:	b510      	push	{r4, lr}
1000332e:	b082      	sub	sp, #8
10003330:	f04f 4350 	mov.w	r3, #3489660928	@ 0xd0000000
10003334:	681c      	ldr	r4, [r3, #0]
10003336:	f7fd fe3b 	bl	10000fb0 <alarm_pool_get_default>
1000333a:	f7fd ff1d 	bl	10001178 <alarm_pool_core_num>
1000333e:	42a0      	cmp	r0, r4
10003340:	d12d      	bne.n	1000339e <stdio_usb_init+0x72>
10003342:	4b24      	ldr	r3, [pc, #144]	@ (100033d4 <stdio_usb_init+0xa8>)
10003344:	781b      	ldrb	r3, [r3, #0]
10003346:	2100      	movs	r1, #0
10003348:	4608      	mov	r0, r1
1000334a:	f002 f807 	bl	1000535c <tusb_rhport_init>
1000334e:	4b22      	ldr	r3, [pc, #136]	@ (100033d8 <stdio_usb_init+0xac>)
10003350:	681b      	ldr	r3, [r3, #0]
10003352:	b353      	cbz	r3, 100033aa <stdio_usb_init+0x7e>
10003354:	2001      	movs	r0, #1
10003356:	f7fd fbad 	bl	10000ab4 <user_irq_claim_unused>
1000335a:	b2c0      	uxtb	r0, r0
1000335c:	4c1f      	ldr	r4, [pc, #124]	@ (100033dc <stdio_usb_init+0xb0>)
1000335e:	7020      	strb	r0, [r4, #0]
10003360:	491f      	ldr	r1, [pc, #124]	@ (100033e0 <stdio_usb_init+0xb4>)
10003362:	f7fd f9db 	bl	1000071c <irq_set_exclusive_handler>
10003366:	2101      	movs	r1, #1
10003368:	7820      	ldrb	r0, [r4, #0]
1000336a:	f7fd f9ad 	bl	100006c8 <irq_set_enabled>
1000336e:	200e      	movs	r0, #14
10003370:	f7fd f9c8 	bl	10000704 <irq_has_shared_handler>
10003374:	4604      	mov	r4, r0
10003376:	b1e0      	cbz	r0, 100033b2 <stdio_usb_init+0x86>
10003378:	2001      	movs	r0, #1
1000337a:	f7fd f8fd 	bl	10000578 <spin_lock_claim_unused>
1000337e:	4601      	mov	r1, r0
10003380:	4818      	ldr	r0, [pc, #96]	@ (100033e4 <stdio_usb_init+0xb8>)
10003382:	f7fd fbf3 	bl	10000b6c <critical_section_init_with_lock_num>
10003386:	2200      	movs	r2, #0
10003388:	4917      	ldr	r1, [pc, #92]	@ (100033e8 <stdio_usb_init+0xbc>)
1000338a:	200e      	movs	r0, #14
1000338c:	f7fd f9f8 	bl	10000780 <irq_add_shared_handler>
10003390:	2101      	movs	r1, #1
10003392:	4816      	ldr	r0, [pc, #88]	@ (100033ec <stdio_usb_init+0xc0>)
10003394:	f7ff fe6a 	bl	1000306c <stdio_set_driver_enabled>
10003398:	4620      	mov	r0, r4
1000339a:	b002      	add	sp, #8
1000339c:	bd10      	pop	{r4, pc}
1000339e:	4b14      	ldr	r3, [pc, #80]	@ (100033f0 <stdio_usb_init+0xc4>)
100033a0:	4a14      	ldr	r2, [pc, #80]	@ (100033f4 <stdio_usb_init+0xc8>)
100033a2:	21c8      	movs	r1, #200	@ 0xc8
100033a4:	4814      	ldr	r0, [pc, #80]	@ (100033f8 <stdio_usb_init+0xcc>)
100033a6:	f7ff fd59 	bl	10002e5c <__assert_func>
100033aa:	480b      	ldr	r0, [pc, #44]	@ (100033d8 <stdio_usb_init+0xac>)
100033ac:	f7fd fb9c 	bl	10000ae8 <mutex_init>
100033b0:	e7d0      	b.n	10003354 <stdio_usb_init+0x28>
100033b2:	4a0c      	ldr	r2, [pc, #48]	@ (100033e4 <stdio_usb_init+0xb8>)
100033b4:	4603      	mov	r3, r0
100033b6:	6010      	str	r0, [r2, #0]
100033b8:	6050      	str	r0, [r2, #4]
100033ba:	2201      	movs	r2, #1
100033bc:	9200      	str	r2, [sp, #0]
100033be:	4a0f      	ldr	r2, [pc, #60]	@ (100033fc <stdio_usb_init+0xd0>)
100033c0:	f44f 707a 	mov.w	r0, #1000	@ 0x3e8
100033c4:	2100      	movs	r1, #0
100033c6:	f7ff ff46 	bl	10003256 <add_alarm_in_us>
100033ca:	43c4      	mvns	r4, r0
100033cc:	0fe4      	lsrs	r4, r4, #31
100033ce:	2c00      	cmp	r4, #0
100033d0:	d0e2      	beq.n	10003398 <stdio_usb_init+0x6c>
100033d2:	e7dd      	b.n	10003390 <stdio_usb_init+0x64>
100033d4:	10006cf8 	.word	0x10006cf8
100033d8:	20001828 	.word	0x20001828
100033dc:	20001847 	.word	0x20001847
100033e0:	1000327d 	.word	0x1000327d
100033e4:	200017f8 	.word	0x200017f8
100033e8:	1000320d 	.word	0x1000320d
100033ec:	20000ecc 	.word	0x20000ecc
100033f0:	100064d4 	.word	0x100064d4
100033f4:	10006958 	.word	0x10006958
100033f8:	100064dc 	.word	0x100064dc
100033fc:	10003191 	.word	0x10003191

10003400 <stdio_usb_connected>:
10003400:	b508      	push	{r3, lr}
10003402:	2000      	movs	r0, #0
10003404:	f001 fc70 	bl	10004ce8 <tud_cdc_n_connected>
10003408:	bd08      	pop	{r3, pc}
	...

1000340c <stdio_usb_in_chars>:
1000340c:	b538      	push	{r3, r4, r5, lr}
1000340e:	4604      	mov	r4, r0
10003410:	460d      	mov	r5, r1
10003412:	f7ff fff5 	bl	10003400 <stdio_usb_connected>
10003416:	b3a0      	cbz	r0, 10003482 <stdio_usb_in_chars+0x76>
10003418:	2000      	movs	r0, #0
1000341a:	f001 fc7f 	bl	10004d1c <tud_cdc_n_available>
1000341e:	b3a0      	cbz	r0, 1000348a <stdio_usb_in_chars+0x7e>
10003420:	f7fd ffe0 	bl	100013e4 <time_us_64>
10003424:	4a1d      	ldr	r2, [pc, #116]	@ (1000349c <stdio_usb_in_chars+0x90>)
10003426:	1882      	adds	r2, r0, r2
10003428:	f141 0300 	adc.w	r3, r1, #0
1000342c:	2b00      	cmp	r3, #0
1000342e:	db17      	blt.n	10003460 <stdio_usb_in_chars+0x54>
10003430:	481b      	ldr	r0, [pc, #108]	@ (100034a0 <stdio_usb_in_chars+0x94>)
10003432:	f002 fc61 	bl	10005cf8 <__mutex_try_enter_block_until_veneer>
10003436:	b360      	cbz	r0, 10003492 <stdio_usb_in_chars+0x86>
10003438:	f7ff ffe2 	bl	10003400 <stdio_usb_connected>
1000343c:	b118      	cbz	r0, 10003446 <stdio_usb_in_chars+0x3a>
1000343e:	2000      	movs	r0, #0
10003440:	f001 fc6c 	bl	10004d1c <tud_cdc_n_available>
10003444:	b988      	cbnz	r0, 1000346a <stdio_usb_in_chars+0x5e>
10003446:	4601      	mov	r1, r0
10003448:	f04f 30ff 	mov.w	r0, #4294967295	@ 0xffffffff
1000344c:	f001 f98c 	bl	10004768 <tud_task_ext>
10003450:	f06f 0302 	mvn.w	r3, #2
10003454:	461c      	mov	r4, r3
10003456:	4812      	ldr	r0, [pc, #72]	@ (100034a0 <stdio_usb_in_chars+0x94>)
10003458:	f002 fc4a 	bl	10005cf0 <__mutex_exit_veneer>
1000345c:	4620      	mov	r0, r4
1000345e:	bd38      	pop	{r3, r4, r5, pc}
10003460:	f04f 32ff 	mov.w	r2, #4294967295	@ 0xffffffff
10003464:	f06f 4300 	mvn.w	r3, #2147483648	@ 0x80000000
10003468:	e7e2      	b.n	10003430 <stdio_usb_in_chars+0x24>
1000346a:	462a      	mov	r2, r5
1000346c:	4621      	mov	r1, r4
1000346e:	2000      	movs	r0, #0
10003470:	f001 fc60 	bl	10004d34 <tud_cdc_n_read>
10003474:	4604      	mov	r4, r0
10003476:	2800      	cmp	r0, #0
10003478:	d1ed      	bne.n	10003456 <stdio_usb_in_chars+0x4a>
1000347a:	f06f 0302 	mvn.w	r3, #2
1000347e:	461c      	mov	r4, r3
10003480:	e7e9      	b.n	10003456 <stdio_usb_in_chars+0x4a>
10003482:	f06f 0302 	mvn.w	r3, #2
10003486:	461c      	mov	r4, r3
10003488:	e7e8      	b.n	1000345c <stdio_usb_in_chars+0x50>
1000348a:	f06f 0302 	mvn.w	r3, #2
1000348e:	461c      	mov	r4, r3
10003490:	e7e4      	b.n	1000345c <stdio_usb_in_chars+0x50>
10003492:	f06f 0302 	mvn.w	r3, #2
10003496:	461c      	mov	r4, r3
10003498:	e7e0      	b.n	1000345c <stdio_usb_in_chars+0x50>
1000349a:	bf00      	nop
1000349c:	000f4240 	.word	0x000f4240
100034a0:	20001828 	.word	0x20001828

100034a4 <stdio_usb_out_chars>:
100034a4:	b5f8      	push	{r3, r4, r5, r6, r7, lr}
100034a6:	4607      	mov	r7, r0
100034a8:	460d      	mov	r5, r1
100034aa:	f7fd ff9b 	bl	100013e4 <time_us_64>
100034ae:	4a2e      	ldr	r2, [pc, #184]	@ (10003568 <stdio_usb_out_chars+0xc4>)
100034b0:	1882      	adds	r2, r0, r2
100034b2:	f141 0300 	adc.w	r3, r1, #0
100034b6:	2b00      	cmp	r3, #0
100034b8:	db04      	blt.n	100034c4 <stdio_usb_out_chars+0x20>
100034ba:	482c      	ldr	r0, [pc, #176]	@ (1000356c <stdio_usb_out_chars+0xc8>)
100034bc:	f002 fc1c 	bl	10005cf8 <__mutex_try_enter_block_until_veneer>
100034c0:	b928      	cbnz	r0, 100034ce <stdio_usb_out_chars+0x2a>
100034c2:	bdf8      	pop	{r3, r4, r5, r6, r7, pc}
100034c4:	f04f 32ff 	mov.w	r2, #4294967295	@ 0xffffffff
100034c8:	f06f 4300 	mvn.w	r3, #2147483648	@ 0x80000000
100034cc:	e7f5      	b.n	100034ba <stdio_usb_out_chars+0x16>
100034ce:	f7ff ff97 	bl	10003400 <stdio_usb_connected>
100034d2:	2800      	cmp	r0, #0
100034d4:	d145      	bne.n	10003562 <stdio_usb_out_chars+0xbe>
100034d6:	4b26      	ldr	r3, [pc, #152]	@ (10003570 <stdio_usb_out_chars+0xcc>)
100034d8:	2000      	movs	r0, #0
100034da:	2100      	movs	r1, #0
100034dc:	e9c3 0100 	strd	r0, r1, [r3]
100034e0:	4822      	ldr	r0, [pc, #136]	@ (1000356c <stdio_usb_out_chars+0xc8>)
100034e2:	f002 fc05 	bl	10005cf0 <__mutex_exit_veneer>
100034e6:	e7ec      	b.n	100034c2 <stdio_usb_out_chars+0x1e>
100034e8:	4601      	mov	r1, r0
100034ea:	f04f 30ff 	mov.w	r0, #4294967295	@ 0xffffffff
100034ee:	f001 f93b 	bl	10004768 <tud_task_ext>
100034f2:	2000      	movs	r0, #0
100034f4:	f001 fc38 	bl	10004d68 <tud_cdc_n_write_flush>
100034f8:	f7ff ff82 	bl	10003400 <stdio_usb_connected>
100034fc:	2800      	cmp	r0, #0
100034fe:	d0ef      	beq.n	100034e0 <stdio_usb_out_chars+0x3c>
10003500:	2000      	movs	r0, #0
10003502:	f001 fcaf 	bl	10004e64 <tud_cdc_n_write_available>
10003506:	b1f8      	cbz	r0, 10003548 <stdio_usb_out_chars+0xa4>
10003508:	42ac      	cmp	r4, r5
1000350a:	dae9      	bge.n	100034e0 <stdio_usb_out_chars+0x3c>
1000350c:	1b2e      	subs	r6, r5, r4
1000350e:	2000      	movs	r0, #0
10003510:	f001 fca8 	bl	10004e64 <tud_cdc_n_write_available>
10003514:	4286      	cmp	r6, r0
10003516:	dc00      	bgt.n	1000351a <stdio_usb_out_chars+0x76>
10003518:	4630      	mov	r0, r6
1000351a:	2800      	cmp	r0, #0
1000351c:	d0e4      	beq.n	100034e8 <stdio_usb_out_chars+0x44>
1000351e:	4602      	mov	r2, r0
10003520:	1939      	adds	r1, r7, r4
10003522:	2000      	movs	r0, #0
10003524:	f001 fc7c 	bl	10004e20 <tud_cdc_n_write>
10003528:	4606      	mov	r6, r0
1000352a:	2100      	movs	r1, #0
1000352c:	f04f 30ff 	mov.w	r0, #4294967295	@ 0xffffffff
10003530:	f001 f91a 	bl	10004768 <tud_task_ext>
10003534:	2000      	movs	r0, #0
10003536:	f001 fc17 	bl	10004d68 <tud_cdc_n_write_flush>
1000353a:	4434      	add	r4, r6
1000353c:	f7fd ff52 	bl	100013e4 <time_us_64>
10003540:	4b0b      	ldr	r3, [pc, #44]	@ (10003570 <stdio_usb_out_chars+0xcc>)
10003542:	e9c3 0100 	strd	r0, r1, [r3]
10003546:	e7df      	b.n	10003508 <stdio_usb_out_chars+0x64>
10003548:	f7fd ff4c 	bl	100013e4 <time_us_64>
1000354c:	4a08      	ldr	r2, [pc, #32]	@ (10003570 <stdio_usb_out_chars+0xcc>)
1000354e:	6813      	ldr	r3, [r2, #0]
10003550:	6852      	ldr	r2, [r2, #4]
10003552:	4e08      	ldr	r6, [pc, #32]	@ (10003574 <stdio_usb_out_chars+0xd0>)
10003554:	199b      	adds	r3, r3, r6
10003556:	f142 0200 	adc.w	r2, r2, #0
1000355a:	4283      	cmp	r3, r0
1000355c:	418a      	sbcs	r2, r1
1000355e:	d2d3      	bcs.n	10003508 <stdio_usb_out_chars+0x64>
10003560:	e7be      	b.n	100034e0 <stdio_usb_out_chars+0x3c>
10003562:	2400      	movs	r4, #0
10003564:	e7d0      	b.n	10003508 <stdio_usb_out_chars+0x64>
10003566:	bf00      	nop
10003568:	000f4240 	.word	0x000f4240
1000356c:	20001828 	.word	0x20001828
10003570:	20001090 	.word	0x20001090
10003574:	0007a120 	.word	0x0007a120

10003578 <tud_descriptor_device_cb>:
10003578:	4800      	ldr	r0, [pc, #0]	@ (1000357c <tud_descriptor_device_cb+0x4>)
1000357a:	4770      	bx	lr
1000357c:	100069d4 	.word	0x100069d4

10003580 <tud_descriptor_configuration_cb>:
10003580:	4800      	ldr	r0, [pc, #0]	@ (10003584 <tud_descriptor_configuration_cb+0x4>)
10003582:	4770      	bx	lr
10003584:	10006980 	.word	0x10006980

10003588 <tud_descriptor_string_cb>:
10003588:	b510      	push	{r4, lr}
1000358a:	4604      	mov	r4, r0
1000358c:	4b14      	ldr	r3, [pc, #80]	@ (100035e0 <tud_descriptor_string_cb+0x58>)
1000358e:	781b      	ldrb	r3, [r3, #0]
10003590:	b16b      	cbz	r3, 100035ae <tud_descriptor_string_cb+0x26>
10003592:	b98c      	cbnz	r4, 100035b8 <tud_descriptor_string_cb+0x30>
10003594:	4b13      	ldr	r3, [pc, #76]	@ (100035e4 <tud_descriptor_string_cb+0x5c>)
10003596:	f240 4209 	movw	r2, #1033	@ 0x409
1000359a:	805a      	strh	r2, [r3, #2]
1000359c:	2301      	movs	r3, #1
1000359e:	3301      	adds	r3, #1
100035a0:	005b      	lsls	r3, r3, #1
100035a2:	b29b      	uxth	r3, r3
100035a4:	480f      	ldr	r0, [pc, #60]	@ (100035e4 <tud_descriptor_string_cb+0x5c>)
100035a6:	f443 7340 	orr.w	r3, r3, #768	@ 0x300
100035aa:	8003      	strh	r3, [r0, #0]
100035ac:	bd10      	pop	{r4, pc}
100035ae:	2111      	movs	r1, #17
100035b0:	480b      	ldr	r0, [pc, #44]	@ (100035e0 <tud_descriptor_string_cb+0x58>)
100035b2:	f000 f845 	bl	10003640 <pico_get_unique_board_id_string>
100035b6:	e7ec      	b.n	10003592 <tud_descriptor_string_cb+0xa>
100035b8:	2c05      	cmp	r4, #5
100035ba:	d80e      	bhi.n	100035da <tud_descriptor_string_cb+0x52>
100035bc:	4b0a      	ldr	r3, [pc, #40]	@ (100035e8 <tud_descriptor_string_cb+0x60>)
100035be:	f853 0024 	ldr.w	r0, [r3, r4, lsl #2]
100035c2:	2300      	movs	r3, #0
100035c4:	2b12      	cmp	r3, #18
100035c6:	d8ea      	bhi.n	1000359e <tud_descriptor_string_cb+0x16>
100035c8:	5cc2      	ldrb	r2, [r0, r3]
100035ca:	2a00      	cmp	r2, #0
100035cc:	d0e7      	beq.n	1000359e <tud_descriptor_string_cb+0x16>
100035ce:	3301      	adds	r3, #1
100035d0:	4904      	ldr	r1, [pc, #16]	@ (100035e4 <tud_descriptor_string_cb+0x5c>)
100035d2:	f821 2013 	strh.w	r2, [r1, r3, lsl #1]
100035d6:	b2db      	uxtb	r3, r3
100035d8:	e7f4      	b.n	100035c4 <tud_descriptor_string_cb+0x3c>
100035da:	2000      	movs	r0, #0
100035dc:	e7e6      	b.n	100035ac <tud_descriptor_string_cb+0x24>
100035de:	bf00      	nop
100035e0:	20001830 	.word	0x20001830
100035e4:	200013bc 	.word	0x200013bc
100035e8:	10006968 	.word	0x10006968

100035ec <_retrieve_unique_id_on_boot>:
100035ec:	b500      	push	{lr}
100035ee:	b08b      	sub	sp, #44	@ 0x2c
100035f0:	f245 3047 	movw	r0, #21319	@ 0x5347
100035f4:	f7fe f891 	bl	1000171a <rom_func_lookup>
100035f8:	4603      	mov	r3, r0
100035fa:	2201      	movs	r2, #1
100035fc:	2109      	movs	r1, #9
100035fe:	a801      	add	r0, sp, #4
10003600:	4798      	blx	r3
10003602:	2804      	cmp	r0, #4
10003604:	d101      	bne.n	1000360a <_retrieve_unique_id_on_boot+0x1e>
10003606:	2300      	movs	r3, #0
10003608:	e00e      	b.n	10003628 <_retrieve_unique_id_on_boot+0x3c>
1000360a:	4b09      	ldr	r3, [pc, #36]	@ (10003630 <_retrieve_unique_id_on_boot+0x44>)
1000360c:	4a09      	ldr	r2, [pc, #36]	@ (10003634 <_retrieve_unique_id_on_boot+0x48>)
1000360e:	212f      	movs	r1, #47	@ 0x2f
10003610:	4809      	ldr	r0, [pc, #36]	@ (10003638 <_retrieve_unique_id_on_boot+0x4c>)
10003612:	f7ff fc23 	bl	10002e5c <__assert_func>
10003616:	f1c3 020f 	rsb	r2, r3, #15
1000361a:	3228      	adds	r2, #40	@ 0x28
1000361c:	446a      	add	r2, sp
1000361e:	f812 1c24 	ldrb.w	r1, [r2, #-36]
10003622:	4a06      	ldr	r2, [pc, #24]	@ (1000363c <_retrieve_unique_id_on_boot+0x50>)
10003624:	54d1      	strb	r1, [r2, r3]
10003626:	3301      	adds	r3, #1
10003628:	2b07      	cmp	r3, #7
1000362a:	ddf4      	ble.n	10003616 <_retrieve_unique_id_on_boot+0x2a>
1000362c:	b00b      	add	sp, #44	@ 0x2c
1000362e:	bd00      	pop	{pc}
10003630:	10006568 	.word	0x10006568
10003634:	10006a08 	.word	0x10006a08
10003638:	10006570 	.word	0x10006570
1000363c:	20001820 	.word	0x20001820

10003640 <pico_get_unique_board_id_string>:
10003640:	b508      	push	{r3, lr}
10003642:	b111      	cbz	r1, 1000364a <pico_get_unique_board_id_string+0xa>
10003644:	468c      	mov	ip, r1
10003646:	2200      	movs	r2, #0
10003648:	e008      	b.n	1000365c <pico_get_unique_board_id_string+0x1c>
1000364a:	4b10      	ldr	r3, [pc, #64]	@ (1000368c <pico_get_unique_board_id_string+0x4c>)
1000364c:	4a10      	ldr	r2, [pc, #64]	@ (10003690 <pico_get_unique_board_id_string+0x50>)
1000364e:	213b      	movs	r1, #59	@ 0x3b
10003650:	4810      	ldr	r0, [pc, #64]	@ (10003694 <pico_get_unique_board_id_string+0x54>)
10003652:	f7ff fc03 	bl	10002e5c <__assert_func>
10003656:	3337      	adds	r3, #55	@ 0x37
10003658:	5483      	strb	r3, [r0, r2]
1000365a:	3201      	adds	r2, #1
1000365c:	f10c 33ff 	add.w	r3, ip, #4294967295	@ 0xffffffff
10003660:	4293      	cmp	r3, r2
10003662:	d90f      	bls.n	10003684 <pico_get_unique_board_id_string+0x44>
10003664:	2a0f      	cmp	r2, #15
10003666:	d80d      	bhi.n	10003684 <pico_get_unique_board_id_string+0x44>
10003668:	0853      	lsrs	r3, r2, #1
1000366a:	490b      	ldr	r1, [pc, #44]	@ (10003698 <pico_get_unique_board_id_string+0x58>)
1000366c:	5ccb      	ldrb	r3, [r1, r3]
1000366e:	43d1      	mvns	r1, r2
10003670:	f001 0101 	and.w	r1, r1, #1
10003674:	0089      	lsls	r1, r1, #2
10003676:	410b      	asrs	r3, r1
10003678:	f003 030f 	and.w	r3, r3, #15
1000367c:	2b09      	cmp	r3, #9
1000367e:	dcea      	bgt.n	10003656 <pico_get_unique_board_id_string+0x16>
10003680:	3330      	adds	r3, #48	@ 0x30
10003682:	e7e9      	b.n	10003658 <pico_get_unique_board_id_string+0x18>
10003684:	2300      	movs	r3, #0
10003686:	5483      	strb	r3, [r0, r2]
10003688:	bd08      	pop	{r3, pc}
1000368a:	bf00      	nop
1000368c:	100065bc 	.word	0x100065bc
10003690:	100069e8 	.word	0x100069e8
10003694:	10006570 	.word	0x10006570
10003698:	20001820 	.word	0x20001820

1000369c <usb_reset_interface_init>:
1000369c:	4770      	bx	lr
	...

100036a0 <usb_reset_interface_reset>:
100036a0:	4b01      	ldr	r3, [pc, #4]	@ (100036a8 <usb_reset_interface_reset+0x8>)
100036a2:	2200      	movs	r2, #0
100036a4:	701a      	strb	r2, [r3, #0]
100036a6:	4770      	bx	lr
100036a8:	20001845 	.word	0x20001845

100036ac <usb_reset_interface_open>:
100036ac:	794b      	ldrb	r3, [r1, #5]
100036ae:	2bff      	cmp	r3, #255	@ 0xff
100036b0:	d10b      	bne.n	100036ca <usb_reset_interface_open+0x1e>
100036b2:	798b      	ldrb	r3, [r1, #6]
100036b4:	b95b      	cbnz	r3, 100036ce <usb_reset_interface_open+0x22>
100036b6:	79cb      	ldrb	r3, [r1, #7]
100036b8:	2b01      	cmp	r3, #1
100036ba:	d10a      	bne.n	100036d2 <usb_reset_interface_open+0x26>
100036bc:	2a08      	cmp	r2, #8
100036be:	d90a      	bls.n	100036d6 <usb_reset_interface_open+0x2a>
100036c0:	788a      	ldrb	r2, [r1, #2]
100036c2:	4b06      	ldr	r3, [pc, #24]	@ (100036dc <usb_reset_interface_open+0x30>)
100036c4:	701a      	strb	r2, [r3, #0]
100036c6:	2009      	movs	r0, #9
100036c8:	4770      	bx	lr
100036ca:	2000      	movs	r0, #0
100036cc:	4770      	bx	lr
100036ce:	2000      	movs	r0, #0
100036d0:	4770      	bx	lr
100036d2:	2000      	movs	r0, #0
100036d4:	4770      	bx	lr
100036d6:	2000      	movs	r0, #0
100036d8:	4770      	bx	lr
100036da:	bf00      	nop
100036dc:	20001845 	.word	0x20001845

100036e0 <usb_reset_interface_xfer_cb>:
100036e0:	2001      	movs	r0, #1
100036e2:	4770      	bx	lr

100036e4 <usb_reset_interface_control_xfer_cb>:
100036e4:	2901      	cmp	r1, #1
100036e6:	d124      	bne.n	10003732 <usb_reset_interface_control_xfer_cb+0x4e>
100036e8:	b508      	push	{r3, lr}
100036ea:	8891      	ldrh	r1, [r2, #4]
100036ec:	4b12      	ldr	r3, [pc, #72]	@ (10003738 <usb_reset_interface_control_xfer_cb+0x54>)
100036ee:	781b      	ldrb	r3, [r3, #0]
100036f0:	4299      	cmp	r1, r3
100036f2:	d001      	beq.n	100036f8 <usb_reset_interface_control_xfer_cb+0x14>
100036f4:	2000      	movs	r0, #0
100036f6:	bd08      	pop	{r3, pc}
100036f8:	7853      	ldrb	r3, [r2, #1]
100036fa:	2b01      	cmp	r3, #1
100036fc:	d003      	beq.n	10003706 <usb_reset_interface_control_xfer_cb+0x22>
100036fe:	2b02      	cmp	r3, #2
10003700:	d010      	beq.n	10003724 <usb_reset_interface_control_xfer_cb+0x40>
10003702:	2000      	movs	r0, #0
10003704:	e7f7      	b.n	100036f6 <usb_reset_interface_control_xfer_cb+0x12>
10003706:	8851      	ldrh	r1, [r2, #2]
10003708:	f411 7f80 	tst.w	r1, #256	@ 0x100
1000370c:	d006      	beq.n	1000371c <usb_reset_interface_control_xfer_cb+0x38>
1000370e:	f3c1 12c0 	ubfx	r2, r1, #7, #1
10003712:	0a48      	lsrs	r0, r1, #9
10003714:	f001 0103 	and.w	r1, r1, #3
10003718:	f7fe f80e 	bl	10001738 <rom_reset_usb_boot_extra>
1000371c:	2200      	movs	r2, #0
1000371e:	f04f 30ff 	mov.w	r0, #4294967295	@ 0xffffffff
10003722:	e7f7      	b.n	10003714 <usb_reset_interface_control_xfer_cb+0x30>
10003724:	2264      	movs	r2, #100	@ 0x64
10003726:	2100      	movs	r1, #0
10003728:	4608      	mov	r0, r1
1000372a:	f7fd ff9f 	bl	1000166c <watchdog_reboot>
1000372e:	2001      	movs	r0, #1
10003730:	e7e1      	b.n	100036f6 <usb_reset_interface_control_xfer_cb+0x12>
10003732:	2001      	movs	r0, #1
10003734:	4770      	bx	lr
10003736:	bf00      	nop
10003738:	20001845 	.word	0x20001845

1000373c <tud_descriptor_bos_cb>:
1000373c:	4800      	ldr	r0, [pc, #0]	@ (10003740 <tud_descriptor_bos_cb+0x4>)
1000373e:	4770      	bx	lr
10003740:	10006acc 	.word	0x10006acc

10003744 <tud_vendor_control_xfer_cb>:
10003744:	2901      	cmp	r1, #1
10003746:	d10f      	bne.n	10003768 <tud_vendor_control_xfer_cb+0x24>
10003748:	b508      	push	{r3, lr}
1000374a:	4694      	mov	ip, r2
1000374c:	7853      	ldrb	r3, [r2, #1]
1000374e:	2b01      	cmp	r3, #1
10003750:	d10c      	bne.n	1000376c <tud_vendor_control_xfer_cb+0x28>
10003752:	8893      	ldrh	r3, [r2, #4]
10003754:	2b07      	cmp	r3, #7
10003756:	d001      	beq.n	1000375c <tud_vendor_control_xfer_cb+0x18>
10003758:	2000      	movs	r0, #0
1000375a:	e008      	b.n	1000376e <tud_vendor_control_xfer_cb+0x2a>
1000375c:	23a6      	movs	r3, #166	@ 0xa6
1000375e:	4a04      	ldr	r2, [pc, #16]	@ (10003770 <tud_vendor_control_xfer_cb+0x2c>)
10003760:	4661      	mov	r1, ip
10003762:	f001 f975 	bl	10004a50 <tud_control_xfer>
10003766:	e002      	b.n	1000376e <tud_vendor_control_xfer_cb+0x2a>
10003768:	2001      	movs	r0, #1
1000376a:	4770      	bx	lr
1000376c:	2000      	movs	r0, #0
1000376e:	bd08      	pop	{r3, pc}
10003770:	10006a24 	.word	0x10006a24

10003774 <usbd_app_driver_get_cb>:
10003774:	2301      	movs	r3, #1
10003776:	7003      	strb	r3, [r0, #0]
10003778:	4800      	ldr	r0, [pc, #0]	@ (1000377c <usbd_app_driver_get_cb+0x8>)
1000377a:	4770      	bx	lr
1000377c:	10006af0 	.word	0x10006af0

10003780 <tud_cdc_line_coding_cb>:
10003780:	b508      	push	{r3, lr}
10003782:	680b      	ldr	r3, [r1, #0]
10003784:	f5b3 6f96 	cmp.w	r3, #1200	@ 0x4b0
10003788:	d000      	beq.n	1000378c <tud_cdc_line_coding_cb+0xc>
1000378a:	bd08      	pop	{r3, pc}
1000378c:	2200      	movs	r2, #0
1000378e:	4611      	mov	r1, r2
10003790:	f04f 30ff 	mov.w	r0, #4294967295	@ 0xffffffff
10003794:	f7fd ffd0 	bl	10001738 <rom_reset_usb_boot_extra>

10003798 <hw_endpoint_init>:
10003798:	b500      	push	{lr}
1000379a:	f000 0c7f 	and.w	ip, r0, #127	@ 0x7f
1000379e:	ea4f 0e4c 	mov.w	lr, ip, lsl #1
100037a2:	eb0e 1ed0 	add.w	lr, lr, r0, lsr #7
100037a6:	4b2a      	ldr	r3, [pc, #168]	@ (10003850 <hw_endpoint_init+0xb8>)
100037a8:	eb03 134e 	add.w	r3, r3, lr, lsl #5
100037ac:	7098      	strb	r0, [r3, #2]
100037ae:	09c0      	lsrs	r0, r0, #7
100037b0:	bf0c      	ite	eq
100037b2:	f04f 0e01 	moveq.w	lr, #1
100037b6:	f04f 0e00 	movne.w	lr, #0
100037ba:	f883 e001 	strb.w	lr, [r3, #1]
100037be:	f04f 0e00 	mov.w	lr, #0
100037c2:	f883 e003 	strb.w	lr, [r3, #3]
100037c6:	8319      	strh	r1, [r3, #24]
100037c8:	76da      	strb	r2, [r3, #27]
100037ca:	b9f0      	cbnz	r0, 1000380a <hw_endpoint_init+0x72>
100037cc:	ea4f 03cc 	mov.w	r3, ip, lsl #3
100037d0:	4a20      	ldr	r2, [pc, #128]	@ (10003854 <hw_endpoint_init+0xbc>)
100037d2:	441a      	add	r2, r3
100037d4:	eb00 014c 	add.w	r1, r0, ip, lsl #1
100037d8:	4b1d      	ldr	r3, [pc, #116]	@ (10003850 <hw_endpoint_init+0xb8>)
100037da:	eb03 1341 	add.w	r3, r3, r1, lsl #5
100037de:	609a      	str	r2, [r3, #8]
100037e0:	eb00 024c 	add.w	r2, r0, ip, lsl #1
100037e4:	4b1a      	ldr	r3, [pc, #104]	@ (10003850 <hw_endpoint_init+0xb8>)
100037e6:	eb03 1342 	add.w	r3, r3, r2, lsl #5
100037ea:	689b      	ldr	r3, [r3, #8]
100037ec:	2200      	movs	r2, #0
100037ee:	601a      	str	r2, [r3, #0]
100037f0:	f1bc 0f00 	cmp.w	ip, #0
100037f4:	d113      	bne.n	1000381e <hw_endpoint_init+0x86>
100037f6:	eb00 004c 	add.w	r0, r0, ip, lsl #1
100037fa:	4b15      	ldr	r3, [pc, #84]	@ (10003850 <hw_endpoint_init+0xb8>)
100037fc:	eb03 1040 	add.w	r0, r3, r0, lsl #5
10003800:	f8c0 c004 	str.w	ip, [r0, #4]
10003804:	4b14      	ldr	r3, [pc, #80]	@ (10003858 <hw_endpoint_init+0xc0>)
10003806:	60c3      	str	r3, [r0, #12]
10003808:	bd00      	pop	{pc}
1000380a:	4a14      	ldr	r2, [pc, #80]	@ (1000385c <hw_endpoint_init+0xc4>)
1000380c:	eb02 02cc 	add.w	r2, r2, ip, lsl #3
10003810:	eb00 014c 	add.w	r1, r0, ip, lsl #1
10003814:	4b0e      	ldr	r3, [pc, #56]	@ (10003850 <hw_endpoint_init+0xb8>)
10003816:	eb03 1341 	add.w	r3, r3, r1, lsl #5
1000381a:	609a      	str	r2, [r3, #8]
1000381c:	e7e0      	b.n	100037e0 <hw_endpoint_init+0x48>
1000381e:	b958      	cbnz	r0, 10003838 <hw_endpoint_init+0xa0>
10003820:	f10c 33ff 	add.w	r3, ip, #4294967295	@ 0xffffffff
10003824:	00db      	lsls	r3, r3, #3
10003826:	4a0e      	ldr	r2, [pc, #56]	@ (10003860 <hw_endpoint_init+0xc8>)
10003828:	441a      	add	r2, r3
1000382a:	eb00 004c 	add.w	r0, r0, ip, lsl #1
1000382e:	4b08      	ldr	r3, [pc, #32]	@ (10003850 <hw_endpoint_init+0xb8>)
10003830:	eb03 1340 	add.w	r3, r3, r0, lsl #5
10003834:	605a      	str	r2, [r3, #4]
10003836:	e7e7      	b.n	10003808 <hw_endpoint_init+0x70>
10003838:	f10c 33ff 	add.w	r3, ip, #4294967295	@ 0xffffffff
1000383c:	4a09      	ldr	r2, [pc, #36]	@ (10003864 <hw_endpoint_init+0xcc>)
1000383e:	eb02 02c3 	add.w	r2, r2, r3, lsl #3
10003842:	eb00 004c 	add.w	r0, r0, ip, lsl #1
10003846:	4b02      	ldr	r3, [pc, #8]	@ (10003850 <hw_endpoint_init+0xb8>)
10003848:	eb03 1040 	add.w	r0, r3, r0, lsl #5
1000384c:	6042      	str	r2, [r0, #4]
1000384e:	e7db      	b.n	10003808 <hw_endpoint_init+0x70>
10003850:	200013f0 	.word	0x200013f0
10003854:	50100084 	.word	0x50100084
10003858:	50100100 	.word	0x50100100
1000385c:	50100080 	.word	0x50100080
10003860:	5010000c 	.word	0x5010000c
10003864:	50100008 	.word	0x50100008

10003868 <hw_endpoint_alloc>:
10003868:	b508      	push	{r3, lr}
1000386a:	8b03      	ldrh	r3, [r0, #24]
1000386c:	333f      	adds	r3, #63	@ 0x3f
1000386e:	099b      	lsrs	r3, r3, #6
10003870:	0199      	lsls	r1, r3, #6
10003872:	7ec2      	ldrb	r2, [r0, #27]
10003874:	2a02      	cmp	r2, #2
10003876:	d008      	beq.n	1000388a <hw_endpoint_alloc+0x22>
10003878:	4a08      	ldr	r2, [pc, #32]	@ (1000389c <hw_endpoint_alloc+0x34>)
1000387a:	6813      	ldr	r3, [r2, #0]
1000387c:	60c3      	str	r3, [r0, #12]
1000387e:	440b      	add	r3, r1
10003880:	6013      	str	r3, [r2, #0]
10003882:	4a07      	ldr	r2, [pc, #28]	@ (100038a0 <hw_endpoint_alloc+0x38>)
10003884:	4293      	cmp	r3, r2
10003886:	d802      	bhi.n	1000388e <hw_endpoint_alloc+0x26>
10003888:	bd08      	pop	{r3, pc}
1000388a:	01d9      	lsls	r1, r3, #7
1000388c:	e7f4      	b.n	10003878 <hw_endpoint_alloc+0x10>
1000388e:	4b05      	ldr	r3, [pc, #20]	@ (100038a4 <hw_endpoint_alloc+0x3c>)
10003890:	4a05      	ldr	r2, [pc, #20]	@ (100038a8 <hw_endpoint_alloc+0x40>)
10003892:	2152      	movs	r1, #82	@ 0x52
10003894:	4805      	ldr	r0, [pc, #20]	@ (100038ac <hw_endpoint_alloc+0x44>)
10003896:	f7ff fae1 	bl	10002e5c <__assert_func>
1000389a:	bf00      	nop
1000389c:	200017f4 	.word	0x200017f4
100038a0:	50100fff 	.word	0x50100fff
100038a4:	100065c4 	.word	0x100065c4
100038a8:	10006b40 	.word	0x10006b40
100038ac:	10006608 	.word	0x10006608

100038b0 <hw_endpoint_open>:
100038b0:	b570      	push	{r4, r5, r6, lr}
100038b2:	f000 047f 	and.w	r4, r0, #127	@ 0x7f
100038b6:	ea4f 0c44 	mov.w	ip, r4, lsl #1
100038ba:	eb0c 13d0 	add.w	r3, ip, r0, lsr #7
100038be:	f8df c034 	ldr.w	ip, [pc, #52]	@ 100038f4 <hw_endpoint_open+0x44>
100038c2:	eb0c 1343 	add.w	r3, ip, r3, lsl #5
100038c6:	461e      	mov	r6, r3
100038c8:	f7ff ff66 	bl	10003798 <hw_endpoint_init>
100038cc:	b904      	cbnz	r4, 100038d0 <hw_endpoint_open+0x20>
100038ce:	bd70      	pop	{r4, r5, r6, pc}
100038d0:	8b31      	ldrh	r1, [r6, #24]
100038d2:	4630      	mov	r0, r6
100038d4:	f7ff ffc8 	bl	10003868 <hw_endpoint_alloc>
100038d8:	7ef2      	ldrb	r2, [r6, #27]
100038da:	68f3      	ldr	r3, [r6, #12]
100038dc:	f083 43a0 	eor.w	r3, r3, #1342177280	@ 0x50000000
100038e0:	f483 1380 	eor.w	r3, r3, #1048576	@ 0x100000
100038e4:	ea43 6382 	orr.w	r3, r3, r2, lsl #26
100038e8:	f043 4300 	orr.w	r3, r3, #2147483648	@ 0x80000000
100038ec:	6872      	ldr	r2, [r6, #4]
100038ee:	6013      	str	r3, [r2, #0]
100038f0:	e7ed      	b.n	100038ce <hw_endpoint_open+0x1e>
100038f2:	bf00      	nop
100038f4:	200013f0 	.word	0x200013f0

100038f8 <hw_endpoint_xfer>:
100038f8:	b508      	push	{r3, lr}
100038fa:	f000 037f 	and.w	r3, r0, #127	@ 0x7f
100038fe:	005b      	lsls	r3, r3, #1
10003900:	eb03 10d0 	add.w	r0, r3, r0, lsr #7
10003904:	4b02      	ldr	r3, [pc, #8]	@ (10003910 <hw_endpoint_xfer+0x18>)
10003906:	eb03 1040 	add.w	r0, r3, r0, lsl #5
1000390a:	f000 f91d 	bl	10003b48 <hw_endpoint_xfer_start>
1000390e:	bd08      	pop	{r3, pc}
10003910:	200013f0 	.word	0x200013f0

10003914 <dcd_int_enable>:
10003914:	b508      	push	{r3, lr}
10003916:	b920      	cbnz	r0, 10003922 <dcd_int_enable+0xe>
10003918:	2101      	movs	r1, #1
1000391a:	200e      	movs	r0, #14
1000391c:	f7fc fed4 	bl	100006c8 <irq_set_enabled>
10003920:	bd08      	pop	{r3, pc}
10003922:	4b03      	ldr	r3, [pc, #12]	@ (10003930 <dcd_int_enable+0x1c>)
10003924:	4a03      	ldr	r2, [pc, #12]	@ (10003934 <dcd_int_enable+0x20>)
10003926:	f240 1197 	movw	r1, #407	@ 0x197
1000392a:	4803      	ldr	r0, [pc, #12]	@ (10003938 <dcd_int_enable+0x24>)
1000392c:	f7ff fa96 	bl	10002e5c <__assert_func>
10003930:	10006678 	.word	0x10006678
10003934:	10006b30 	.word	0x10006b30
10003938:	10006608 	.word	0x10006608

1000393c <dcd_set_address>:
1000393c:	b508      	push	{r3, lr}
1000393e:	b928      	cbnz	r0, 1000394c <dcd_set_address+0x10>
10003940:	4602      	mov	r2, r0
10003942:	4601      	mov	r1, r0
10003944:	2080      	movs	r0, #128	@ 0x80
10003946:	f7ff ffd7 	bl	100038f8 <hw_endpoint_xfer>
1000394a:	bd08      	pop	{r3, pc}
1000394c:	4b03      	ldr	r3, [pc, #12]	@ (1000395c <dcd_set_address+0x20>)
1000394e:	4a04      	ldr	r2, [pc, #16]	@ (10003960 <dcd_set_address+0x24>)
10003950:	f240 11a1 	movw	r1, #417	@ 0x1a1
10003954:	4803      	ldr	r0, [pc, #12]	@ (10003964 <dcd_set_address+0x28>)
10003956:	f7ff fa81 	bl	10002e5c <__assert_func>
1000395a:	bf00      	nop
1000395c:	10006678 	.word	0x10006678
10003960:	10006b20 	.word	0x10006b20
10003964:	10006608 	.word	0x10006608

10003968 <dcd_connect>:
10003968:	4b02      	ldr	r3, [pc, #8]	@ (10003974 <dcd_connect+0xc>)
1000396a:	f44f 3280 	mov.w	r2, #65536	@ 0x10000
1000396e:	64da      	str	r2, [r3, #76]	@ 0x4c
10003970:	4770      	bx	lr
10003972:	bf00      	nop
10003974:	50112000 	.word	0x50112000

10003978 <dcd_init>:
10003978:	b570      	push	{r4, r5, r6, lr}
1000397a:	bb48      	cbnz	r0, 100039d0 <dcd_init+0x58>
1000397c:	4606      	mov	r6, r0
1000397e:	f000 f8c3 	bl	10003b08 <rp2040_usb_init>
10003982:	4c17      	ldr	r4, [pc, #92]	@ (100039e0 <dcd_init+0x68>)
10003984:	230c      	movs	r3, #12
10003986:	67a3      	str	r3, [r4, #120]	@ 0x78
10003988:	22ff      	movs	r2, #255	@ 0xff
1000398a:	4916      	ldr	r1, [pc, #88]	@ (100039e4 <dcd_init+0x6c>)
1000398c:	200e      	movs	r0, #14
1000398e:	f7fc fef7 	bl	10000780 <irq_add_shared_handler>
10003992:	2540      	movs	r5, #64	@ 0x40
10003994:	462a      	mov	r2, r5
10003996:	2100      	movs	r1, #0
10003998:	4813      	ldr	r0, [pc, #76]	@ (100039e8 <dcd_init+0x70>)
1000399a:	f002 f8a5 	bl	10005ae8 <memset>
1000399e:	2200      	movs	r2, #0
100039a0:	4629      	mov	r1, r5
100039a2:	4610      	mov	r0, r2
100039a4:	f7ff ff84 	bl	100038b0 <hw_endpoint_open>
100039a8:	2200      	movs	r2, #0
100039aa:	4629      	mov	r1, r5
100039ac:	2080      	movs	r0, #128	@ 0x80
100039ae:	f7ff ff7f 	bl	100038b0 <hw_endpoint_open>
100039b2:	f002 f9a9 	bl	10005d08 <__reset_non_control_endpoints_veneer>
100039b6:	2501      	movs	r5, #1
100039b8:	6425      	str	r5, [r4, #64]	@ 0x40
100039ba:	f04f 5300 	mov.w	r3, #536870912	@ 0x20000000
100039be:	64e3      	str	r3, [r4, #76]	@ 0x4c
100039c0:	4b0a      	ldr	r3, [pc, #40]	@ (100039ec <dcd_init+0x74>)
100039c2:	f8c4 3090 	str.w	r3, [r4, #144]	@ 0x90
100039c6:	4630      	mov	r0, r6
100039c8:	f7ff ffce 	bl	10003968 <dcd_connect>
100039cc:	4628      	mov	r0, r5
100039ce:	bd70      	pop	{r4, r5, r6, pc}
100039d0:	4b07      	ldr	r3, [pc, #28]	@ (100039f0 <dcd_init+0x78>)
100039d2:	4a08      	ldr	r2, [pc, #32]	@ (100039f4 <dcd_init+0x7c>)
100039d4:	f240 1163 	movw	r1, #355	@ 0x163
100039d8:	4807      	ldr	r0, [pc, #28]	@ (100039f8 <dcd_init+0x80>)
100039da:	f7ff fa3f 	bl	10002e5c <__assert_func>
100039de:	bf00      	nop
100039e0:	50110000 	.word	0x50110000
100039e4:	200003e9 	.word	0x200003e9
100039e8:	200013f0 	.word	0x200013f0
100039ec:	0001d010 	.word	0x0001d010
100039f0:	10006678 	.word	0x10006678
100039f4:	10006b54 	.word	0x10006b54
100039f8:	10006608 	.word	0x10006608

100039fc <dcd_sof_enable>:
100039fc:	4b04      	ldr	r3, [pc, #16]	@ (10003a10 <dcd_sof_enable+0x14>)
100039fe:	7019      	strb	r1, [r3, #0]
10003a00:	b121      	cbz	r1, 10003a0c <dcd_sof_enable+0x10>
10003a02:	4b04      	ldr	r3, [pc, #16]	@ (10003a14 <dcd_sof_enable+0x18>)
10003a04:	f44f 3200 	mov.w	r2, #131072	@ 0x20000
10003a08:	f8c3 2090 	str.w	r2, [r3, #144]	@ 0x90
10003a0c:	4770      	bx	lr
10003a0e:	bf00      	nop
10003a10:	20001842 	.word	0x20001842
10003a14:	50112000 	.word	0x50112000

10003a18 <dcd_edpt0_status_complete>:
10003a18:	780b      	ldrb	r3, [r1, #0]
10003a1a:	f013 0f1f 	tst.w	r3, #31
10003a1e:	d105      	bne.n	10003a2c <dcd_edpt0_status_complete+0x14>
10003a20:	f013 0f60 	tst.w	r3, #96	@ 0x60
10003a24:	d102      	bne.n	10003a2c <dcd_edpt0_status_complete+0x14>
10003a26:	784b      	ldrb	r3, [r1, #1]
10003a28:	2b05      	cmp	r3, #5
10003a2a:	d000      	beq.n	10003a2e <dcd_edpt0_status_complete+0x16>
10003a2c:	4770      	bx	lr
10003a2e:	884b      	ldrh	r3, [r1, #2]
10003a30:	b2db      	uxtb	r3, r3
10003a32:	4a01      	ldr	r2, [pc, #4]	@ (10003a38 <dcd_edpt0_status_complete+0x20>)
10003a34:	6013      	str	r3, [r2, #0]
10003a36:	e7f9      	b.n	10003a2c <dcd_edpt0_status_complete+0x14>
10003a38:	50110000 	.word	0x50110000

10003a3c <dcd_edpt_open>:
10003a3c:	78ca      	ldrb	r2, [r1, #3]
10003a3e:	f002 0203 	and.w	r2, r2, #3
10003a42:	2a01      	cmp	r2, #1
10003a44:	d009      	beq.n	10003a5a <dcd_edpt_open+0x1e>
10003a46:	b508      	push	{r3, lr}
10003a48:	460b      	mov	r3, r1
10003a4a:	8889      	ldrh	r1, [r1, #4]
10003a4c:	f3c1 010a 	ubfx	r1, r1, #0, #11
10003a50:	7898      	ldrb	r0, [r3, #2]
10003a52:	f7ff ff2d 	bl	100038b0 <hw_endpoint_open>
10003a56:	2001      	movs	r0, #1
10003a58:	bd08      	pop	{r3, pc}
10003a5a:	2000      	movs	r0, #0
10003a5c:	4770      	bx	lr

10003a5e <dcd_edpt_close_all>:
10003a5e:	b508      	push	{r3, lr}
10003a60:	f002 f952 	bl	10005d08 <__reset_non_control_endpoints_veneer>
10003a64:	bd08      	pop	{r3, pc}
	...

10003a68 <dcd_edpt_xfer>:
10003a68:	b508      	push	{r3, lr}
10003a6a:	b930      	cbnz	r0, 10003a7a <dcd_edpt_xfer+0x12>
10003a6c:	4608      	mov	r0, r1
10003a6e:	4611      	mov	r1, r2
10003a70:	461a      	mov	r2, r3
10003a72:	f7ff ff41 	bl	100038f8 <hw_endpoint_xfer>
10003a76:	2001      	movs	r0, #1
10003a78:	bd08      	pop	{r3, pc}
10003a7a:	4b03      	ldr	r3, [pc, #12]	@ (10003a88 <dcd_edpt_xfer+0x20>)
10003a7c:	4a03      	ldr	r2, [pc, #12]	@ (10003a8c <dcd_edpt_xfer+0x24>)
10003a7e:	f44f 7101 	mov.w	r1, #516	@ 0x204
10003a82:	4803      	ldr	r0, [pc, #12]	@ (10003a90 <dcd_edpt_xfer+0x28>)
10003a84:	f7ff f9ea 	bl	10002e5c <__assert_func>
10003a88:	10006678 	.word	0x10006678
10003a8c:	10006b10 	.word	0x10006b10
10003a90:	10006608 	.word	0x10006608

10003a94 <dcd_edpt_stall>:
10003a94:	b508      	push	{r3, lr}
10003a96:	f011 037f 	ands.w	r3, r1, #127	@ 0x7f
10003a9a:	d104      	bne.n	10003aa6 <dcd_edpt_stall+0x12>
10003a9c:	09ca      	lsrs	r2, r1, #7
10003a9e:	d10e      	bne.n	10003abe <dcd_edpt_stall+0x2a>
10003aa0:	2002      	movs	r0, #2
10003aa2:	4a08      	ldr	r2, [pc, #32]	@ (10003ac4 <dcd_edpt_stall+0x30>)
10003aa4:	6690      	str	r0, [r2, #104]	@ 0x68
10003aa6:	005b      	lsls	r3, r3, #1
10003aa8:	eb03 13d1 	add.w	r3, r3, r1, lsr #7
10003aac:	f44f 6200 	mov.w	r2, #2048	@ 0x800
10003ab0:	2100      	movs	r1, #0
10003ab2:	4805      	ldr	r0, [pc, #20]	@ (10003ac8 <dcd_edpt_stall+0x34>)
10003ab4:	eb00 1043 	add.w	r0, r0, r3, lsl #5
10003ab8:	f002 f916 	bl	10005ce8 <___hw_endpoint_buffer_control_update32_veneer>
10003abc:	bd08      	pop	{r3, pc}
10003abe:	2001      	movs	r0, #1
10003ac0:	e7ef      	b.n	10003aa2 <dcd_edpt_stall+0xe>
10003ac2:	bf00      	nop
10003ac4:	50112000 	.word	0x50112000
10003ac8:	200013f0 	.word	0x200013f0

10003acc <dcd_edpt_clear_stall>:
10003acc:	b508      	push	{r3, lr}
10003ace:	f011 037f 	ands.w	r3, r1, #127	@ 0x7f
10003ad2:	d100      	bne.n	10003ad6 <dcd_edpt_clear_stall+0xa>
10003ad4:	bd08      	pop	{r3, pc}
10003ad6:	005b      	lsls	r3, r3, #1
10003ad8:	eb03 13d1 	add.w	r3, r3, r1, lsr #7
10003adc:	4804      	ldr	r0, [pc, #16]	@ (10003af0 <dcd_edpt_clear_stall+0x24>)
10003ade:	eb00 1043 	add.w	r0, r0, r3, lsl #5
10003ae2:	2200      	movs	r2, #0
10003ae4:	70c2      	strb	r2, [r0, #3]
10003ae6:	f46f 6100 	mvn.w	r1, #2048	@ 0x800
10003aea:	f002 f8fd 	bl	10005ce8 <___hw_endpoint_buffer_control_update32_veneer>
10003aee:	e7f1      	b.n	10003ad4 <dcd_edpt_clear_stall+0x8>
10003af0:	200013f0 	.word	0x200013f0

10003af4 <unaligned_memcpy>:
10003af4:	e004      	b.n	10003b00 <unaligned_memcpy+0xc>
10003af6:	f811 2b01 	ldrb.w	r2, [r1], #1
10003afa:	f800 2b01 	strb.w	r2, [r0], #1
10003afe:	461a      	mov	r2, r3
10003b00:	1e53      	subs	r3, r2, #1
10003b02:	2a00      	cmp	r2, #0
10003b04:	d1f7      	bne.n	10003af6 <unaligned_memcpy+0x2>
10003b06:	4770      	bx	lr

10003b08 <rp2040_usb_init>:
10003b08:	b508      	push	{r3, lr}
10003b0a:	f04f 5380 	mov.w	r3, #268435456	@ 0x10000000
10003b0e:	4a0a      	ldr	r2, [pc, #40]	@ (10003b38 <rp2040_usb_init+0x30>)
10003b10:	6013      	str	r3, [r2, #0]
10003b12:	f502 5280 	add.w	r2, r2, #4096	@ 0x1000
10003b16:	6013      	str	r3, [r2, #0]
10003b18:	4b08      	ldr	r3, [pc, #32]	@ (10003b3c <rp2040_usb_init+0x34>)
10003b1a:	689b      	ldr	r3, [r3, #8]
10003b1c:	f013 5f80 	tst.w	r3, #268435456	@ 0x10000000
10003b20:	d0fa      	beq.n	10003b18 <rp2040_usb_init+0x10>
10003b22:	f44f 5280 	mov.w	r2, #4096	@ 0x1000
10003b26:	2100      	movs	r1, #0
10003b28:	4805      	ldr	r0, [pc, #20]	@ (10003b40 <rp2040_usb_init+0x38>)
10003b2a:	f001 ffdd 	bl	10005ae8 <memset>
10003b2e:	4b05      	ldr	r3, [pc, #20]	@ (10003b44 <rp2040_usb_init+0x3c>)
10003b30:	2209      	movs	r2, #9
10003b32:	675a      	str	r2, [r3, #116]	@ 0x74
10003b34:	bd08      	pop	{r3, pc}
10003b36:	bf00      	nop
10003b38:	40022000 	.word	0x40022000
10003b3c:	40020000 	.word	0x40020000
10003b40:	50100000 	.word	0x50100000
10003b44:	50110000 	.word	0x50110000

10003b48 <hw_endpoint_xfer_start>:
10003b48:	b570      	push	{r4, r5, r6, lr}
10003b4a:	4604      	mov	r4, r0
10003b4c:	460d      	mov	r5, r1
10003b4e:	4616      	mov	r6, r2
10003b50:	7e83      	ldrb	r3, [r0, #26]
10003b52:	b9ab      	cbnz	r3, 10003b80 <hw_endpoint_xfer_start+0x38>
10003b54:	82a6      	strh	r6, [r4, #20]
10003b56:	2300      	movs	r3, #0
10003b58:	82e3      	strh	r3, [r4, #22]
10003b5a:	2301      	movs	r3, #1
10003b5c:	76a3      	strb	r3, [r4, #26]
10003b5e:	6125      	str	r5, [r4, #16]
10003b60:	4620      	mov	r0, r4
10003b62:	f002 f8cd 	bl	10005d00 <__e15_is_bulkin_ep_veneer>
10003b66:	b120      	cbz	r0, 10003b72 <hw_endpoint_xfer_start+0x2a>
10003b68:	4b0b      	ldr	r3, [pc, #44]	@ (10003b98 <hw_endpoint_xfer_start+0x50>)
10003b6a:	f44f 3200 	mov.w	r2, #131072	@ 0x20000
10003b6e:	f8c3 2090 	str.w	r2, [r3, #144]	@ 0x90
10003b72:	4620      	mov	r0, r4
10003b74:	f002 f8b4 	bl	10005ce0 <__e15_is_critical_frame_period_veneer>
10003b78:	b150      	cbz	r0, 10003b90 <hw_endpoint_xfer_start+0x48>
10003b7a:	2301      	movs	r3, #1
10003b7c:	7723      	strb	r3, [r4, #28]
10003b7e:	bd70      	pop	{r4, r5, r6, pc}
10003b80:	7881      	ldrb	r1, [r0, #2]
10003b82:	4806      	ldr	r0, [pc, #24]	@ (10003b9c <hw_endpoint_xfer_start+0x54>)
10003b84:	f7ff fac8 	bl	10003118 <__wrap_printf>
10003b88:	4620      	mov	r0, r4
10003b8a:	f002 f8a1 	bl	10005cd0 <__hw_endpoint_reset_transfer_veneer>
10003b8e:	e7e1      	b.n	10003b54 <hw_endpoint_xfer_start+0xc>
10003b90:	4620      	mov	r0, r4
10003b92:	f002 f899 	bl	10005cc8 <__hw_endpoint_start_next_buffer_veneer>
10003b96:	e7f2      	b.n	10003b7e <hw_endpoint_xfer_start+0x36>
10003b98:	50112000 	.word	0x50112000
10003b9c:	10006768 	.word	0x10006768

10003ba0 <configuration_reset>:
10003ba0:	b538      	push	{r3, r4, r5, lr}
10003ba2:	4605      	mov	r5, r0
10003ba4:	2400      	movs	r4, #0
10003ba6:	e008      	b.n	10003bba <configuration_reset+0x1a>
10003ba8:	1ae3      	subs	r3, r4, r3
10003baa:	4a1a      	ldr	r2, [pc, #104]	@ (10003c14 <configuration_reset+0x74>)
10003bac:	eb02 1343 	add.w	r3, r2, r3, lsl #5
10003bb0:	68db      	ldr	r3, [r3, #12]
10003bb2:	4628      	mov	r0, r5
10003bb4:	4798      	blx	r3
10003bb6:	3401      	adds	r4, #1
10003bb8:	b2e4      	uxtb	r4, r4
10003bba:	4b17      	ldr	r3, [pc, #92]	@ (10003c18 <configuration_reset+0x78>)
10003bbc:	781b      	ldrb	r3, [r3, #0]
10003bbe:	42a3      	cmp	r3, r4
10003bc0:	d315      	bcc.n	10003bee <configuration_reset+0x4e>
10003bc2:	42a3      	cmp	r3, r4
10003bc4:	d9f0      	bls.n	10003ba8 <configuration_reset+0x8>
10003bc6:	4b15      	ldr	r3, [pc, #84]	@ (10003c1c <configuration_reset+0x7c>)
10003bc8:	681b      	ldr	r3, [r3, #0]
10003bca:	eb13 1344 	adds.w	r3, r3, r4, lsl #5
10003bce:	d1ef      	bne.n	10003bb0 <configuration_reset+0x10>
10003bd0:	f240 2225 	movw	r2, #549	@ 0x225
10003bd4:	4912      	ldr	r1, [pc, #72]	@ (10003c20 <configuration_reset+0x80>)
10003bd6:	4813      	ldr	r0, [pc, #76]	@ (10003c24 <configuration_reset+0x84>)
10003bd8:	f7ff fa9e 	bl	10003118 <__wrap_printf>
10003bdc:	f04f 23e0 	mov.w	r3, #3758153728	@ 0xe000e000
10003be0:	f8d3 3df0 	ldr.w	r3, [r3, #3568]	@ 0xdf0
10003be4:	f013 0f01 	tst.w	r3, #1
10003be8:	d013      	beq.n	10003c12 <configuration_reset+0x72>
10003bea:	be00      	bkpt	0x0000
10003bec:	e011      	b.n	10003c12 <configuration_reset+0x72>
10003bee:	4c0e      	ldr	r4, [pc, #56]	@ (10003c28 <configuration_reset+0x88>)
10003bf0:	2254      	movs	r2, #84	@ 0x54
10003bf2:	2100      	movs	r1, #0
10003bf4:	4620      	mov	r0, r4
10003bf6:	f001 ff77 	bl	10005ae8 <memset>
10003bfa:	f04f 33ff 	mov.w	r3, #4294967295	@ 0xffffffff
10003bfe:	6063      	str	r3, [r4, #4]
10003c00:	60a3      	str	r3, [r4, #8]
10003c02:	60e3      	str	r3, [r4, #12]
10003c04:	6123      	str	r3, [r4, #16]
10003c06:	2220      	movs	r2, #32
10003c08:	21ff      	movs	r1, #255	@ 0xff
10003c0a:	f104 0014 	add.w	r0, r4, #20
10003c0e:	f001 ff6b 	bl	10005ae8 <memset>
10003c12:	bd38      	pop	{r3, r4, r5, pc}
10003c14:	10006c28 	.word	0x10006c28
10003c18:	20001841 	.word	0x20001841
10003c1c:	20001098 	.word	0x20001098
10003c20:	10006bf4 	.word	0x10006bf4
10003c24:	100067a0 	.word	0x100067a0
10003c28:	20001268 	.word	0x20001268

10003c2c <usbd_reset>:
10003c2c:	b508      	push	{r3, lr}
10003c2e:	f7ff ffb7 	bl	10003ba0 <configuration_reset>
10003c32:	f000 ff65 	bl	10004b00 <usbd_control_reset>
10003c36:	bd08      	pop	{r3, pc}

10003c38 <invoke_class_control>:
10003c38:	b570      	push	{r4, r5, r6, lr}
10003c3a:	4606      	mov	r6, r0
10003c3c:	460c      	mov	r4, r1
10003c3e:	4615      	mov	r5, r2
10003c40:	6948      	ldr	r0, [r1, #20]
10003c42:	f000 ff67 	bl	10004b14 <usbd_control_set_complete_callback>
10003c46:	6963      	ldr	r3, [r4, #20]
10003c48:	462a      	mov	r2, r5
10003c4a:	2101      	movs	r1, #1
10003c4c:	4630      	mov	r0, r6
10003c4e:	4798      	blx	r3
10003c50:	bd70      	pop	{r4, r5, r6, pc}
	...

10003c54 <process_set_config>:
10003c54:	e92d 4ff0 	stmdb	sp!, {r4, r5, r6, r7, r8, r9, sl, fp, lr}
10003c58:	b083      	sub	sp, #12
10003c5a:	4681      	mov	r9, r0
10003c5c:	1e48      	subs	r0, r1, #1
10003c5e:	b2c0      	uxtb	r0, r0
10003c60:	f7ff fc8e 	bl	10003580 <tud_descriptor_configuration_cb>
10003c64:	b120      	cbz	r0, 10003c70 <process_set_config+0x1c>
10003c66:	4682      	mov	sl, r0
10003c68:	7843      	ldrb	r3, [r0, #1]
10003c6a:	9301      	str	r3, [sp, #4]
10003c6c:	2b02      	cmp	r3, #2
10003c6e:	d011      	beq.n	10003c94 <process_set_config+0x40>
10003c70:	f240 32d6 	movw	r2, #982	@ 0x3d6
10003c74:	495f      	ldr	r1, [pc, #380]	@ (10003df4 <process_set_config+0x1a0>)
10003c76:	4860      	ldr	r0, [pc, #384]	@ (10003df8 <process_set_config+0x1a4>)
10003c78:	f7ff fa4e 	bl	10003118 <__wrap_printf>
10003c7c:	f04f 23e0 	mov.w	r3, #3758153728	@ 0xe000e000
10003c80:	f8d3 3df0 	ldr.w	r3, [r3, #3568]	@ 0xdf0
10003c84:	f013 0f01 	tst.w	r3, #1
10003c88:	d000      	beq.n	10003c8c <process_set_config+0x38>
10003c8a:	be00      	bkpt	0x0000
10003c8c:	2000      	movs	r0, #0
10003c8e:	b003      	add	sp, #12
10003c90:	e8bd 8ff0 	ldmia.w	sp!, {r4, r5, r6, r7, r8, r9, sl, fp, pc}
10003c94:	79c2      	ldrb	r2, [r0, #7]
10003c96:	f3c2 1040 	ubfx	r0, r2, #5, #1
10003c9a:	4b58      	ldr	r3, [pc, #352]	@ (10003dfc <process_set_config+0x1a8>)
10003c9c:	7819      	ldrb	r1, [r3, #0]
10003c9e:	f360 1104 	bfi	r1, r0, #4, #1
10003ca2:	7019      	strb	r1, [r3, #0]
10003ca4:	f3c2 1280 	ubfx	r2, r2, #6, #1
10003ca8:	b2c9      	uxtb	r1, r1
10003caa:	f362 1145 	bfi	r1, r2, #5, #1
10003cae:	7019      	strb	r1, [r3, #0]
10003cb0:	f10a 0809 	add.w	r8, sl, #9
10003cb4:	f8ba 3002 	ldrh.w	r3, [sl, #2]
10003cb8:	449a      	add	sl, r3
10003cba:	e077      	b.n	10003dac <process_set_config+0x158>
10003cbc:	f898 b003 	ldrb.w	fp, [r8, #3]
10003cc0:	f898 3000 	ldrb.w	r3, [r8]
10003cc4:	4498      	add	r8, r3
10003cc6:	e079      	b.n	10003dbc <process_set_config+0x168>
10003cc8:	f240 32f1 	movw	r2, #1009	@ 0x3f1
10003ccc:	4949      	ldr	r1, [pc, #292]	@ (10003df4 <process_set_config+0x1a0>)
10003cce:	484a      	ldr	r0, [pc, #296]	@ (10003df8 <process_set_config+0x1a4>)
10003cd0:	f7ff fa22 	bl	10003118 <__wrap_printf>
10003cd4:	f04f 23e0 	mov.w	r3, #3758153728	@ 0xe000e000
10003cd8:	f8d3 3df0 	ldr.w	r3, [r3, #3568]	@ 0xdf0
10003cdc:	f013 0f01 	tst.w	r3, #1
10003ce0:	d000      	beq.n	10003ce4 <process_set_config+0x90>
10003ce2:	be00      	bkpt	0x0000
10003ce4:	2000      	movs	r0, #0
10003ce6:	e7d2      	b.n	10003c8e <process_set_config+0x3a>
10003ce8:	1ae3      	subs	r3, r4, r3
10003cea:	4d45      	ldr	r5, [pc, #276]	@ (10003e00 <process_set_config+0x1ac>)
10003cec:	eb05 1543 	add.w	r5, r5, r3, lsl #5
10003cf0:	692b      	ldr	r3, [r5, #16]
10003cf2:	463a      	mov	r2, r7
10003cf4:	4641      	mov	r1, r8
10003cf6:	4648      	mov	r0, r9
10003cf8:	4798      	blx	r3
10003cfa:	4606      	mov	r6, r0
10003cfc:	2808      	cmp	r0, #8
10003cfe:	d901      	bls.n	10003d04 <process_set_config+0xb0>
10003d00:	4287      	cmp	r7, r0
10003d02:	d21c      	bcs.n	10003d3e <process_set_config+0xea>
10003d04:	3401      	adds	r4, #1
10003d06:	b2e4      	uxtb	r4, r4
10003d08:	4b3e      	ldr	r3, [pc, #248]	@ (10003e04 <process_set_config+0x1b0>)
10003d0a:	781b      	ldrb	r3, [r3, #0]
10003d0c:	42a3      	cmp	r3, r4
10003d0e:	d349      	bcc.n	10003da4 <process_set_config+0x150>
10003d10:	42a3      	cmp	r3, r4
10003d12:	d9e9      	bls.n	10003ce8 <process_set_config+0x94>
10003d14:	4b3c      	ldr	r3, [pc, #240]	@ (10003e08 <process_set_config+0x1b4>)
10003d16:	681d      	ldr	r5, [r3, #0]
10003d18:	eb15 1544 	adds.w	r5, r5, r4, lsl #5
10003d1c:	d1e8      	bne.n	10003cf0 <process_set_config+0x9c>
10003d1e:	f240 32fa 	movw	r2, #1018	@ 0x3fa
10003d22:	4934      	ldr	r1, [pc, #208]	@ (10003df4 <process_set_config+0x1a0>)
10003d24:	4834      	ldr	r0, [pc, #208]	@ (10003df8 <process_set_config+0x1a4>)
10003d26:	f7ff f9f7 	bl	10003118 <__wrap_printf>
10003d2a:	f04f 23e0 	mov.w	r3, #3758153728	@ 0xe000e000
10003d2e:	f8d3 3df0 	ldr.w	r3, [r3, #3568]	@ 0xdf0
10003d32:	f013 0f01 	tst.w	r3, #1
10003d36:	d000      	beq.n	10003d3a <process_set_config+0xe6>
10003d38:	be00      	bkpt	0x0000
10003d3a:	2000      	movs	r0, #0
10003d3c:	e7a7      	b.n	10003c8e <process_set_config+0x3a>
10003d3e:	f1bb 0f01 	cmp.w	fp, #1
10003d42:	d011      	beq.n	10003d68 <process_set_config+0x114>
10003d44:	2200      	movs	r2, #0
10003d46:	4593      	cmp	fp, r2
10003d48:	d925      	bls.n	10003d96 <process_set_config+0x142>
10003d4a:	f898 3002 	ldrb.w	r3, [r8, #2]
10003d4e:	4413      	add	r3, r2
10003d50:	b2db      	uxtb	r3, r3
10003d52:	492a      	ldr	r1, [pc, #168]	@ (10003dfc <process_set_config+0x1a8>)
10003d54:	4419      	add	r1, r3
10003d56:	7909      	ldrb	r1, [r1, #4]
10003d58:	29ff      	cmp	r1, #255	@ 0xff
10003d5a:	d10c      	bne.n	10003d76 <process_set_config+0x122>
10003d5c:	4927      	ldr	r1, [pc, #156]	@ (10003dfc <process_set_config+0x1a8>)
10003d5e:	440b      	add	r3, r1
10003d60:	711c      	strb	r4, [r3, #4]
10003d62:	3201      	adds	r2, #1
10003d64:	b2d2      	uxtb	r2, r2
10003d66:	e7ee      	b.n	10003d46 <process_set_config+0xf2>
10003d68:	692a      	ldr	r2, [r5, #16]
10003d6a:	4b28      	ldr	r3, [pc, #160]	@ (10003e0c <process_set_config+0x1b8>)
10003d6c:	429a      	cmp	r2, r3
10003d6e:	d1e9      	bne.n	10003d44 <process_set_config+0xf0>
10003d70:	f8dd b004 	ldr.w	fp, [sp, #4]
10003d74:	e7e6      	b.n	10003d44 <process_set_config+0xf0>
10003d76:	f240 4219 	movw	r2, #1049	@ 0x419
10003d7a:	491e      	ldr	r1, [pc, #120]	@ (10003df4 <process_set_config+0x1a0>)
10003d7c:	481e      	ldr	r0, [pc, #120]	@ (10003df8 <process_set_config+0x1a4>)
10003d7e:	f7ff f9cb 	bl	10003118 <__wrap_printf>
10003d82:	f04f 23e0 	mov.w	r3, #3758153728	@ 0xe000e000
10003d86:	f8d3 3df0 	ldr.w	r3, [r3, #3568]	@ 0xdf0
10003d8a:	f013 0f01 	tst.w	r3, #1
10003d8e:	d000      	beq.n	10003d92 <process_set_config+0x13e>
10003d90:	be00      	bkpt	0x0000
10003d92:	2000      	movs	r0, #0
10003d94:	e77b      	b.n	10003c8e <process_set_config+0x3a>
10003d96:	4623      	mov	r3, r4
10003d98:	4632      	mov	r2, r6
10003d9a:	4641      	mov	r1, r8
10003d9c:	481c      	ldr	r0, [pc, #112]	@ (10003e10 <process_set_config+0x1bc>)
10003d9e:	f001 fbf3 	bl	10005588 <tu_edpt_bind_driver>
10003da2:	44b0      	add	r8, r6
10003da4:	4b17      	ldr	r3, [pc, #92]	@ (10003e04 <process_set_config+0x1b0>)
10003da6:	781b      	ldrb	r3, [r3, #0]
10003da8:	42a3      	cmp	r3, r4
10003daa:	d310      	bcc.n	10003dce <process_set_config+0x17a>
10003dac:	45d0      	cmp	r8, sl
10003dae:	d21e      	bcs.n	10003dee <process_set_config+0x19a>
10003db0:	f898 3001 	ldrb.w	r3, [r8, #1]
10003db4:	2b0b      	cmp	r3, #11
10003db6:	d081      	beq.n	10003cbc <process_set_config+0x68>
10003db8:	f04f 0b01 	mov.w	fp, #1
10003dbc:	f898 3001 	ldrb.w	r3, [r8, #1]
10003dc0:	2b04      	cmp	r3, #4
10003dc2:	d181      	bne.n	10003cc8 <process_set_config+0x74>
10003dc4:	ebaa 0708 	sub.w	r7, sl, r8
10003dc8:	b2bf      	uxth	r7, r7
10003dca:	2400      	movs	r4, #0
10003dcc:	e79c      	b.n	10003d08 <process_set_config+0xb4>
10003dce:	f44f 6285 	mov.w	r2, #1064	@ 0x428
10003dd2:	4908      	ldr	r1, [pc, #32]	@ (10003df4 <process_set_config+0x1a0>)
10003dd4:	4808      	ldr	r0, [pc, #32]	@ (10003df8 <process_set_config+0x1a4>)
10003dd6:	f7ff f99f 	bl	10003118 <__wrap_printf>
10003dda:	f04f 23e0 	mov.w	r3, #3758153728	@ 0xe000e000
10003dde:	f8d3 3df0 	ldr.w	r3, [r3, #3568]	@ 0xdf0
10003de2:	f013 0f01 	tst.w	r3, #1
10003de6:	d000      	beq.n	10003dea <process_set_config+0x196>
10003de8:	be00      	bkpt	0x0000
10003dea:	2000      	movs	r0, #0
10003dec:	e74f      	b.n	10003c8e <process_set_config+0x3a>
10003dee:	2001      	movs	r0, #1
10003df0:	e74d      	b.n	10003c8e <process_set_config+0x3a>
10003df2:	bf00      	nop
10003df4:	10006bc8 	.word	0x10006bc8
10003df8:	100067a0 	.word	0x100067a0
10003dfc:	20001268 	.word	0x20001268
10003e00:	10006c28 	.word	0x10006c28
10003e04:	20001841 	.word	0x20001841
10003e08:	20001098 	.word	0x20001098
10003e0c:	10004fd1 	.word	0x10004fd1
10003e10:	2000127c 	.word	0x2000127c

10003e14 <tud_event_hook_cb>:
10003e14:	4770      	bx	lr

10003e16 <tud_sof_cb>:
10003e16:	4770      	bx	lr

10003e18 <tud_descriptor_device_qualifier_cb>:
10003e18:	2000      	movs	r0, #0
10003e1a:	4770      	bx	lr

10003e1c <tud_descriptor_other_speed_configuration_cb>:
10003e1c:	2000      	movs	r0, #0
10003e1e:	4770      	bx	lr

10003e20 <process_get_descriptor>:
10003e20:	b538      	push	{r3, r4, r5, lr}
10003e22:	4605      	mov	r5, r0
10003e24:	460c      	mov	r4, r1
10003e26:	884b      	ldrh	r3, [r1, #2]
10003e28:	0a1a      	lsrs	r2, r3, #8
10003e2a:	2a06      	cmp	r2, #6
10003e2c:	d061      	beq.n	10003ef2 <process_get_descriptor+0xd2>
10003e2e:	4611      	mov	r1, r2
10003e30:	b2d8      	uxtb	r0, r3
10003e32:	d811      	bhi.n	10003e58 <process_get_descriptor+0x38>
10003e34:	2a02      	cmp	r2, #2
10003e36:	d02f      	beq.n	10003e98 <process_get_descriptor+0x78>
10003e38:	2a03      	cmp	r2, #3
10003e3a:	d04e      	beq.n	10003eda <process_get_descriptor+0xba>
10003e3c:	2a01      	cmp	r2, #1
10003e3e:	d109      	bne.n	10003e54 <process_get_descriptor+0x34>
10003e40:	f7ff fb9a 	bl	10003578 <tud_descriptor_device_cb>
10003e44:	4602      	mov	r2, r0
10003e46:	b1b8      	cbz	r0, 10003e78 <process_get_descriptor+0x58>
10003e48:	2312      	movs	r3, #18
10003e4a:	4621      	mov	r1, r4
10003e4c:	4628      	mov	r0, r5
10003e4e:	f000 fdff 	bl	10004a50 <tud_control_xfer>
10003e52:	e02c      	b.n	10003eae <process_get_descriptor+0x8e>
10003e54:	2000      	movs	r0, #0
10003e56:	e02a      	b.n	10003eae <process_get_descriptor+0x8e>
10003e58:	2a07      	cmp	r2, #7
10003e5a:	d01d      	beq.n	10003e98 <process_get_descriptor+0x78>
10003e5c:	2a0f      	cmp	r2, #15
10003e5e:	d109      	bne.n	10003e74 <process_get_descriptor+0x54>
10003e60:	f7ff fc6c 	bl	1000373c <tud_descriptor_bos_cb>
10003e64:	4602      	mov	r2, r0
10003e66:	b310      	cbz	r0, 10003eae <process_get_descriptor+0x8e>
10003e68:	8843      	ldrh	r3, [r0, #2]
10003e6a:	4621      	mov	r1, r4
10003e6c:	4628      	mov	r0, r5
10003e6e:	f000 fdef 	bl	10004a50 <tud_control_xfer>
10003e72:	e01c      	b.n	10003eae <process_get_descriptor+0x8e>
10003e74:	2000      	movs	r0, #0
10003e76:	e01a      	b.n	10003eae <process_get_descriptor+0x8e>
10003e78:	f240 423a 	movw	r2, #1082	@ 0x43a
10003e7c:	4922      	ldr	r1, [pc, #136]	@ (10003f08 <process_get_descriptor+0xe8>)
10003e7e:	4823      	ldr	r0, [pc, #140]	@ (10003f0c <process_get_descriptor+0xec>)
10003e80:	f7ff f94a 	bl	10003118 <__wrap_printf>
10003e84:	f04f 23e0 	mov.w	r3, #3758153728	@ 0xe000e000
10003e88:	f8d3 3df0 	ldr.w	r3, [r3, #3568]	@ 0xdf0
10003e8c:	f013 0f01 	tst.w	r3, #1
10003e90:	d000      	beq.n	10003e94 <process_get_descriptor+0x74>
10003e92:	be00      	bkpt	0x0000
10003e94:	2000      	movs	r0, #0
10003e96:	e00a      	b.n	10003eae <process_get_descriptor+0x8e>
10003e98:	2902      	cmp	r1, #2
10003e9a:	d009      	beq.n	10003eb0 <process_get_descriptor+0x90>
10003e9c:	f7ff ffbe 	bl	10003e1c <tud_descriptor_other_speed_configuration_cb>
10003ea0:	4602      	mov	r2, r0
10003ea2:	b120      	cbz	r0, 10003eae <process_get_descriptor+0x8e>
10003ea4:	8853      	ldrh	r3, [r2, #2]
10003ea6:	4621      	mov	r1, r4
10003ea8:	4628      	mov	r0, r5
10003eaa:	f000 fdd1 	bl	10004a50 <tud_control_xfer>
10003eae:	bd38      	pop	{r3, r4, r5, pc}
10003eb0:	f7ff fb66 	bl	10003580 <tud_descriptor_configuration_cb>
10003eb4:	4602      	mov	r2, r0
10003eb6:	2800      	cmp	r0, #0
10003eb8:	d1f4      	bne.n	10003ea4 <process_get_descriptor+0x84>
10003eba:	f240 4261 	movw	r2, #1121	@ 0x461
10003ebe:	4912      	ldr	r1, [pc, #72]	@ (10003f08 <process_get_descriptor+0xe8>)
10003ec0:	4812      	ldr	r0, [pc, #72]	@ (10003f0c <process_get_descriptor+0xec>)
10003ec2:	f7ff f929 	bl	10003118 <__wrap_printf>
10003ec6:	f04f 23e0 	mov.w	r3, #3758153728	@ 0xe000e000
10003eca:	f8d3 3df0 	ldr.w	r3, [r3, #3568]	@ 0xdf0
10003ece:	f013 0f01 	tst.w	r3, #1
10003ed2:	d000      	beq.n	10003ed6 <process_get_descriptor+0xb6>
10003ed4:	be00      	bkpt	0x0000
10003ed6:	2000      	movs	r0, #0
10003ed8:	e7e9      	b.n	10003eae <process_get_descriptor+0x8e>
10003eda:	88a1      	ldrh	r1, [r4, #4]
10003edc:	f7ff fb54 	bl	10003588 <tud_descriptor_string_cb>
10003ee0:	4602      	mov	r2, r0
10003ee2:	2800      	cmp	r0, #0
10003ee4:	d0e3      	beq.n	10003eae <process_get_descriptor+0x8e>
10003ee6:	7803      	ldrb	r3, [r0, #0]
10003ee8:	4621      	mov	r1, r4
10003eea:	4628      	mov	r0, r5
10003eec:	f000 fdb0 	bl	10004a50 <tud_control_xfer>
10003ef0:	e7dd      	b.n	10003eae <process_get_descriptor+0x8e>
10003ef2:	f7ff ff91 	bl	10003e18 <tud_descriptor_device_qualifier_cb>
10003ef6:	4602      	mov	r2, r0
10003ef8:	2800      	cmp	r0, #0
10003efa:	d0d8      	beq.n	10003eae <process_get_descriptor+0x8e>
10003efc:	7803      	ldrb	r3, [r0, #0]
10003efe:	4621      	mov	r1, r4
10003f00:	4628      	mov	r0, r5
10003f02:	f000 fda5 	bl	10004a50 <tud_control_xfer>
10003f06:	e7d2      	b.n	10003eae <process_get_descriptor+0x8e>
10003f08:	10006bb0 	.word	0x10006bb0
10003f0c:	100067a0 	.word	0x100067a0

10003f10 <tud_mount_cb>:
10003f10:	4770      	bx	lr

10003f12 <tud_umount_cb>:
10003f12:	4770      	bx	lr

10003f14 <tud_suspend_cb>:
10003f14:	4770      	bx	lr

10003f16 <tud_resume_cb>:
10003f16:	4770      	bx	lr

10003f18 <tud_mounted>:
10003f18:	4b02      	ldr	r3, [pc, #8]	@ (10003f24 <tud_mounted+0xc>)
10003f1a:	7858      	ldrb	r0, [r3, #1]
10003f1c:	3800      	subs	r0, #0
10003f1e:	bf18      	it	ne
10003f20:	2001      	movne	r0, #1
10003f22:	4770      	bx	lr
10003f24:	20001268 	.word	0x20001268

10003f28 <tud_suspended>:
10003f28:	4b02      	ldr	r3, [pc, #8]	@ (10003f34 <tud_suspended+0xc>)
10003f2a:	7818      	ldrb	r0, [r3, #0]
10003f2c:	f3c0 0080 	ubfx	r0, r0, #2, #1
10003f30:	4770      	bx	lr
10003f32:	bf00      	nop
10003f34:	20001268 	.word	0x20001268

10003f38 <tud_inited>:
10003f38:	4b02      	ldr	r3, [pc, #8]	@ (10003f44 <tud_inited+0xc>)
10003f3a:	7818      	ldrb	r0, [r3, #0]
10003f3c:	38ff      	subs	r0, #255	@ 0xff
10003f3e:	bf18      	it	ne
10003f40:	2001      	movne	r0, #1
10003f42:	4770      	bx	lr
10003f44:	20000f00 	.word	0x20000f00

10003f48 <tud_rhport_init>:
10003f48:	b5f8      	push	{r3, r4, r5, r6, r7, lr}
10003f4a:	4606      	mov	r6, r0
10003f4c:	460c      	mov	r4, r1
10003f4e:	460f      	mov	r7, r1
10003f50:	f7ff fff2 	bl	10003f38 <tud_inited>
10003f54:	4605      	mov	r5, r0
10003f56:	2800      	cmp	r0, #0
10003f58:	d152      	bne.n	10004000 <tud_rhport_init+0xb8>
10003f5a:	b304      	cbz	r4, 10003f9e <tud_rhport_init+0x56>
10003f5c:	2254      	movs	r2, #84	@ 0x54
10003f5e:	2100      	movs	r1, #0
10003f60:	4836      	ldr	r0, [pc, #216]	@ (1000403c <tud_rhport_init+0xf4>)
10003f62:	f001 fdc1 	bl	10005ae8 <memset>
10003f66:	4b36      	ldr	r3, [pc, #216]	@ (10004040 <tud_rhport_init+0xf8>)
10003f68:	2200      	movs	r2, #0
10003f6a:	701a      	strb	r2, [r3, #0]
10003f6c:	4c35      	ldr	r4, [pc, #212]	@ (10004044 <tud_rhport_init+0xfc>)
10003f6e:	4620      	mov	r0, r4
10003f70:	f7fc fdba 	bl	10000ae8 <mutex_init>
10003f74:	4b34      	ldr	r3, [pc, #208]	@ (10004048 <tud_rhport_init+0x100>)
10003f76:	601c      	str	r4, [r3, #0]
10003f78:	4c34      	ldr	r4, [pc, #208]	@ (1000404c <tud_rhport_init+0x104>)
10003f7a:	4620      	mov	r0, r4
10003f7c:	f7fc fdfe 	bl	10000b7c <critical_section_init>
10003f80:	3c14      	subs	r4, #20
10003f82:	4620      	mov	r0, r4
10003f84:	f001 fd78 	bl	10005a78 <tu_fifo_clear>
10003f88:	4b31      	ldr	r3, [pc, #196]	@ (10004050 <tud_rhport_init+0x108>)
10003f8a:	601c      	str	r4, [r3, #0]
10003f8c:	4b31      	ldr	r3, [pc, #196]	@ (10004054 <tud_rhport_init+0x10c>)
10003f8e:	b123      	cbz	r3, 10003f9a <tud_rhport_init+0x52>
10003f90:	4831      	ldr	r0, [pc, #196]	@ (10004058 <tud_rhport_init+0x110>)
10003f92:	f7ff fbef 	bl	10003774 <usbd_app_driver_get_cb>
10003f96:	4b31      	ldr	r3, [pc, #196]	@ (1000405c <tud_rhport_init+0x114>)
10003f98:	6018      	str	r0, [r3, #0]
10003f9a:	2400      	movs	r4, #0
10003f9c:	e017      	b.n	10003fce <tud_rhport_init+0x86>
10003f9e:	f44f 72e9 	mov.w	r2, #466	@ 0x1d2
10003fa2:	492f      	ldr	r1, [pc, #188]	@ (10004060 <tud_rhport_init+0x118>)
10003fa4:	482f      	ldr	r0, [pc, #188]	@ (10004064 <tud_rhport_init+0x11c>)
10003fa6:	f7ff f8b7 	bl	10003118 <__wrap_printf>
10003faa:	f04f 23e0 	mov.w	r3, #3758153728	@ 0xe000e000
10003fae:	f8d3 3df0 	ldr.w	r3, [r3, #3568]	@ 0xdf0
10003fb2:	f013 0f01 	tst.w	r3, #1
10003fb6:	d023      	beq.n	10004000 <tud_rhport_init+0xb8>
10003fb8:	be00      	bkpt	0x0000
10003fba:	e021      	b.n	10004000 <tud_rhport_init+0xb8>
10003fbc:	1ae3      	subs	r3, r4, r3
10003fbe:	4a2a      	ldr	r2, [pc, #168]	@ (10004068 <tud_rhport_init+0x120>)
10003fc0:	eb02 1343 	add.w	r3, r2, r3, lsl #5
10003fc4:	685b      	ldr	r3, [r3, #4]
10003fc6:	b16b      	cbz	r3, 10003fe4 <tud_rhport_init+0x9c>
10003fc8:	4798      	blx	r3
10003fca:	3401      	adds	r4, #1
10003fcc:	b2e4      	uxtb	r4, r4
10003fce:	4b22      	ldr	r3, [pc, #136]	@ (10004058 <tud_rhport_init+0x110>)
10003fd0:	781b      	ldrb	r3, [r3, #0]
10003fd2:	42a3      	cmp	r3, r4
10003fd4:	d316      	bcc.n	10004004 <tud_rhport_init+0xbc>
10003fd6:	42a3      	cmp	r3, r4
10003fd8:	d9f0      	bls.n	10003fbc <tud_rhport_init+0x74>
10003fda:	4b20      	ldr	r3, [pc, #128]	@ (1000405c <tud_rhport_init+0x114>)
10003fdc:	681b      	ldr	r3, [r3, #0]
10003fde:	eb13 1344 	adds.w	r3, r3, r4, lsl #5
10003fe2:	d1ef      	bne.n	10003fc4 <tud_rhport_init+0x7c>
10003fe4:	f44f 72f8 	mov.w	r2, #496	@ 0x1f0
10003fe8:	491d      	ldr	r1, [pc, #116]	@ (10004060 <tud_rhport_init+0x118>)
10003fea:	481e      	ldr	r0, [pc, #120]	@ (10004064 <tud_rhport_init+0x11c>)
10003fec:	f7ff f894 	bl	10003118 <__wrap_printf>
10003ff0:	f04f 23e0 	mov.w	r3, #3758153728	@ 0xe000e000
10003ff4:	f8d3 3df0 	ldr.w	r3, [r3, #3568]	@ 0xdf0
10003ff8:	f013 0f01 	tst.w	r3, #1
10003ffc:	d000      	beq.n	10004000 <tud_rhport_init+0xb8>
10003ffe:	be00      	bkpt	0x0000
10004000:	4628      	mov	r0, r5
10004002:	bdf8      	pop	{r3, r4, r5, r6, r7, pc}
10004004:	4b19      	ldr	r3, [pc, #100]	@ (1000406c <tud_rhport_init+0x124>)
10004006:	701e      	strb	r6, [r3, #0]
10004008:	4639      	mov	r1, r7
1000400a:	4630      	mov	r0, r6
1000400c:	f7ff fcb4 	bl	10003978 <dcd_init>
10004010:	4605      	mov	r5, r0
10004012:	b118      	cbz	r0, 1000401c <tud_rhport_init+0xd4>
10004014:	4630      	mov	r0, r6
10004016:	f7ff fc7d 	bl	10003914 <dcd_int_enable>
1000401a:	e7f1      	b.n	10004000 <tud_rhport_init+0xb8>
1000401c:	f44f 72fc 	mov.w	r2, #504	@ 0x1f8
10004020:	490f      	ldr	r1, [pc, #60]	@ (10004060 <tud_rhport_init+0x118>)
10004022:	4810      	ldr	r0, [pc, #64]	@ (10004064 <tud_rhport_init+0x11c>)
10004024:	f7ff f878 	bl	10003118 <__wrap_printf>
10004028:	f04f 23e0 	mov.w	r3, #3758153728	@ 0xe000e000
1000402c:	f8d3 3df0 	ldr.w	r3, [r3, #3568]	@ 0xdf0
10004030:	f013 0f01 	tst.w	r3, #1
10004034:	d0e4      	beq.n	10004000 <tud_rhport_init+0xb8>
10004036:	be00      	bkpt	0x0000
10004038:	e7e2      	b.n	10004000 <tud_rhport_init+0xb8>
1000403a:	bf00      	nop
1000403c:	20001268 	.word	0x20001268
10004040:	20001843 	.word	0x20001843
10004044:	20001260 	.word	0x20001260
10004048:	200012bc 	.word	0x200012bc
1000404c:	20000ef8 	.word	0x20000ef8
10004050:	200012c0 	.word	0x200012c0
10004054:	10003775 	.word	0x10003775
10004058:	20001841 	.word	0x20001841
1000405c:	20001098 	.word	0x20001098
10004060:	10006c18 	.word	0x10006c18
10004064:	100067a0 	.word	0x100067a0
10004068:	10006c28 	.word	0x10006c28
1000406c:	20000f00 	.word	0x20000f00

10004070 <usbd_edpt_open>:
10004070:	b570      	push	{r4, r5, r6, lr}
10004072:	4b1b      	ldr	r3, [pc, #108]	@ (100040e0 <usbd_edpt_open+0x70>)
10004074:	781b      	ldrb	r3, [r3, #0]
10004076:	461e      	mov	r6, r3
10004078:	788b      	ldrb	r3, [r1, #2]
1000407a:	f013 0f70 	tst.w	r3, #112	@ 0x70
1000407e:	d10e      	bne.n	1000409e <usbd_edpt_open+0x2e>
10004080:	460c      	mov	r4, r1
10004082:	4b18      	ldr	r3, [pc, #96]	@ (100040e4 <usbd_edpt_open+0x74>)
10004084:	7899      	ldrb	r1, [r3, #2]
10004086:	4620      	mov	r0, r4
10004088:	f001 fa0e 	bl	100054a8 <tu_edpt_validate>
1000408c:	4605      	mov	r5, r0
1000408e:	b1b8      	cbz	r0, 100040c0 <usbd_edpt_open+0x50>
10004090:	4621      	mov	r1, r4
10004092:	4630      	mov	r0, r6
10004094:	f7ff fcd2 	bl	10003a3c <dcd_edpt_open>
10004098:	4605      	mov	r5, r0
1000409a:	4628      	mov	r0, r5
1000409c:	bd70      	pop	{r4, r5, r6, pc}
1000409e:	f240 520b 	movw	r2, #1291	@ 0x50b
100040a2:	4911      	ldr	r1, [pc, #68]	@ (100040e8 <usbd_edpt_open+0x78>)
100040a4:	4811      	ldr	r0, [pc, #68]	@ (100040ec <usbd_edpt_open+0x7c>)
100040a6:	f7ff f837 	bl	10003118 <__wrap_printf>
100040aa:	f04f 23e0 	mov.w	r3, #3758153728	@ 0xe000e000
100040ae:	f8d3 3df0 	ldr.w	r3, [r3, #3568]	@ 0xdf0
100040b2:	f013 0f01 	tst.w	r3, #1
100040b6:	d000      	beq.n	100040ba <usbd_edpt_open+0x4a>
100040b8:	be00      	bkpt	0x0000
100040ba:	2300      	movs	r3, #0
100040bc:	461d      	mov	r5, r3
100040be:	e7ec      	b.n	1000409a <usbd_edpt_open+0x2a>
100040c0:	f240 520c 	movw	r2, #1292	@ 0x50c
100040c4:	4908      	ldr	r1, [pc, #32]	@ (100040e8 <usbd_edpt_open+0x78>)
100040c6:	4809      	ldr	r0, [pc, #36]	@ (100040ec <usbd_edpt_open+0x7c>)
100040c8:	f7ff f826 	bl	10003118 <__wrap_printf>
100040cc:	f04f 23e0 	mov.w	r3, #3758153728	@ 0xe000e000
100040d0:	f8d3 3df0 	ldr.w	r3, [r3, #3568]	@ 0xdf0
100040d4:	f013 0f01 	tst.w	r3, #1
100040d8:	d0df      	beq.n	1000409a <usbd_edpt_open+0x2a>
100040da:	be00      	bkpt	0x0000
100040dc:	e7dd      	b.n	1000409a <usbd_edpt_open+0x2a>
100040de:	bf00      	nop
100040e0:	20000f00 	.word	0x20000f00
100040e4:	20001268 	.word	0x20001268
100040e8:	10006b80 	.word	0x10006b80
100040ec:	100067a0 	.word	0x100067a0

100040f0 <usbd_open_edpt_pair>:
100040f0:	e92d 47f0 	stmdb	sp!, {r4, r5, r6, r7, r8, r9, sl, lr}
100040f4:	4680      	mov	r8, r0
100040f6:	460c      	mov	r4, r1
100040f8:	4616      	mov	r6, r2
100040fa:	461f      	mov	r7, r3
100040fc:	f8dd 9020 	ldr.w	r9, [sp, #32]
10004100:	2500      	movs	r5, #0
10004102:	e026      	b.n	10004152 <usbd_open_edpt_pair+0x62>
10004104:	f240 42e7 	movw	r2, #1255	@ 0x4e7
10004108:	491f      	ldr	r1, [pc, #124]	@ (10004188 <usbd_open_edpt_pair+0x98>)
1000410a:	4820      	ldr	r0, [pc, #128]	@ (1000418c <usbd_open_edpt_pair+0x9c>)
1000410c:	f7ff f804 	bl	10003118 <__wrap_printf>
10004110:	f04f 23e0 	mov.w	r3, #3758153728	@ 0xe000e000
10004114:	f8d3 3df0 	ldr.w	r3, [r3, #3568]	@ 0xdf0
10004118:	f013 0f01 	tst.w	r3, #1
1000411c:	d000      	beq.n	10004120 <usbd_open_edpt_pair+0x30>
1000411e:	be00      	bkpt	0x0000
10004120:	f04f 0a00 	mov.w	sl, #0
10004124:	4650      	mov	r0, sl
10004126:	e8bd 87f0 	ldmia.w	sp!, {r4, r5, r6, r7, r8, r9, sl, pc}
1000412a:	f44f 629d 	mov.w	r2, #1256	@ 0x4e8
1000412e:	4916      	ldr	r1, [pc, #88]	@ (10004188 <usbd_open_edpt_pair+0x98>)
10004130:	4816      	ldr	r0, [pc, #88]	@ (1000418c <usbd_open_edpt_pair+0x9c>)
10004132:	f7fe fff1 	bl	10003118 <__wrap_printf>
10004136:	f04f 23e0 	mov.w	r3, #3758153728	@ 0xe000e000
1000413a:	f8d3 3df0 	ldr.w	r3, [r3, #3568]	@ 0xdf0
1000413e:	f013 0f01 	tst.w	r3, #1
10004142:	d0ef      	beq.n	10004124 <usbd_open_edpt_pair+0x34>
10004144:	be00      	bkpt	0x0000
10004146:	e7ed      	b.n	10004124 <usbd_open_edpt_pair+0x34>
10004148:	9a09      	ldr	r2, [sp, #36]	@ 0x24
1000414a:	7013      	strb	r3, [r2, #0]
1000414c:	7823      	ldrb	r3, [r4, #0]
1000414e:	441c      	add	r4, r3
10004150:	3501      	adds	r5, #1
10004152:	42ae      	cmp	r6, r5
10004154:	dd14      	ble.n	10004180 <usbd_open_edpt_pair+0x90>
10004156:	7863      	ldrb	r3, [r4, #1]
10004158:	2b05      	cmp	r3, #5
1000415a:	d1d3      	bne.n	10004104 <usbd_open_edpt_pair+0x14>
1000415c:	78e1      	ldrb	r1, [r4, #3]
1000415e:	f001 0103 	and.w	r1, r1, #3
10004162:	42b9      	cmp	r1, r7
10004164:	d1ce      	bne.n	10004104 <usbd_open_edpt_pair+0x14>
10004166:	4621      	mov	r1, r4
10004168:	4640      	mov	r0, r8
1000416a:	f7ff ff81 	bl	10004070 <usbd_edpt_open>
1000416e:	4682      	mov	sl, r0
10004170:	2800      	cmp	r0, #0
10004172:	d0da      	beq.n	1000412a <usbd_open_edpt_pair+0x3a>
10004174:	78a3      	ldrb	r3, [r4, #2]
10004176:	09da      	lsrs	r2, r3, #7
10004178:	d1e6      	bne.n	10004148 <usbd_open_edpt_pair+0x58>
1000417a:	f889 3000 	strb.w	r3, [r9]
1000417e:	e7e5      	b.n	1000414c <usbd_open_edpt_pair+0x5c>
10004180:	f04f 0a01 	mov.w	sl, #1
10004184:	e7ce      	b.n	10004124 <usbd_open_edpt_pair+0x34>
10004186:	bf00      	nop
10004188:	10006b90 	.word	0x10006b90
1000418c:	100067a0 	.word	0x100067a0

10004190 <usbd_edpt_claim>:
10004190:	b508      	push	{r3, lr}
10004192:	f001 007f 	and.w	r0, r1, #127	@ 0x7f
10004196:	0040      	lsls	r0, r0, #1
10004198:	eb00 10d1 	add.w	r0, r0, r1, lsr #7
1000419c:	3030      	adds	r0, #48	@ 0x30
1000419e:	4b04      	ldr	r3, [pc, #16]	@ (100041b0 <usbd_edpt_claim+0x20>)
100041a0:	4418      	add	r0, r3
100041a2:	4b04      	ldr	r3, [pc, #16]	@ (100041b4 <usbd_edpt_claim+0x24>)
100041a4:	6819      	ldr	r1, [r3, #0]
100041a6:	3004      	adds	r0, #4
100041a8:	f001 f930 	bl	1000540c <tu_edpt_claim>
100041ac:	bd08      	pop	{r3, pc}
100041ae:	bf00      	nop
100041b0:	20001268 	.word	0x20001268
100041b4:	200012bc 	.word	0x200012bc

100041b8 <usbd_edpt_release>:
100041b8:	b508      	push	{r3, lr}
100041ba:	f001 007f 	and.w	r0, r1, #127	@ 0x7f
100041be:	0040      	lsls	r0, r0, #1
100041c0:	eb00 10d1 	add.w	r0, r0, r1, lsr #7
100041c4:	3030      	adds	r0, #48	@ 0x30
100041c6:	4b04      	ldr	r3, [pc, #16]	@ (100041d8 <usbd_edpt_release+0x20>)
100041c8:	4418      	add	r0, r3
100041ca:	4b04      	ldr	r3, [pc, #16]	@ (100041dc <usbd_edpt_release+0x24>)
100041cc:	6819      	ldr	r1, [r3, #0]
100041ce:	3004      	adds	r0, #4
100041d0:	f001 f947 	bl	10005462 <tu_edpt_release>
100041d4:	bd08      	pop	{r3, pc}
100041d6:	bf00      	nop
100041d8:	20001268 	.word	0x20001268
100041dc:	200012bc 	.word	0x200012bc

100041e0 <usbd_edpt_xfer>:
100041e0:	b538      	push	{r3, r4, r5, lr}
100041e2:	4824      	ldr	r0, [pc, #144]	@ (10004274 <usbd_edpt_xfer+0x94>)
100041e4:	7800      	ldrb	r0, [r0, #0]
100041e6:	f001 047f 	and.w	r4, r1, #127	@ 0x7f
100041ea:	f8df c08c 	ldr.w	ip, [pc, #140]	@ 10004278 <usbd_edpt_xfer+0x98>
100041ee:	eb0c 0c44 	add.w	ip, ip, r4, lsl #1
100041f2:	eb0c 1cd1 	add.w	ip, ip, r1, lsr #7
100041f6:	f10c 0c30 	add.w	ip, ip, #48	@ 0x30
100041fa:	f89c c004 	ldrb.w	ip, [ip, #4]
100041fe:	f01c 0f01 	tst.w	ip, #1
10004202:	d127      	bne.n	10004254 <usbd_edpt_xfer+0x74>
10004204:	09cd      	lsrs	r5, r1, #7
10004206:	f8df c070 	ldr.w	ip, [pc, #112]	@ 10004278 <usbd_edpt_xfer+0x98>
1000420a:	eb0c 0c44 	add.w	ip, ip, r4, lsl #1
1000420e:	44ac      	add	ip, r5
10004210:	f89c e034 	ldrb.w	lr, [ip, #52]	@ 0x34
10004214:	f04e 0e01 	orr.w	lr, lr, #1
10004218:	f88c e034 	strb.w	lr, [ip, #52]	@ 0x34
1000421c:	f7ff fc24 	bl	10003a68 <dcd_edpt_xfer>
10004220:	bb38      	cbnz	r0, 10004272 <usbd_edpt_xfer+0x92>
10004222:	4b15      	ldr	r3, [pc, #84]	@ (10004278 <usbd_edpt_xfer+0x98>)
10004224:	eb03 0344 	add.w	r3, r3, r4, lsl #1
10004228:	442b      	add	r3, r5
1000422a:	f893 2034 	ldrb.w	r2, [r3, #52]	@ 0x34
1000422e:	f022 0201 	bic.w	r2, r2, #1
10004232:	f883 2034 	strb.w	r2, [r3, #52]	@ 0x34
10004236:	f893 2034 	ldrb.w	r2, [r3, #52]	@ 0x34
1000423a:	f022 0204 	bic.w	r2, r2, #4
1000423e:	f883 2034 	strb.w	r2, [r3, #52]	@ 0x34
10004242:	f04f 23e0 	mov.w	r3, #3758153728	@ 0xe000e000
10004246:	f8d3 3df0 	ldr.w	r3, [r3, #3568]	@ 0xdf0
1000424a:	f013 0f01 	tst.w	r3, #1
1000424e:	d010      	beq.n	10004272 <usbd_edpt_xfer+0x92>
10004250:	be00      	bkpt	0x0000
10004252:	e00e      	b.n	10004272 <usbd_edpt_xfer+0x92>
10004254:	f240 5239 	movw	r2, #1337	@ 0x539
10004258:	4908      	ldr	r1, [pc, #32]	@ (1000427c <usbd_edpt_xfer+0x9c>)
1000425a:	4809      	ldr	r0, [pc, #36]	@ (10004280 <usbd_edpt_xfer+0xa0>)
1000425c:	f7fe ff5c 	bl	10003118 <__wrap_printf>
10004260:	f04f 23e0 	mov.w	r3, #3758153728	@ 0xe000e000
10004264:	f8d3 3df0 	ldr.w	r3, [r3, #3568]	@ 0xdf0
10004268:	f013 0f01 	tst.w	r3, #1
1000426c:	d000      	beq.n	10004270 <usbd_edpt_xfer+0x90>
1000426e:	be00      	bkpt	0x0000
10004270:	2000      	movs	r0, #0
10004272:	bd38      	pop	{r3, r4, r5, pc}
10004274:	20000f00 	.word	0x20000f00
10004278:	20001268 	.word	0x20001268
1000427c:	10006b70 	.word	0x10006b70
10004280:	100067a0 	.word	0x100067a0

10004284 <usbd_edpt_stall>:
10004284:	b538      	push	{r3, r4, r5, lr}
10004286:	f001 057f 	and.w	r5, r1, #127	@ 0x7f
1000428a:	09cc      	lsrs	r4, r1, #7
1000428c:	4b0a      	ldr	r3, [pc, #40]	@ (100042b8 <usbd_edpt_stall+0x34>)
1000428e:	7818      	ldrb	r0, [r3, #0]
10004290:	f7ff fc00 	bl	10003a94 <dcd_edpt_stall>
10004294:	4b09      	ldr	r3, [pc, #36]	@ (100042bc <usbd_edpt_stall+0x38>)
10004296:	eb03 0345 	add.w	r3, r3, r5, lsl #1
1000429a:	4423      	add	r3, r4
1000429c:	f893 2034 	ldrb.w	r2, [r3, #52]	@ 0x34
100042a0:	f042 0202 	orr.w	r2, r2, #2
100042a4:	f883 2034 	strb.w	r2, [r3, #52]	@ 0x34
100042a8:	f893 2034 	ldrb.w	r2, [r3, #52]	@ 0x34
100042ac:	f042 0201 	orr.w	r2, r2, #1
100042b0:	f883 2034 	strb.w	r2, [r3, #52]	@ 0x34
100042b4:	bd38      	pop	{r3, r4, r5, pc}
100042b6:	bf00      	nop
100042b8:	20000f00 	.word	0x20000f00
100042bc:	20001268 	.word	0x20001268

100042c0 <usbd_edpt_clear_stall>:
100042c0:	b538      	push	{r3, r4, r5, lr}
100042c2:	f001 057f 	and.w	r5, r1, #127	@ 0x7f
100042c6:	09cc      	lsrs	r4, r1, #7
100042c8:	4b0a      	ldr	r3, [pc, #40]	@ (100042f4 <usbd_edpt_clear_stall+0x34>)
100042ca:	7818      	ldrb	r0, [r3, #0]
100042cc:	f7ff fbfe 	bl	10003acc <dcd_edpt_clear_stall>
100042d0:	4b09      	ldr	r3, [pc, #36]	@ (100042f8 <usbd_edpt_clear_stall+0x38>)
100042d2:	eb03 0345 	add.w	r3, r3, r5, lsl #1
100042d6:	4423      	add	r3, r4
100042d8:	f893 2034 	ldrb.w	r2, [r3, #52]	@ 0x34
100042dc:	f022 0202 	bic.w	r2, r2, #2
100042e0:	f883 2034 	strb.w	r2, [r3, #52]	@ 0x34
100042e4:	f893 2034 	ldrb.w	r2, [r3, #52]	@ 0x34
100042e8:	f022 0201 	bic.w	r2, r2, #1
100042ec:	f883 2034 	strb.w	r2, [r3, #52]	@ 0x34
100042f0:	bd38      	pop	{r3, r4, r5, pc}
100042f2:	bf00      	nop
100042f4:	20000f00 	.word	0x20000f00
100042f8:	20001268 	.word	0x20001268

100042fc <usbd_edpt_stalled>:
100042fc:	f001 027f 	and.w	r2, r1, #127	@ 0x7f
10004300:	4b04      	ldr	r3, [pc, #16]	@ (10004314 <usbd_edpt_stalled+0x18>)
10004302:	eb03 0342 	add.w	r3, r3, r2, lsl #1
10004306:	eb03 11d1 	add.w	r1, r3, r1, lsr #7
1000430a:	f891 0034 	ldrb.w	r0, [r1, #52]	@ 0x34
1000430e:	f3c0 0040 	ubfx	r0, r0, #1, #1
10004312:	4770      	bx	lr
10004314:	20001268 	.word	0x20001268

10004318 <process_control_request>:
10004318:	e92d 41f0 	stmdb	sp!, {r4, r5, r6, r7, r8, lr}
1000431c:	b082      	sub	sp, #8
1000431e:	4607      	mov	r7, r0
10004320:	460c      	mov	r4, r1
10004322:	2000      	movs	r0, #0
10004324:	f000 fbf6 	bl	10004b14 <usbd_control_set_complete_callback>
10004328:	7823      	ldrb	r3, [r4, #0]
1000432a:	f003 0360 	and.w	r3, r3, #96	@ 0x60
1000432e:	2b60      	cmp	r3, #96	@ 0x60
10004330:	d032      	beq.n	10004398 <process_control_request+0x80>
10004332:	2b40      	cmp	r3, #64	@ 0x40
10004334:	d044      	beq.n	100043c0 <process_control_request+0xa8>
10004336:	7822      	ldrb	r2, [r4, #0]
10004338:	f002 021f 	and.w	r2, r2, #31
1000433c:	2a01      	cmp	r2, #1
1000433e:	f000 8111 	beq.w	10004564 <process_control_request+0x24c>
10004342:	2a02      	cmp	r2, #2
10004344:	f000 8154 	beq.w	100045f0 <process_control_request+0x2d8>
10004348:	2a00      	cmp	r2, #0
1000434a:	f040 81e1 	bne.w	10004710 <process_control_request+0x3f8>
1000434e:	2b20      	cmp	r3, #32
10004350:	d040      	beq.n	100043d4 <process_control_request+0xbc>
10004352:	2b00      	cmp	r3, #0
10004354:	d160      	bne.n	10004418 <process_control_request+0x100>
10004356:	7863      	ldrb	r3, [r4, #1]
10004358:	2b05      	cmp	r3, #5
1000435a:	d075      	beq.n	10004448 <process_control_request+0x130>
1000435c:	d867      	bhi.n	1000442e <process_control_request+0x116>
1000435e:	2b01      	cmp	r3, #1
10004360:	f000 80e2 	beq.w	10004528 <process_control_request+0x210>
10004364:	2b03      	cmp	r3, #3
10004366:	f000 80cd 	beq.w	10004504 <process_control_request+0x1ec>
1000436a:	2b00      	cmp	r3, #0
1000436c:	f040 80ee 	bne.w	1000454c <process_control_request+0x234>
10004370:	4bb0      	ldr	r3, [pc, #704]	@ (10004634 <process_control_request+0x31c>)
10004372:	781a      	ldrb	r2, [r3, #0]
10004374:	0893      	lsrs	r3, r2, #2
10004376:	f003 0302 	and.w	r3, r3, #2
1000437a:	f3c2 1240 	ubfx	r2, r2, #5, #1
1000437e:	4313      	orrs	r3, r2
10004380:	f8ad 3006 	strh.w	r3, [sp, #6]
10004384:	2302      	movs	r3, #2
10004386:	f10d 0206 	add.w	r2, sp, #6
1000438a:	4621      	mov	r1, r4
1000438c:	4638      	mov	r0, r7
1000438e:	f000 fb5f 	bl	10004a50 <tud_control_xfer>
10004392:	2301      	movs	r3, #1
10004394:	461d      	mov	r5, r3
10004396:	e00f      	b.n	100043b8 <process_control_request+0xa0>
10004398:	f44f 7235 	mov.w	r2, #724	@ 0x2d4
1000439c:	49a6      	ldr	r1, [pc, #664]	@ (10004638 <process_control_request+0x320>)
1000439e:	48a7      	ldr	r0, [pc, #668]	@ (1000463c <process_control_request+0x324>)
100043a0:	f7fe feba 	bl	10003118 <__wrap_printf>
100043a4:	f04f 23e0 	mov.w	r3, #3758153728	@ 0xe000e000
100043a8:	f8d3 3df0 	ldr.w	r3, [r3, #3568]	@ 0xdf0
100043ac:	f013 0f01 	tst.w	r3, #1
100043b0:	d000      	beq.n	100043b4 <process_control_request+0x9c>
100043b2:	be00      	bkpt	0x0000
100043b4:	2300      	movs	r3, #0
100043b6:	461d      	mov	r5, r3
100043b8:	4628      	mov	r0, r5
100043ba:	b002      	add	sp, #8
100043bc:	e8bd 81f0 	ldmia.w	sp!, {r4, r5, r6, r7, r8, pc}
100043c0:	489f      	ldr	r0, [pc, #636]	@ (10004640 <process_control_request+0x328>)
100043c2:	f000 fba7 	bl	10004b14 <usbd_control_set_complete_callback>
100043c6:	4622      	mov	r2, r4
100043c8:	2101      	movs	r1, #1
100043ca:	4638      	mov	r0, r7
100043cc:	f7ff f9ba 	bl	10003744 <tud_vendor_control_xfer_cb>
100043d0:	4605      	mov	r5, r0
100043d2:	e7f1      	b.n	100043b8 <process_control_request+0xa0>
100043d4:	88a3      	ldrh	r3, [r4, #4]
100043d6:	b2da      	uxtb	r2, r3
100043d8:	2a0f      	cmp	r2, #15
100043da:	f200 81a4 	bhi.w	10004726 <process_control_request+0x40e>
100043de:	4a95      	ldr	r2, [pc, #596]	@ (10004634 <process_control_request+0x31c>)
100043e0:	fa52 f383 	uxtab	r3, r2, r3
100043e4:	791b      	ldrb	r3, [r3, #4]
100043e6:	4a97      	ldr	r2, [pc, #604]	@ (10004644 <process_control_request+0x32c>)
100043e8:	7812      	ldrb	r2, [r2, #0]
100043ea:	4293      	cmp	r3, r2
100043ec:	d207      	bcs.n	100043fe <process_control_request+0xe6>
100043ee:	4a96      	ldr	r2, [pc, #600]	@ (10004648 <process_control_request+0x330>)
100043f0:	6811      	ldr	r1, [r2, #0]
100043f2:	eb11 1143 	adds.w	r1, r1, r3, lsl #5
100043f6:	d109      	bne.n	1000440c <process_control_request+0xf4>
100043f8:	2300      	movs	r3, #0
100043fa:	461d      	mov	r5, r3
100043fc:	e7dc      	b.n	100043b8 <process_control_request+0xa0>
100043fe:	4293      	cmp	r3, r2
10004400:	f200 8194 	bhi.w	1000472c <process_control_request+0x414>
10004404:	1a9b      	subs	r3, r3, r2
10004406:	4991      	ldr	r1, [pc, #580]	@ (1000464c <process_control_request+0x334>)
10004408:	eb01 1143 	add.w	r1, r1, r3, lsl #5
1000440c:	4622      	mov	r2, r4
1000440e:	4638      	mov	r0, r7
10004410:	f7ff fc12 	bl	10003c38 <invoke_class_control>
10004414:	4605      	mov	r5, r0
10004416:	e7cf      	b.n	100043b8 <process_control_request+0xa0>
10004418:	f04f 23e0 	mov.w	r3, #3758153728	@ 0xe000e000
1000441c:	f8d3 3df0 	ldr.w	r3, [r3, #3568]	@ 0xdf0
10004420:	f013 0f01 	tst.w	r3, #1
10004424:	d000      	beq.n	10004428 <process_control_request+0x110>
10004426:	be00      	bkpt	0x0000
10004428:	2300      	movs	r3, #0
1000442a:	461d      	mov	r5, r3
1000442c:	e7c4      	b.n	100043b8 <process_control_request+0xa0>
1000442e:	2b08      	cmp	r3, #8
10004430:	d01a      	beq.n	10004468 <process_control_request+0x150>
10004432:	2b09      	cmp	r3, #9
10004434:	d026      	beq.n	10004484 <process_control_request+0x16c>
10004436:	2b06      	cmp	r3, #6
10004438:	f040 8088 	bne.w	1000454c <process_control_request+0x234>
1000443c:	4621      	mov	r1, r4
1000443e:	4638      	mov	r0, r7
10004440:	f7ff fcee 	bl	10003e20 <process_get_descriptor>
10004444:	4605      	mov	r5, r0
10004446:	e7b7      	b.n	100043b8 <process_control_request+0xa0>
10004448:	4620      	mov	r0, r4
1000444a:	f000 fb69 	bl	10004b20 <usbd_control_set_request>
1000444e:	8861      	ldrh	r1, [r4, #2]
10004450:	b2c9      	uxtb	r1, r1
10004452:	4638      	mov	r0, r7
10004454:	f7ff fa72 	bl	1000393c <dcd_set_address>
10004458:	4a76      	ldr	r2, [pc, #472]	@ (10004634 <process_control_request+0x31c>)
1000445a:	7813      	ldrb	r3, [r2, #0]
1000445c:	f043 0302 	orr.w	r3, r3, #2
10004460:	7013      	strb	r3, [r2, #0]
10004462:	2301      	movs	r3, #1
10004464:	461d      	mov	r5, r3
10004466:	e7a7      	b.n	100043b8 <process_control_request+0xa0>
10004468:	4b72      	ldr	r3, [pc, #456]	@ (10004634 <process_control_request+0x31c>)
1000446a:	785b      	ldrb	r3, [r3, #1]
1000446c:	f88d 3006 	strb.w	r3, [sp, #6]
10004470:	2301      	movs	r3, #1
10004472:	f10d 0206 	add.w	r2, sp, #6
10004476:	4621      	mov	r1, r4
10004478:	4638      	mov	r0, r7
1000447a:	f000 fae9 	bl	10004a50 <tud_control_xfer>
1000447e:	2301      	movs	r3, #1
10004480:	461d      	mov	r5, r3
10004482:	e799      	b.n	100043b8 <process_control_request+0xa0>
10004484:	8863      	ldrh	r3, [r4, #2]
10004486:	b2da      	uxtb	r2, r3
10004488:	4690      	mov	r8, r2
1000448a:	4b6a      	ldr	r3, [pc, #424]	@ (10004634 <process_control_request+0x31c>)
1000448c:	785b      	ldrb	r3, [r3, #1]
1000448e:	4293      	cmp	r3, r2
10004490:	d031      	beq.n	100044f6 <process_control_request+0x1de>
10004492:	4b68      	ldr	r3, [pc, #416]	@ (10004634 <process_control_request+0x31c>)
10004494:	785b      	ldrb	r3, [r3, #1]
10004496:	b963      	cbnz	r3, 100044b2 <process_control_request+0x19a>
10004498:	4b66      	ldr	r3, [pc, #408]	@ (10004634 <process_control_request+0x31c>)
1000449a:	4641      	mov	r1, r8
1000449c:	f883 8001 	strb.w	r8, [r3, #1]
100044a0:	b339      	cbz	r1, 100044f2 <process_control_request+0x1da>
100044a2:	4638      	mov	r0, r7
100044a4:	f7ff fbd6 	bl	10003c54 <process_set_config>
100044a8:	4605      	mov	r5, r0
100044aa:	b180      	cbz	r0, 100044ce <process_control_request+0x1b6>
100044ac:	f7ff fd30 	bl	10003f10 <tud_mount_cb>
100044b0:	e021      	b.n	100044f6 <process_control_request+0x1de>
100044b2:	2100      	movs	r1, #0
100044b4:	4638      	mov	r0, r7
100044b6:	f7ff faa1 	bl	100039fc <dcd_sof_enable>
100044ba:	4638      	mov	r0, r7
100044bc:	f7ff facf 	bl	10003a5e <dcd_edpt_close_all>
100044c0:	4d5c      	ldr	r5, [pc, #368]	@ (10004634 <process_control_request+0x31c>)
100044c2:	78ae      	ldrb	r6, [r5, #2]
100044c4:	4638      	mov	r0, r7
100044c6:	f7ff fb6b 	bl	10003ba0 <configuration_reset>
100044ca:	70ae      	strb	r6, [r5, #2]
100044cc:	e7e4      	b.n	10004498 <process_control_request+0x180>
100044ce:	f44f 7249 	mov.w	r2, #804	@ 0x324
100044d2:	4959      	ldr	r1, [pc, #356]	@ (10004638 <process_control_request+0x320>)
100044d4:	4859      	ldr	r0, [pc, #356]	@ (1000463c <process_control_request+0x324>)
100044d6:	f7fe fe1f 	bl	10003118 <__wrap_printf>
100044da:	f04f 23e0 	mov.w	r3, #3758153728	@ 0xe000e000
100044de:	f8d3 3df0 	ldr.w	r3, [r3, #3568]	@ 0xdf0
100044e2:	f013 0f01 	tst.w	r3, #1
100044e6:	d000      	beq.n	100044ea <process_control_request+0x1d2>
100044e8:	be00      	bkpt	0x0000
100044ea:	4b52      	ldr	r3, [pc, #328]	@ (10004634 <process_control_request+0x31c>)
100044ec:	2200      	movs	r2, #0
100044ee:	705a      	strb	r2, [r3, #1]
100044f0:	e762      	b.n	100043b8 <process_control_request+0xa0>
100044f2:	f7ff fd0e 	bl	10003f12 <tud_umount_cb>
100044f6:	4621      	mov	r1, r4
100044f8:	4638      	mov	r0, r7
100044fa:	f000 fa95 	bl	10004a28 <tud_control_status>
100044fe:	2301      	movs	r3, #1
10004500:	461d      	mov	r5, r3
10004502:	e759      	b.n	100043b8 <process_control_request+0xa0>
10004504:	8863      	ldrh	r3, [r4, #2]
10004506:	2b01      	cmp	r3, #1
10004508:	d002      	beq.n	10004510 <process_control_request+0x1f8>
1000450a:	2300      	movs	r3, #0
1000450c:	461d      	mov	r5, r3
1000450e:	e753      	b.n	100043b8 <process_control_request+0xa0>
10004510:	4a48      	ldr	r2, [pc, #288]	@ (10004634 <process_control_request+0x31c>)
10004512:	7813      	ldrb	r3, [r2, #0]
10004514:	f043 0308 	orr.w	r3, r3, #8
10004518:	7013      	strb	r3, [r2, #0]
1000451a:	4621      	mov	r1, r4
1000451c:	4638      	mov	r0, r7
1000451e:	f000 fa83 	bl	10004a28 <tud_control_status>
10004522:	2301      	movs	r3, #1
10004524:	461d      	mov	r5, r3
10004526:	e747      	b.n	100043b8 <process_control_request+0xa0>
10004528:	8863      	ldrh	r3, [r4, #2]
1000452a:	2b01      	cmp	r3, #1
1000452c:	d002      	beq.n	10004534 <process_control_request+0x21c>
1000452e:	2300      	movs	r3, #0
10004530:	461d      	mov	r5, r3
10004532:	e741      	b.n	100043b8 <process_control_request+0xa0>
10004534:	4a3f      	ldr	r2, [pc, #252]	@ (10004634 <process_control_request+0x31c>)
10004536:	7813      	ldrb	r3, [r2, #0]
10004538:	f023 0308 	bic.w	r3, r3, #8
1000453c:	7013      	strb	r3, [r2, #0]
1000453e:	4621      	mov	r1, r4
10004540:	4638      	mov	r0, r7
10004542:	f000 fa71 	bl	10004a28 <tud_control_status>
10004546:	2301      	movs	r3, #1
10004548:	461d      	mov	r5, r3
1000454a:	e735      	b.n	100043b8 <process_control_request+0xa0>
1000454c:	f04f 23e0 	mov.w	r3, #3758153728	@ 0xe000e000
10004550:	f8d3 3df0 	ldr.w	r3, [r3, #3568]	@ 0xdf0
10004554:	f013 0f01 	tst.w	r3, #1
10004558:	f000 80eb 	beq.w	10004732 <process_control_request+0x41a>
1000455c:	be00      	bkpt	0x0000
1000455e:	2300      	movs	r3, #0
10004560:	461d      	mov	r5, r3
10004562:	e729      	b.n	100043b8 <process_control_request+0xa0>
10004564:	88a3      	ldrh	r3, [r4, #4]
10004566:	b2da      	uxtb	r2, r3
10004568:	2a0f      	cmp	r2, #15
1000456a:	f200 80e5 	bhi.w	10004738 <process_control_request+0x420>
1000456e:	4a31      	ldr	r2, [pc, #196]	@ (10004634 <process_control_request+0x31c>)
10004570:	fa52 f383 	uxtab	r3, r2, r3
10004574:	791b      	ldrb	r3, [r3, #4]
10004576:	4a33      	ldr	r2, [pc, #204]	@ (10004644 <process_control_request+0x32c>)
10004578:	7812      	ldrb	r2, [r2, #0]
1000457a:	4293      	cmp	r3, r2
1000457c:	d223      	bcs.n	100045c6 <process_control_request+0x2ae>
1000457e:	4a32      	ldr	r2, [pc, #200]	@ (10004648 <process_control_request+0x330>)
10004580:	6811      	ldr	r1, [r2, #0]
10004582:	eb11 1143 	adds.w	r1, r1, r3, lsl #5
10004586:	f000 80da 	beq.w	1000473e <process_control_request+0x426>
1000458a:	4622      	mov	r2, r4
1000458c:	4638      	mov	r0, r7
1000458e:	f7ff fb53 	bl	10003c38 <invoke_class_control>
10004592:	4605      	mov	r5, r0
10004594:	2800      	cmp	r0, #0
10004596:	f47f af0f 	bne.w	100043b8 <process_control_request+0xa0>
1000459a:	7823      	ldrb	r3, [r4, #0]
1000459c:	f013 0f60 	tst.w	r3, #96	@ 0x60
100045a0:	f47f af0a 	bne.w	100043b8 <process_control_request+0xa0>
100045a4:	7863      	ldrb	r3, [r4, #1]
100045a6:	3b0a      	subs	r3, #10
100045a8:	2b01      	cmp	r3, #1
100045aa:	f63f af05 	bhi.w	100043b8 <process_control_request+0xa0>
100045ae:	f000 fab1 	bl	10004b14 <usbd_control_set_complete_callback>
100045b2:	7863      	ldrb	r3, [r4, #1]
100045b4:	2b0a      	cmp	r3, #10
100045b6:	d00e      	beq.n	100045d6 <process_control_request+0x2be>
100045b8:	4621      	mov	r1, r4
100045ba:	4638      	mov	r0, r7
100045bc:	f000 fa34 	bl	10004a28 <tud_control_status>
100045c0:	2301      	movs	r3, #1
100045c2:	461d      	mov	r5, r3
100045c4:	e6f8      	b.n	100043b8 <process_control_request+0xa0>
100045c6:	4293      	cmp	r3, r2
100045c8:	f200 80bc 	bhi.w	10004744 <process_control_request+0x42c>
100045cc:	1a9b      	subs	r3, r3, r2
100045ce:	491f      	ldr	r1, [pc, #124]	@ (1000464c <process_control_request+0x334>)
100045d0:	eb01 1143 	add.w	r1, r1, r3, lsl #5
100045d4:	e7d9      	b.n	1000458a <process_control_request+0x272>
100045d6:	2300      	movs	r3, #0
100045d8:	f88d 3006 	strb.w	r3, [sp, #6]
100045dc:	2301      	movs	r3, #1
100045de:	f10d 0206 	add.w	r2, sp, #6
100045e2:	4621      	mov	r1, r4
100045e4:	4638      	mov	r0, r7
100045e6:	f000 fa33 	bl	10004a50 <tud_control_xfer>
100045ea:	2301      	movs	r3, #1
100045ec:	461d      	mov	r5, r3
100045ee:	e6e3      	b.n	100043b8 <process_control_request+0xa0>
100045f0:	88a2      	ldrh	r2, [r4, #4]
100045f2:	b2d1      	uxtb	r1, r2
100045f4:	f002 0c7f 	and.w	ip, r2, #127	@ 0x7f
100045f8:	f3c2 10c0 	ubfx	r0, r2, #7, #1
100045fc:	f012 0f70 	tst.w	r2, #112	@ 0x70
10004600:	d126      	bne.n	10004650 <process_control_request+0x338>
10004602:	4a0c      	ldr	r2, [pc, #48]	@ (10004634 <process_control_request+0x31c>)
10004604:	eb02 024c 	add.w	r2, r2, ip, lsl #1
10004608:	4402      	add	r2, r0
1000460a:	7d12      	ldrb	r2, [r2, #20]
1000460c:	480d      	ldr	r0, [pc, #52]	@ (10004644 <process_control_request+0x32c>)
1000460e:	7800      	ldrb	r0, [r0, #0]
10004610:	4282      	cmp	r2, r0
10004612:	d22e      	bcs.n	10004672 <process_control_request+0x35a>
10004614:	480c      	ldr	r0, [pc, #48]	@ (10004648 <process_control_request+0x330>)
10004616:	6800      	ldr	r0, [r0, #0]
10004618:	eb00 1242 	add.w	r2, r0, r2, lsl #5
1000461c:	4615      	mov	r5, r2
1000461e:	b39b      	cbz	r3, 10004688 <process_control_request+0x370>
10004620:	4629      	mov	r1, r5
10004622:	2d00      	cmp	r5, #0
10004624:	f43f aec8 	beq.w	100043b8 <process_control_request+0xa0>
10004628:	4622      	mov	r2, r4
1000462a:	4638      	mov	r0, r7
1000462c:	f7ff fb04 	bl	10003c38 <invoke_class_control>
10004630:	4605      	mov	r5, r0
10004632:	e6c1      	b.n	100043b8 <process_control_request+0xa0>
10004634:	20001268 	.word	0x20001268
10004638:	10006bdc 	.word	0x10006bdc
1000463c:	100067a0 	.word	0x100067a0
10004640:	10003745 	.word	0x10003745
10004644:	20001841 	.word	0x20001841
10004648:	20001098 	.word	0x20001098
1000464c:	10006c28 	.word	0x10006c28
10004650:	f240 3295 	movw	r2, #917	@ 0x395
10004654:	4940      	ldr	r1, [pc, #256]	@ (10004758 <process_control_request+0x440>)
10004656:	4841      	ldr	r0, [pc, #260]	@ (1000475c <process_control_request+0x444>)
10004658:	f7fe fd5e 	bl	10003118 <__wrap_printf>
1000465c:	f04f 23e0 	mov.w	r3, #3758153728	@ 0xe000e000
10004660:	f8d3 3df0 	ldr.w	r3, [r3, #3568]	@ 0xdf0
10004664:	f013 0f01 	tst.w	r3, #1
10004668:	d000      	beq.n	1000466c <process_control_request+0x354>
1000466a:	be00      	bkpt	0x0000
1000466c:	2300      	movs	r3, #0
1000466e:	461d      	mov	r5, r3
10004670:	e6a2      	b.n	100043b8 <process_control_request+0xa0>
10004672:	4282      	cmp	r2, r0
10004674:	d805      	bhi.n	10004682 <process_control_request+0x36a>
10004676:	1a12      	subs	r2, r2, r0
10004678:	4839      	ldr	r0, [pc, #228]	@ (10004760 <process_control_request+0x448>)
1000467a:	eb00 1242 	add.w	r2, r0, r2, lsl #5
1000467e:	4615      	mov	r5, r2
10004680:	e7cd      	b.n	1000461e <process_control_request+0x306>
10004682:	2200      	movs	r2, #0
10004684:	4615      	mov	r5, r2
10004686:	e7ca      	b.n	1000461e <process_control_request+0x306>
10004688:	7863      	ldrb	r3, [r4, #1]
1000468a:	2b01      	cmp	r3, #1
1000468c:	d011      	beq.n	100046b2 <process_control_request+0x39a>
1000468e:	2b03      	cmp	r3, #3
10004690:	d00f      	beq.n	100046b2 <process_control_request+0x39a>
10004692:	bb93      	cbnz	r3, 100046fa <process_control_request+0x3e2>
10004694:	4638      	mov	r0, r7
10004696:	f7ff fe31 	bl	100042fc <usbd_edpt_stalled>
1000469a:	f8ad 0006 	strh.w	r0, [sp, #6]
1000469e:	2302      	movs	r3, #2
100046a0:	f10d 0206 	add.w	r2, sp, #6
100046a4:	4621      	mov	r1, r4
100046a6:	4638      	mov	r0, r7
100046a8:	f000 f9d2 	bl	10004a50 <tud_control_xfer>
100046ac:	2301      	movs	r3, #1
100046ae:	461d      	mov	r5, r3
100046b0:	e682      	b.n	100043b8 <process_control_request+0xa0>
100046b2:	8862      	ldrh	r2, [r4, #2]
100046b4:	b922      	cbnz	r2, 100046c0 <process_control_request+0x3a8>
100046b6:	2b01      	cmp	r3, #1
100046b8:	d01b      	beq.n	100046f2 <process_control_request+0x3da>
100046ba:	4638      	mov	r0, r7
100046bc:	f7ff fde2 	bl	10004284 <usbd_edpt_stall>
100046c0:	2d00      	cmp	r5, #0
100046c2:	d042      	beq.n	1000474a <process_control_request+0x432>
100046c4:	4622      	mov	r2, r4
100046c6:	4629      	mov	r1, r5
100046c8:	4638      	mov	r0, r7
100046ca:	f7ff fab5 	bl	10003c38 <invoke_class_control>
100046ce:	2000      	movs	r0, #0
100046d0:	f000 fa20 	bl	10004b14 <usbd_control_set_complete_callback>
100046d4:	4b23      	ldr	r3, [pc, #140]	@ (10004764 <process_control_request+0x44c>)
100046d6:	f893 3035 	ldrb.w	r3, [r3, #53]	@ 0x35
100046da:	f013 0301 	ands.w	r3, r3, #1
100046de:	461d      	mov	r5, r3
100046e0:	f47f ae6a 	bne.w	100043b8 <process_control_request+0xa0>
100046e4:	4621      	mov	r1, r4
100046e6:	4638      	mov	r0, r7
100046e8:	f000 f99e 	bl	10004a28 <tud_control_status>
100046ec:	2301      	movs	r3, #1
100046ee:	461d      	mov	r5, r3
100046f0:	e662      	b.n	100043b8 <process_control_request+0xa0>
100046f2:	4638      	mov	r0, r7
100046f4:	f7ff fde4 	bl	100042c0 <usbd_edpt_clear_stall>
100046f8:	e7e2      	b.n	100046c0 <process_control_request+0x3a8>
100046fa:	f04f 23e0 	mov.w	r3, #3758153728	@ 0xe000e000
100046fe:	f8d3 3df0 	ldr.w	r3, [r3, #3568]	@ 0xdf0
10004702:	f013 0f01 	tst.w	r3, #1
10004706:	d000      	beq.n	1000470a <process_control_request+0x3f2>
10004708:	be00      	bkpt	0x0000
1000470a:	2300      	movs	r3, #0
1000470c:	461d      	mov	r5, r3
1000470e:	e653      	b.n	100043b8 <process_control_request+0xa0>
10004710:	f04f 23e0 	mov.w	r3, #3758153728	@ 0xe000e000
10004714:	f8d3 3df0 	ldr.w	r3, [r3, #3568]	@ 0xdf0
10004718:	f013 0f01 	tst.w	r3, #1
1000471c:	d018      	beq.n	10004750 <process_control_request+0x438>
1000471e:	be00      	bkpt	0x0000
10004720:	2300      	movs	r3, #0
10004722:	461d      	mov	r5, r3
10004724:	e648      	b.n	100043b8 <process_control_request+0xa0>
10004726:	2300      	movs	r3, #0
10004728:	461d      	mov	r5, r3
1000472a:	e645      	b.n	100043b8 <process_control_request+0xa0>
1000472c:	2300      	movs	r3, #0
1000472e:	461d      	mov	r5, r3
10004730:	e642      	b.n	100043b8 <process_control_request+0xa0>
10004732:	2300      	movs	r3, #0
10004734:	461d      	mov	r5, r3
10004736:	e63f      	b.n	100043b8 <process_control_request+0xa0>
10004738:	2300      	movs	r3, #0
1000473a:	461d      	mov	r5, r3
1000473c:	e63c      	b.n	100043b8 <process_control_request+0xa0>
1000473e:	2300      	movs	r3, #0
10004740:	461d      	mov	r5, r3
10004742:	e639      	b.n	100043b8 <process_control_request+0xa0>
10004744:	2300      	movs	r3, #0
10004746:	461d      	mov	r5, r3
10004748:	e636      	b.n	100043b8 <process_control_request+0xa0>
1000474a:	2301      	movs	r3, #1
1000474c:	461d      	mov	r5, r3
1000474e:	e633      	b.n	100043b8 <process_control_request+0xa0>
10004750:	2300      	movs	r3, #0
10004752:	461d      	mov	r5, r3
10004754:	e630      	b.n	100043b8 <process_control_request+0xa0>
10004756:	bf00      	nop
10004758:	10006bdc 	.word	0x10006bdc
1000475c:	100067a0 	.word	0x100067a0
10004760:	10006c28 	.word	0x10006c28
10004764:	20001268 	.word	0x20001268

10004768 <tud_task_ext>:
10004768:	b510      	push	{r4, lr}
1000476a:	b084      	sub	sp, #16
1000476c:	f7ff fbe4 	bl	10003f38 <tud_inited>
10004770:	2800      	cmp	r0, #0
10004772:	d15a      	bne.n	1000482a <tud_task_ext+0xc2>
10004774:	b004      	add	sp, #16
10004776:	bd10      	pop	{r4, pc}
10004778:	2b04      	cmp	r3, #4
1000477a:	f040 80ff 	bne.w	1000497c <tud_task_ext+0x214>
1000477e:	4b84      	ldr	r3, [pc, #528]	@ (10004990 <tud_task_ext+0x228>)
10004780:	781b      	ldrb	r3, [r3, #0]
10004782:	f013 0f01 	tst.w	r3, #1
10004786:	d050      	beq.n	1000482a <tud_task_ext+0xc2>
10004788:	4b81      	ldr	r3, [pc, #516]	@ (10004990 <tud_task_ext+0x228>)
1000478a:	7818      	ldrb	r0, [r3, #0]
1000478c:	f3c0 00c0 	ubfx	r0, r0, #3, #1
10004790:	f7ff fbc0 	bl	10003f14 <tud_suspend_cb>
10004794:	e049      	b.n	1000482a <tud_task_ext+0xc2>
10004796:	2b07      	cmp	r3, #7
10004798:	f000 808a 	beq.w	100048b0 <tud_task_ext+0x148>
1000479c:	2b08      	cmp	r3, #8
1000479e:	f000 80dc 	beq.w	1000495a <tud_task_ext+0x1f2>
100047a2:	2b06      	cmp	r3, #6
100047a4:	f040 80ea 	bne.w	1000497c <tud_task_ext+0x214>
100047a8:	4b7a      	ldr	r3, [pc, #488]	@ (10004994 <tud_task_ext+0x22c>)
100047aa:	781b      	ldrb	r3, [r3, #0]
100047ac:	2b00      	cmp	r3, #0
100047ae:	d06f      	beq.n	10004890 <tud_task_ext+0x128>
100047b0:	4a78      	ldr	r2, [pc, #480]	@ (10004994 <tud_task_ext+0x22c>)
100047b2:	7813      	ldrb	r3, [r2, #0]
100047b4:	3b01      	subs	r3, #1
100047b6:	b2db      	uxtb	r3, r3
100047b8:	7013      	strb	r3, [r2, #0]
100047ba:	7813      	ldrb	r3, [r2, #0]
100047bc:	bbab      	cbnz	r3, 1000482a <tud_task_ext+0xc2>
100047be:	4b74      	ldr	r3, [pc, #464]	@ (10004990 <tud_task_ext+0x228>)
100047c0:	781a      	ldrb	r2, [r3, #0]
100047c2:	f042 0201 	orr.w	r2, r2, #1
100047c6:	701a      	strb	r2, [r3, #0]
100047c8:	f893 2034 	ldrb.w	r2, [r3, #52]	@ 0x34
100047cc:	f022 0201 	bic.w	r2, r2, #1
100047d0:	f883 2034 	strb.w	r2, [r3, #52]	@ 0x34
100047d4:	f893 2034 	ldrb.w	r2, [r3, #52]	@ 0x34
100047d8:	f022 0204 	bic.w	r2, r2, #4
100047dc:	f883 2034 	strb.w	r2, [r3, #52]	@ 0x34
100047e0:	f893 2035 	ldrb.w	r2, [r3, #53]	@ 0x35
100047e4:	f022 0201 	bic.w	r2, r2, #1
100047e8:	f883 2035 	strb.w	r2, [r3, #53]	@ 0x35
100047ec:	f893 2035 	ldrb.w	r2, [r3, #53]	@ 0x35
100047f0:	f022 0204 	bic.w	r2, r2, #4
100047f4:	f883 2035 	strb.w	r2, [r3, #53]	@ 0x35
100047f8:	a902      	add	r1, sp, #8
100047fa:	f89d 0004 	ldrb.w	r0, [sp, #4]
100047fe:	f7ff fd8b 	bl	10004318 <process_control_request>
10004802:	b990      	cbnz	r0, 1000482a <tud_task_ext+0xc2>
10004804:	4601      	mov	r1, r0
10004806:	f89d 0004 	ldrb.w	r0, [sp, #4]
1000480a:	f7ff f943 	bl	10003a94 <dcd_edpt_stall>
1000480e:	2180      	movs	r1, #128	@ 0x80
10004810:	f89d 0004 	ldrb.w	r0, [sp, #4]
10004814:	f7ff f93e 	bl	10003a94 <dcd_edpt_stall>
10004818:	e007      	b.n	1000482a <tud_task_ext+0xc2>
1000481a:	f89d 0004 	ldrb.w	r0, [sp, #4]
1000481e:	f7ff fa05 	bl	10003c2c <usbd_reset>
10004822:	f89d 2008 	ldrb.w	r2, [sp, #8]
10004826:	4b5a      	ldr	r3, [pc, #360]	@ (10004990 <tud_task_ext+0x228>)
10004828:	709a      	strb	r2, [r3, #2]
1000482a:	4b5b      	ldr	r3, [pc, #364]	@ (10004998 <tud_task_ext+0x230>)
1000482c:	681c      	ldr	r4, [r3, #0]
1000482e:	6963      	ldr	r3, [r4, #20]
10004830:	f3ef 8210 	mrs	r2, PRIMASK
10004834:	b672      	cpsid	i
10004836:	e8d3 0fcf 	ldaexb	r0, [r3]
1000483a:	2101      	movs	r1, #1
1000483c:	2800      	cmp	r0, #0
1000483e:	d1fa      	bne.n	10004836 <tud_task_ext+0xce>
10004840:	e8c3 1f40 	strexb	r0, r1, [r3]
10004844:	2800      	cmp	r0, #0
10004846:	d1f6      	bne.n	10004836 <tud_task_ext+0xce>
10004848:	f3bf 8f5f 	dmb	sy
1000484c:	61a2      	str	r2, [r4, #24]
1000484e:	a901      	add	r1, sp, #4
10004850:	4620      	mov	r0, r4
10004852:	f001 f8b6 	bl	100059c2 <tu_fifo_read>
10004856:	6961      	ldr	r1, [r4, #20]
10004858:	69a3      	ldr	r3, [r4, #24]
1000485a:	2200      	movs	r2, #0
1000485c:	e8c1 2f8f 	stlb	r2, [r1]
10004860:	f383 8810 	msr	PRIMASK, r3
10004864:	2800      	cmp	r0, #0
10004866:	d085      	beq.n	10004774 <tud_task_ext+0xc>
10004868:	f89d 3005 	ldrb.w	r3, [sp, #5]
1000486c:	2b05      	cmp	r3, #5
1000486e:	d06b      	beq.n	10004948 <tud_task_ext+0x1e0>
10004870:	d891      	bhi.n	10004796 <tud_task_ext+0x2e>
10004872:	2b03      	cmp	r3, #3
10004874:	d078      	beq.n	10004968 <tud_task_ext+0x200>
10004876:	f63f af7f 	bhi.w	10004778 <tud_task_ext+0x10>
1000487a:	2b01      	cmp	r3, #1
1000487c:	d0cd      	beq.n	1000481a <tud_task_ext+0xb2>
1000487e:	2b02      	cmp	r3, #2
10004880:	d17c      	bne.n	1000497c <tud_task_ext+0x214>
10004882:	f89d 0004 	ldrb.w	r0, [sp, #4]
10004886:	f7ff f9d1 	bl	10003c2c <usbd_reset>
1000488a:	f7ff fb42 	bl	10003f12 <tud_umount_cb>
1000488e:	e7cc      	b.n	1000482a <tud_task_ext+0xc2>
10004890:	f240 2265 	movw	r2, #613	@ 0x265
10004894:	4941      	ldr	r1, [pc, #260]	@ (1000499c <tud_task_ext+0x234>)
10004896:	4842      	ldr	r0, [pc, #264]	@ (100049a0 <tud_task_ext+0x238>)
10004898:	f7fe fc3e 	bl	10003118 <__wrap_printf>
1000489c:	f04f 23e0 	mov.w	r3, #3758153728	@ 0xe000e000
100048a0:	f8d3 3df0 	ldr.w	r3, [r3, #3568]	@ 0xdf0
100048a4:	f013 0f01 	tst.w	r3, #1
100048a8:	f43f af64 	beq.w	10004774 <tud_task_ext+0xc>
100048ac:	be00      	bkpt	0x0000
100048ae:	e761      	b.n	10004774 <tud_task_ext+0xc>
100048b0:	f89d 1008 	ldrb.w	r1, [sp, #8]
100048b4:	f001 007f 	and.w	r0, r1, #127	@ 0x7f
100048b8:	09cc      	lsrs	r4, r1, #7
100048ba:	4b35      	ldr	r3, [pc, #212]	@ (10004990 <tud_task_ext+0x228>)
100048bc:	eb03 0340 	add.w	r3, r3, r0, lsl #1
100048c0:	eb03 13d1 	add.w	r3, r3, r1, lsr #7
100048c4:	f893 2034 	ldrb.w	r2, [r3, #52]	@ 0x34
100048c8:	f022 0201 	bic.w	r2, r2, #1
100048cc:	f883 2034 	strb.w	r2, [r3, #52]	@ 0x34
100048d0:	f893 2034 	ldrb.w	r2, [r3, #52]	@ 0x34
100048d4:	f022 0204 	bic.w	r2, r2, #4
100048d8:	f883 2034 	strb.w	r2, [r3, #52]	@ 0x34
100048dc:	b1a8      	cbz	r0, 1000490a <tud_task_ext+0x1a2>
100048de:	4b2c      	ldr	r3, [pc, #176]	@ (10004990 <tud_task_ext+0x228>)
100048e0:	eb03 0340 	add.w	r3, r3, r0, lsl #1
100048e4:	4423      	add	r3, r4
100048e6:	7d1b      	ldrb	r3, [r3, #20]
100048e8:	4a2e      	ldr	r2, [pc, #184]	@ (100049a4 <tud_task_ext+0x23c>)
100048ea:	7812      	ldrb	r2, [r2, #0]
100048ec:	4293      	cmp	r3, r2
100048ee:	d214      	bcs.n	1000491a <tud_task_ext+0x1b2>
100048f0:	4a2d      	ldr	r2, [pc, #180]	@ (100049a8 <tud_task_ext+0x240>)
100048f2:	6812      	ldr	r2, [r2, #0]
100048f4:	eb12 1343 	adds.w	r3, r2, r3, lsl #5
100048f8:	d016      	beq.n	10004928 <tud_task_ext+0x1c0>
100048fa:	699c      	ldr	r4, [r3, #24]
100048fc:	9b03      	ldr	r3, [sp, #12]
100048fe:	f89d 2009 	ldrb.w	r2, [sp, #9]
10004902:	f89d 0004 	ldrb.w	r0, [sp, #4]
10004906:	47a0      	blx	r4
10004908:	e78f      	b.n	1000482a <tud_task_ext+0xc2>
1000490a:	9b03      	ldr	r3, [sp, #12]
1000490c:	f89d 2009 	ldrb.w	r2, [sp, #9]
10004910:	f89d 0004 	ldrb.w	r0, [sp, #4]
10004914:	f000 f912 	bl	10004b3c <usbd_control_xfer_cb>
10004918:	e787      	b.n	1000482a <tud_task_ext+0xc2>
1000491a:	4293      	cmp	r3, r2
1000491c:	d804      	bhi.n	10004928 <tud_task_ext+0x1c0>
1000491e:	1a9b      	subs	r3, r3, r2
10004920:	4a22      	ldr	r2, [pc, #136]	@ (100049ac <tud_task_ext+0x244>)
10004922:	eb02 1343 	add.w	r3, r2, r3, lsl #5
10004926:	e7e8      	b.n	100048fa <tud_task_ext+0x192>
10004928:	f44f 7224 	mov.w	r2, #656	@ 0x290
1000492c:	491b      	ldr	r1, [pc, #108]	@ (1000499c <tud_task_ext+0x234>)
1000492e:	481c      	ldr	r0, [pc, #112]	@ (100049a0 <tud_task_ext+0x238>)
10004930:	f7fe fbf2 	bl	10003118 <__wrap_printf>
10004934:	f04f 23e0 	mov.w	r3, #3758153728	@ 0xe000e000
10004938:	f8d3 3df0 	ldr.w	r3, [r3, #3568]	@ 0xdf0
1000493c:	f013 0f01 	tst.w	r3, #1
10004940:	f43f af18 	beq.w	10004774 <tud_task_ext+0xc>
10004944:	be00      	bkpt	0x0000
10004946:	e715      	b.n	10004774 <tud_task_ext+0xc>
10004948:	4b11      	ldr	r3, [pc, #68]	@ (10004990 <tud_task_ext+0x228>)
1000494a:	781b      	ldrb	r3, [r3, #0]
1000494c:	f013 0f01 	tst.w	r3, #1
10004950:	f43f af6b 	beq.w	1000482a <tud_task_ext+0xc2>
10004954:	f7ff fadf 	bl	10003f16 <tud_resume_cb>
10004958:	e767      	b.n	1000482a <tud_task_ext+0xc2>
1000495a:	9b02      	ldr	r3, [sp, #8]
1000495c:	2b00      	cmp	r3, #0
1000495e:	f43f af64 	beq.w	1000482a <tud_task_ext+0xc2>
10004962:	9803      	ldr	r0, [sp, #12]
10004964:	4798      	blx	r3
10004966:	e760      	b.n	1000482a <tud_task_ext+0xc2>
10004968:	4b09      	ldr	r3, [pc, #36]	@ (10004990 <tud_task_ext+0x228>)
1000496a:	78db      	ldrb	r3, [r3, #3]
1000496c:	f013 0f01 	tst.w	r3, #1
10004970:	f43f af5b 	beq.w	1000482a <tud_task_ext+0xc2>
10004974:	9802      	ldr	r0, [sp, #8]
10004976:	f7ff fa4e 	bl	10003e16 <tud_sof_cb>
1000497a:	e756      	b.n	1000482a <tud_task_ext+0xc2>
1000497c:	f04f 23e0 	mov.w	r3, #3758153728	@ 0xe000e000
10004980:	f8d3 3df0 	ldr.w	r3, [r3, #3568]	@ 0xdf0
10004984:	f013 0f01 	tst.w	r3, #1
10004988:	f43f af4f 	beq.w	1000482a <tud_task_ext+0xc2>
1000498c:	be00      	bkpt	0x0000
1000498e:	e74c      	b.n	1000482a <tud_task_ext+0xc2>
10004990:	20001268 	.word	0x20001268
10004994:	20001843 	.word	0x20001843
10004998:	200012c0 	.word	0x200012c0
1000499c:	10006c08 	.word	0x10006c08
100049a0:	100067a0 	.word	0x100067a0
100049a4:	20001841 	.word	0x20001841
100049a8:	20001098 	.word	0x20001098
100049ac:	10006c28 	.word	0x10006c28

100049b0 <status_stage_xact>:
100049b0:	b508      	push	{r3, lr}
100049b2:	f991 3000 	ldrsb.w	r3, [r1]
100049b6:	2b00      	cmp	r3, #0
100049b8:	db05      	blt.n	100049c6 <status_stage_xact+0x16>
100049ba:	2180      	movs	r1, #128	@ 0x80
100049bc:	2300      	movs	r3, #0
100049be:	461a      	mov	r2, r3
100049c0:	f7ff fc0e 	bl	100041e0 <usbd_edpt_xfer>
100049c4:	bd08      	pop	{r3, pc}
100049c6:	2100      	movs	r1, #0
100049c8:	e7f8      	b.n	100049bc <status_stage_xact+0xc>
	...

100049cc <data_stage_xact>:
100049cc:	b5f8      	push	{r3, r4, r5, r6, r7, lr}
100049ce:	4607      	mov	r7, r0
100049d0:	4b13      	ldr	r3, [pc, #76]	@ (10004a20 <data_stage_xact+0x54>)
100049d2:	899e      	ldrh	r6, [r3, #12]
100049d4:	89dd      	ldrh	r5, [r3, #14]
100049d6:	1b74      	subs	r4, r6, r5
100049d8:	b2a4      	uxth	r4, r4
100049da:	2c40      	cmp	r4, #64	@ 0x40
100049dc:	bf28      	it	cs
100049de:	2440      	movcs	r4, #64	@ 0x40
100049e0:	f993 3000 	ldrsb.w	r3, [r3]
100049e4:	2b00      	cmp	r3, #0
100049e6:	db08      	blt.n	100049fa <data_stage_xact+0x2e>
100049e8:	2100      	movs	r1, #0
100049ea:	42ae      	cmp	r6, r5
100049ec:	d013      	beq.n	10004a16 <data_stage_xact+0x4a>
100049ee:	4a0d      	ldr	r2, [pc, #52]	@ (10004a24 <data_stage_xact+0x58>)
100049f0:	4623      	mov	r3, r4
100049f2:	4638      	mov	r0, r7
100049f4:	f7ff fbf4 	bl	100041e0 <usbd_edpt_xfer>
100049f8:	bdf8      	pop	{r3, r4, r5, r6, r7, pc}
100049fa:	42ae      	cmp	r6, r5
100049fc:	d009      	beq.n	10004a12 <data_stage_xact+0x46>
100049fe:	4b08      	ldr	r3, [pc, #32]	@ (10004a20 <data_stage_xact+0x54>)
10004a00:	6899      	ldr	r1, [r3, #8]
10004a02:	2c40      	cmp	r4, #64	@ 0x40
10004a04:	d809      	bhi.n	10004a1a <data_stage_xact+0x4e>
10004a06:	4622      	mov	r2, r4
10004a08:	4806      	ldr	r0, [pc, #24]	@ (10004a24 <data_stage_xact+0x58>)
10004a0a:	f001 f8b1 	bl	10005b70 <memcpy>
10004a0e:	2180      	movs	r1, #128	@ 0x80
10004a10:	e7eb      	b.n	100049ea <data_stage_xact+0x1e>
10004a12:	2180      	movs	r1, #128	@ 0x80
10004a14:	e7e9      	b.n	100049ea <data_stage_xact+0x1e>
10004a16:	2200      	movs	r2, #0
10004a18:	e7ea      	b.n	100049f0 <data_stage_xact+0x24>
10004a1a:	2000      	movs	r0, #0
10004a1c:	e7ec      	b.n	100049f8 <data_stage_xact+0x2c>
10004a1e:	bf00      	nop
10004a20:	20001228 	.word	0x20001228
10004a24:	200011e8 	.word	0x200011e8

10004a28 <tud_control_status>:
10004a28:	b508      	push	{r3, lr}
10004a2a:	4686      	mov	lr, r0
10004a2c:	460b      	mov	r3, r1
10004a2e:	4a07      	ldr	r2, [pc, #28]	@ (10004a4c <tud_control_status+0x24>)
10004a30:	4694      	mov	ip, r2
10004a32:	6808      	ldr	r0, [r1, #0]
10004a34:	6849      	ldr	r1, [r1, #4]
10004a36:	e8ac 0003 	stmia.w	ip!, {r0, r1}
10004a3a:	2100      	movs	r1, #0
10004a3c:	6091      	str	r1, [r2, #8]
10004a3e:	81d1      	strh	r1, [r2, #14]
10004a40:	8191      	strh	r1, [r2, #12]
10004a42:	4619      	mov	r1, r3
10004a44:	4670      	mov	r0, lr
10004a46:	f7ff ffb3 	bl	100049b0 <status_stage_xact>
10004a4a:	bd08      	pop	{r3, pc}
10004a4c:	20001228 	.word	0x20001228

10004a50 <tud_control_xfer>:
10004a50:	b538      	push	{r3, r4, r5, lr}
10004a52:	4605      	mov	r5, r0
10004a54:	468c      	mov	ip, r1
10004a56:	4614      	mov	r4, r2
10004a58:	4a26      	ldr	r2, [pc, #152]	@ (10004af4 <tud_control_xfer+0xa4>)
10004a5a:	4696      	mov	lr, r2
10004a5c:	6808      	ldr	r0, [r1, #0]
10004a5e:	6849      	ldr	r1, [r1, #4]
10004a60:	e8ae 0003 	stmia.w	lr!, {r0, r1}
10004a64:	6094      	str	r4, [r2, #8]
10004a66:	2100      	movs	r1, #0
10004a68:	81d1      	strh	r1, [r2, #14]
10004a6a:	f8bc 1006 	ldrh.w	r1, [ip, #6]
10004a6e:	428b      	cmp	r3, r1
10004a70:	bf28      	it	cs
10004a72:	460b      	movcs	r3, r1
10004a74:	8193      	strh	r3, [r2, #12]
10004a76:	f8bc 2006 	ldrh.w	r2, [ip, #6]
10004a7a:	b332      	cbz	r2, 10004aca <tud_control_xfer+0x7a>
10004a7c:	b103      	cbz	r3, 10004a80 <tud_control_xfer+0x30>
10004a7e:	b134      	cbz	r4, 10004a8e <tud_control_xfer+0x3e>
10004a80:	4628      	mov	r0, r5
10004a82:	f7ff ffa3 	bl	100049cc <data_stage_xact>
10004a86:	4604      	mov	r4, r0
10004a88:	b188      	cbz	r0, 10004aae <tud_control_xfer+0x5e>
10004a8a:	4620      	mov	r0, r4
10004a8c:	bd38      	pop	{r3, r4, r5, pc}
10004a8e:	2272      	movs	r2, #114	@ 0x72
10004a90:	4919      	ldr	r1, [pc, #100]	@ (10004af8 <tud_control_xfer+0xa8>)
10004a92:	481a      	ldr	r0, [pc, #104]	@ (10004afc <tud_control_xfer+0xac>)
10004a94:	f7fe fb40 	bl	10003118 <__wrap_printf>
10004a98:	f04f 23e0 	mov.w	r3, #3758153728	@ 0xe000e000
10004a9c:	f8d3 3df0 	ldr.w	r3, [r3, #3568]	@ 0xdf0
10004aa0:	f013 0f01 	tst.w	r3, #1
10004aa4:	d000      	beq.n	10004aa8 <tud_control_xfer+0x58>
10004aa6:	be00      	bkpt	0x0000
10004aa8:	2300      	movs	r3, #0
10004aaa:	461c      	mov	r4, r3
10004aac:	e7ed      	b.n	10004a8a <tud_control_xfer+0x3a>
10004aae:	2274      	movs	r2, #116	@ 0x74
10004ab0:	4911      	ldr	r1, [pc, #68]	@ (10004af8 <tud_control_xfer+0xa8>)
10004ab2:	4812      	ldr	r0, [pc, #72]	@ (10004afc <tud_control_xfer+0xac>)
10004ab4:	f7fe fb30 	bl	10003118 <__wrap_printf>
10004ab8:	f04f 23e0 	mov.w	r3, #3758153728	@ 0xe000e000
10004abc:	f8d3 3df0 	ldr.w	r3, [r3, #3568]	@ 0xdf0
10004ac0:	f013 0f01 	tst.w	r3, #1
10004ac4:	d0e1      	beq.n	10004a8a <tud_control_xfer+0x3a>
10004ac6:	be00      	bkpt	0x0000
10004ac8:	e7df      	b.n	10004a8a <tud_control_xfer+0x3a>
10004aca:	4661      	mov	r1, ip
10004acc:	4628      	mov	r0, r5
10004ace:	f7ff ff6f 	bl	100049b0 <status_stage_xact>
10004ad2:	4604      	mov	r4, r0
10004ad4:	2800      	cmp	r0, #0
10004ad6:	d1d8      	bne.n	10004a8a <tud_control_xfer+0x3a>
10004ad8:	2276      	movs	r2, #118	@ 0x76
10004ada:	4907      	ldr	r1, [pc, #28]	@ (10004af8 <tud_control_xfer+0xa8>)
10004adc:	4807      	ldr	r0, [pc, #28]	@ (10004afc <tud_control_xfer+0xac>)
10004ade:	f7fe fb1b 	bl	10003118 <__wrap_printf>
10004ae2:	f04f 23e0 	mov.w	r3, #3758153728	@ 0xe000e000
10004ae6:	f8d3 3df0 	ldr.w	r3, [r3, #3568]	@ 0xdf0
10004aea:	f013 0f01 	tst.w	r3, #1
10004aee:	d0cc      	beq.n	10004a8a <tud_control_xfer+0x3a>
10004af0:	be00      	bkpt	0x0000
10004af2:	e7ca      	b.n	10004a8a <tud_control_xfer+0x3a>
10004af4:	20001228 	.word	0x20001228
10004af8:	10006c60 	.word	0x10006c60
10004afc:	100067a0 	.word	0x100067a0

10004b00 <usbd_control_reset>:
10004b00:	4b03      	ldr	r3, [pc, #12]	@ (10004b10 <usbd_control_reset+0x10>)
10004b02:	2200      	movs	r2, #0
10004b04:	601a      	str	r2, [r3, #0]
10004b06:	605a      	str	r2, [r3, #4]
10004b08:	609a      	str	r2, [r3, #8]
10004b0a:	60da      	str	r2, [r3, #12]
10004b0c:	611a      	str	r2, [r3, #16]
10004b0e:	4770      	bx	lr
10004b10:	20001228 	.word	0x20001228

10004b14 <usbd_control_set_complete_callback>:
10004b14:	4b01      	ldr	r3, [pc, #4]	@ (10004b1c <usbd_control_set_complete_callback+0x8>)
10004b16:	6118      	str	r0, [r3, #16]
10004b18:	4770      	bx	lr
10004b1a:	bf00      	nop
10004b1c:	20001228 	.word	0x20001228

10004b20 <usbd_control_set_request>:
10004b20:	4601      	mov	r1, r0
10004b22:	4b05      	ldr	r3, [pc, #20]	@ (10004b38 <usbd_control_set_request+0x18>)
10004b24:	461a      	mov	r2, r3
10004b26:	6800      	ldr	r0, [r0, #0]
10004b28:	6849      	ldr	r1, [r1, #4]
10004b2a:	c203      	stmia	r2!, {r0, r1}
10004b2c:	2200      	movs	r2, #0
10004b2e:	609a      	str	r2, [r3, #8]
10004b30:	81da      	strh	r2, [r3, #14]
10004b32:	819a      	strh	r2, [r3, #12]
10004b34:	4770      	bx	lr
10004b36:	bf00      	nop
10004b38:	20001228 	.word	0x20001228

10004b3c <usbd_control_xfer_cb>:
10004b3c:	b538      	push	{r3, r4, r5, lr}
10004b3e:	4604      	mov	r4, r0
10004b40:	461a      	mov	r2, r3
10004b42:	461d      	mov	r5, r3
10004b44:	4b3e      	ldr	r3, [pc, #248]	@ (10004c40 <usbd_control_xfer_cb+0x104>)
10004b46:	781b      	ldrb	r3, [r3, #0]
10004b48:	09db      	lsrs	r3, r3, #7
10004b4a:	ebb3 1fd1 	cmp.w	r3, r1, lsr #7
10004b4e:	d01e      	beq.n	10004b8e <usbd_control_xfer_cb+0x52>
10004b50:	b182      	cbz	r2, 10004b74 <usbd_control_xfer_cb+0x38>
10004b52:	229d      	movs	r2, #157	@ 0x9d
10004b54:	493b      	ldr	r1, [pc, #236]	@ (10004c44 <usbd_control_xfer_cb+0x108>)
10004b56:	483c      	ldr	r0, [pc, #240]	@ (10004c48 <usbd_control_xfer_cb+0x10c>)
10004b58:	f7fe fade 	bl	10003118 <__wrap_printf>
10004b5c:	f04f 23e0 	mov.w	r3, #3758153728	@ 0xe000e000
10004b60:	f8d3 3df0 	ldr.w	r3, [r3, #3568]	@ 0xdf0
10004b64:	f013 0f01 	tst.w	r3, #1
10004b68:	d000      	beq.n	10004b6c <usbd_control_xfer_cb+0x30>
10004b6a:	be00      	bkpt	0x0000
10004b6c:	2300      	movs	r3, #0
10004b6e:	461c      	mov	r4, r3
10004b70:	4620      	mov	r0, r4
10004b72:	bd38      	pop	{r3, r4, r5, pc}
10004b74:	4932      	ldr	r1, [pc, #200]	@ (10004c40 <usbd_control_xfer_cb+0x104>)
10004b76:	f7fe ff4f 	bl	10003a18 <dcd_edpt0_status_complete>
10004b7a:	4b31      	ldr	r3, [pc, #196]	@ (10004c40 <usbd_control_xfer_cb+0x104>)
10004b7c:	691b      	ldr	r3, [r3, #16]
10004b7e:	b11b      	cbz	r3, 10004b88 <usbd_control_xfer_cb+0x4c>
10004b80:	4a2f      	ldr	r2, [pc, #188]	@ (10004c40 <usbd_control_xfer_cb+0x104>)
10004b82:	2103      	movs	r1, #3
10004b84:	4620      	mov	r0, r4
10004b86:	4798      	blx	r3
10004b88:	2301      	movs	r3, #1
10004b8a:	461c      	mov	r4, r3
10004b8c:	e7f0      	b.n	10004b70 <usbd_control_xfer_cb+0x34>
10004b8e:	4b2c      	ldr	r3, [pc, #176]	@ (10004c40 <usbd_control_xfer_cb+0x104>)
10004b90:	f993 3000 	ldrsb.w	r3, [r3]
10004b94:	2b00      	cmp	r3, #0
10004b96:	db06      	blt.n	10004ba6 <usbd_control_xfer_cb+0x6a>
10004b98:	4b29      	ldr	r3, [pc, #164]	@ (10004c40 <usbd_control_xfer_cb+0x104>)
10004b9a:	6898      	ldr	r0, [r3, #8]
10004b9c:	2800      	cmp	r0, #0
10004b9e:	d04c      	beq.n	10004c3a <usbd_control_xfer_cb+0xfe>
10004ba0:	492a      	ldr	r1, [pc, #168]	@ (10004c4c <usbd_control_xfer_cb+0x110>)
10004ba2:	f000 ffe5 	bl	10005b70 <memcpy>
10004ba6:	4a26      	ldr	r2, [pc, #152]	@ (10004c40 <usbd_control_xfer_cb+0x104>)
10004ba8:	89d3      	ldrh	r3, [r2, #14]
10004baa:	fa13 f385 	uxtah	r3, r3, r5
10004bae:	b29b      	uxth	r3, r3
10004bb0:	81d3      	strh	r3, [r2, #14]
10004bb2:	6891      	ldr	r1, [r2, #8]
10004bb4:	4429      	add	r1, r5
10004bb6:	6091      	str	r1, [r2, #8]
10004bb8:	88d2      	ldrh	r2, [r2, #6]
10004bba:	4293      	cmp	r3, r2
10004bbc:	d001      	beq.n	10004bc2 <usbd_control_xfer_cb+0x86>
10004bbe:	2d3f      	cmp	r5, #63	@ 0x3f
10004bc0:	d827      	bhi.n	10004c12 <usbd_control_xfer_cb+0xd6>
10004bc2:	4b1f      	ldr	r3, [pc, #124]	@ (10004c40 <usbd_control_xfer_cb+0x104>)
10004bc4:	691b      	ldr	r3, [r3, #16]
10004bc6:	b123      	cbz	r3, 10004bd2 <usbd_control_xfer_cb+0x96>
10004bc8:	4a1d      	ldr	r2, [pc, #116]	@ (10004c40 <usbd_control_xfer_cb+0x104>)
10004bca:	2102      	movs	r1, #2
10004bcc:	4620      	mov	r0, r4
10004bce:	4798      	blx	r3
10004bd0:	b1a0      	cbz	r0, 10004bfc <usbd_control_xfer_cb+0xc0>
10004bd2:	491b      	ldr	r1, [pc, #108]	@ (10004c40 <usbd_control_xfer_cb+0x104>)
10004bd4:	4620      	mov	r0, r4
10004bd6:	f7ff feeb 	bl	100049b0 <status_stage_xact>
10004bda:	4604      	mov	r4, r0
10004bdc:	2800      	cmp	r0, #0
10004bde:	d1c7      	bne.n	10004b70 <usbd_control_xfer_cb+0x34>
10004be0:	22c5      	movs	r2, #197	@ 0xc5
10004be2:	4918      	ldr	r1, [pc, #96]	@ (10004c44 <usbd_control_xfer_cb+0x108>)
10004be4:	4818      	ldr	r0, [pc, #96]	@ (10004c48 <usbd_control_xfer_cb+0x10c>)
10004be6:	f7fe fa97 	bl	10003118 <__wrap_printf>
10004bea:	f04f 23e0 	mov.w	r3, #3758153728	@ 0xe000e000
10004bee:	f8d3 3df0 	ldr.w	r3, [r3, #3568]	@ 0xdf0
10004bf2:	f013 0f01 	tst.w	r3, #1
10004bf6:	d0bb      	beq.n	10004b70 <usbd_control_xfer_cb+0x34>
10004bf8:	be00      	bkpt	0x0000
10004bfa:	e7b9      	b.n	10004b70 <usbd_control_xfer_cb+0x34>
10004bfc:	4601      	mov	r1, r0
10004bfe:	4620      	mov	r0, r4
10004c00:	f7fe ff48 	bl	10003a94 <dcd_edpt_stall>
10004c04:	2180      	movs	r1, #128	@ 0x80
10004c06:	4620      	mov	r0, r4
10004c08:	f7fe ff44 	bl	10003a94 <dcd_edpt_stall>
10004c0c:	2301      	movs	r3, #1
10004c0e:	461c      	mov	r4, r3
10004c10:	e7ae      	b.n	10004b70 <usbd_control_xfer_cb+0x34>
10004c12:	4620      	mov	r0, r4
10004c14:	f7ff feda 	bl	100049cc <data_stage_xact>
10004c18:	4604      	mov	r4, r0
10004c1a:	2800      	cmp	r0, #0
10004c1c:	d1a8      	bne.n	10004b70 <usbd_control_xfer_cb+0x34>
10004c1e:	22cd      	movs	r2, #205	@ 0xcd
10004c20:	4908      	ldr	r1, [pc, #32]	@ (10004c44 <usbd_control_xfer_cb+0x108>)
10004c22:	4809      	ldr	r0, [pc, #36]	@ (10004c48 <usbd_control_xfer_cb+0x10c>)
10004c24:	f7fe fa78 	bl	10003118 <__wrap_printf>
10004c28:	f04f 23e0 	mov.w	r3, #3758153728	@ 0xe000e000
10004c2c:	f8d3 3df0 	ldr.w	r3, [r3, #3568]	@ 0xdf0
10004c30:	f013 0f01 	tst.w	r3, #1
10004c34:	d09c      	beq.n	10004b70 <usbd_control_xfer_cb+0x34>
10004c36:	be00      	bkpt	0x0000
10004c38:	e79a      	b.n	10004b70 <usbd_control_xfer_cb+0x34>
10004c3a:	4604      	mov	r4, r0
10004c3c:	e798      	b.n	10004b70 <usbd_control_xfer_cb+0x34>
10004c3e:	bf00      	nop
10004c40:	20001228 	.word	0x20001228
10004c44:	10006c48 	.word	0x10006c48
10004c48:	100067a0 	.word	0x100067a0
10004c4c:	200011e8 	.word	0x200011e8

10004c50 <_prep_out_transaction>:
10004c50:	b570      	push	{r4, r5, r6, lr}
10004c52:	4604      	mov	r4, r0
10004c54:	f7ff f960 	bl	10003f18 <tud_mounted>
10004c58:	b918      	cbnz	r0, 10004c62 <_prep_out_transaction+0x12>
10004c5a:	2300      	movs	r3, #0
10004c5c:	461e      	mov	r6, r3
10004c5e:	4630      	mov	r0, r6
10004c60:	bd70      	pop	{r4, r5, r6, pc}
10004c62:	f7ff f961 	bl	10003f28 <tud_suspended>
10004c66:	4606      	mov	r6, r0
10004c68:	2800      	cmp	r0, #0
10004c6a:	d1f6      	bne.n	10004c5a <_prep_out_transaction+0xa>
10004c6c:	4b1c      	ldr	r3, [pc, #112]	@ (10004ce0 <_prep_out_transaction+0x90>)
10004c6e:	22c8      	movs	r2, #200	@ 0xc8
10004c70:	fb02 3304 	mla	r3, r2, r4, r3
10004c74:	78db      	ldrb	r3, [r3, #3]
10004c76:	2b00      	cmp	r3, #0
10004c78:	d0ef      	beq.n	10004c5a <_prep_out_transaction+0xa>
10004c7a:	23c8      	movs	r3, #200	@ 0xc8
10004c7c:	fb04 f303 	mul.w	r3, r4, r3
10004c80:	3310      	adds	r3, #16
10004c82:	4a17      	ldr	r2, [pc, #92]	@ (10004ce0 <_prep_out_transaction+0x90>)
10004c84:	4413      	add	r3, r2
10004c86:	461d      	mov	r5, r3
10004c88:	4618      	mov	r0, r3
10004c8a:	f000 fe84 	bl	10005996 <tu_fifo_remaining>
10004c8e:	283f      	cmp	r0, #63	@ 0x3f
10004c90:	d9e5      	bls.n	10004c5e <_prep_out_transaction+0xe>
10004c92:	4b13      	ldr	r3, [pc, #76]	@ (10004ce0 <_prep_out_transaction+0x90>)
10004c94:	22c8      	movs	r2, #200	@ 0xc8
10004c96:	fb02 3304 	mla	r3, r2, r4, r3
10004c9a:	78d9      	ldrb	r1, [r3, #3]
10004c9c:	2000      	movs	r0, #0
10004c9e:	f7ff fa77 	bl	10004190 <usbd_edpt_claim>
10004ca2:	b908      	cbnz	r0, 10004ca8 <_prep_out_transaction+0x58>
10004ca4:	4606      	mov	r6, r0
10004ca6:	e7da      	b.n	10004c5e <_prep_out_transaction+0xe>
10004ca8:	4628      	mov	r0, r5
10004caa:	f000 fe74 	bl	10005996 <tu_fifo_remaining>
10004cae:	283f      	cmp	r0, #63	@ 0x3f
10004cb0:	d90d      	bls.n	10004cce <_prep_out_transaction+0x7e>
10004cb2:	490b      	ldr	r1, [pc, #44]	@ (10004ce0 <_prep_out_transaction+0x90>)
10004cb4:	23c8      	movs	r3, #200	@ 0xc8
10004cb6:	fb03 1104 	mla	r1, r3, r4, r1
10004cba:	2340      	movs	r3, #64	@ 0x40
10004cbc:	4a09      	ldr	r2, [pc, #36]	@ (10004ce4 <_prep_out_transaction+0x94>)
10004cbe:	eb02 12c4 	add.w	r2, r2, r4, lsl #7
10004cc2:	78c9      	ldrb	r1, [r1, #3]
10004cc4:	2000      	movs	r0, #0
10004cc6:	f7ff fa8b 	bl	100041e0 <usbd_edpt_xfer>
10004cca:	4606      	mov	r6, r0
10004ccc:	e7c7      	b.n	10004c5e <_prep_out_transaction+0xe>
10004cce:	4b04      	ldr	r3, [pc, #16]	@ (10004ce0 <_prep_out_transaction+0x90>)
10004cd0:	22c8      	movs	r2, #200	@ 0xc8
10004cd2:	fb02 3304 	mla	r3, r2, r4, r3
10004cd6:	78d9      	ldrb	r1, [r3, #3]
10004cd8:	2000      	movs	r0, #0
10004cda:	f7ff fa6d 	bl	100041b8 <usbd_edpt_release>
10004cde:	e7be      	b.n	10004c5e <_prep_out_transaction+0xe>
10004ce0:	20001120 	.word	0x20001120
10004ce4:	2000109c 	.word	0x2000109c

10004ce8 <tud_cdc_n_connected>:
10004ce8:	b510      	push	{r4, lr}
10004cea:	4604      	mov	r4, r0
10004cec:	f7ff f914 	bl	10003f18 <tud_mounted>
10004cf0:	b900      	cbnz	r0, 10004cf4 <tud_cdc_n_connected+0xc>
10004cf2:	bd10      	pop	{r4, pc}
10004cf4:	f7ff f918 	bl	10003f28 <tud_suspended>
10004cf8:	b948      	cbnz	r0, 10004d0e <tud_cdc_n_connected+0x26>
10004cfa:	4b07      	ldr	r3, [pc, #28]	@ (10004d18 <tud_cdc_n_connected+0x30>)
10004cfc:	22c8      	movs	r2, #200	@ 0xc8
10004cfe:	fb02 3304 	mla	r3, r2, r4, r3
10004d02:	791b      	ldrb	r3, [r3, #4]
10004d04:	f013 0f01 	tst.w	r3, #1
10004d08:	d003      	beq.n	10004d12 <tud_cdc_n_connected+0x2a>
10004d0a:	2001      	movs	r0, #1
10004d0c:	e7f1      	b.n	10004cf2 <tud_cdc_n_connected+0xa>
10004d0e:	2000      	movs	r0, #0
10004d10:	e7ef      	b.n	10004cf2 <tud_cdc_n_connected+0xa>
10004d12:	2000      	movs	r0, #0
10004d14:	e7ed      	b.n	10004cf2 <tud_cdc_n_connected+0xa>
10004d16:	bf00      	nop
10004d18:	20001120 	.word	0x20001120

10004d1c <tud_cdc_n_available>:
10004d1c:	b508      	push	{r3, lr}
10004d1e:	23c8      	movs	r3, #200	@ 0xc8
10004d20:	fb03 f000 	mul.w	r0, r3, r0
10004d24:	3010      	adds	r0, #16
10004d26:	4b02      	ldr	r3, [pc, #8]	@ (10004d30 <tud_cdc_n_available+0x14>)
10004d28:	4418      	add	r0, r3
10004d2a:	f000 fe03 	bl	10005934 <tu_fifo_count>
10004d2e:	bd08      	pop	{r3, pc}
10004d30:	20001120 	.word	0x20001120

10004d34 <tud_cdc_n_read>:
10004d34:	b538      	push	{r3, r4, r5, lr}
10004d36:	4604      	mov	r4, r0
10004d38:	23c8      	movs	r3, #200	@ 0xc8
10004d3a:	fb00 f303 	mul.w	r3, r0, r3
10004d3e:	3310      	adds	r3, #16
10004d40:	4808      	ldr	r0, [pc, #32]	@ (10004d64 <tud_cdc_n_read+0x30>)
10004d42:	4418      	add	r0, r3
10004d44:	f64f 73fe 	movw	r3, #65534	@ 0xfffe
10004d48:	429a      	cmp	r2, r3
10004d4a:	d808      	bhi.n	10004d5e <tud_cdc_n_read+0x2a>
10004d4c:	b292      	uxth	r2, r2
10004d4e:	f000 fe57 	bl	10005a00 <tu_fifo_read_n>
10004d52:	4605      	mov	r5, r0
10004d54:	4620      	mov	r0, r4
10004d56:	f7ff ff7b 	bl	10004c50 <_prep_out_transaction>
10004d5a:	4628      	mov	r0, r5
10004d5c:	bd38      	pop	{r3, r4, r5, pc}
10004d5e:	f64f 72ff 	movw	r2, #65535	@ 0xffff
10004d62:	e7f4      	b.n	10004d4e <tud_cdc_n_read+0x1a>
10004d64:	20001120 	.word	0x20001120

10004d68 <tud_cdc_n_write_flush>:
10004d68:	b570      	push	{r4, r5, r6, lr}
10004d6a:	4604      	mov	r4, r0
10004d6c:	f7ff f8d4 	bl	10003f18 <tud_mounted>
10004d70:	b908      	cbnz	r0, 10004d76 <tud_cdc_n_write_flush+0xe>
10004d72:	2000      	movs	r0, #0
10004d74:	bd70      	pop	{r4, r5, r6, pc}
10004d76:	f7ff f8d7 	bl	10003f28 <tud_suspended>
10004d7a:	2800      	cmp	r0, #0
10004d7c:	d1f9      	bne.n	10004d72 <tud_cdc_n_write_flush+0xa>
10004d7e:	23c8      	movs	r3, #200	@ 0xc8
10004d80:	fb04 f303 	mul.w	r3, r4, r3
10004d84:	3320      	adds	r3, #32
10004d86:	4a22      	ldr	r2, [pc, #136]	@ (10004e10 <tud_cdc_n_write_flush+0xa8>)
10004d88:	4413      	add	r3, r2
10004d8a:	3304      	adds	r3, #4
10004d8c:	461e      	mov	r6, r3
10004d8e:	4618      	mov	r0, r3
10004d90:	f000 fdd0 	bl	10005934 <tu_fifo_count>
10004d94:	2800      	cmp	r0, #0
10004d96:	d0ed      	beq.n	10004d74 <tud_cdc_n_write_flush+0xc>
10004d98:	4b1d      	ldr	r3, [pc, #116]	@ (10004e10 <tud_cdc_n_write_flush+0xa8>)
10004d9a:	22c8      	movs	r2, #200	@ 0xc8
10004d9c:	fb02 3304 	mla	r3, r2, r4, r3
10004da0:	7899      	ldrb	r1, [r3, #2]
10004da2:	2000      	movs	r0, #0
10004da4:	f7ff f9f4 	bl	10004190 <usbd_edpt_claim>
10004da8:	2800      	cmp	r0, #0
10004daa:	d0e3      	beq.n	10004d74 <tud_cdc_n_write_flush+0xc>
10004dac:	01e3      	lsls	r3, r4, #7
10004dae:	3340      	adds	r3, #64	@ 0x40
10004db0:	4a18      	ldr	r2, [pc, #96]	@ (10004e14 <tud_cdc_n_write_flush+0xac>)
10004db2:	4413      	add	r3, r2
10004db4:	461d      	mov	r5, r3
10004db6:	2240      	movs	r2, #64	@ 0x40
10004db8:	4619      	mov	r1, r3
10004dba:	4630      	mov	r0, r6
10004dbc:	f000 fe20 	bl	10005a00 <tu_fifo_read_n>
10004dc0:	4606      	mov	r6, r0
10004dc2:	b1d8      	cbz	r0, 10004dfc <tud_cdc_n_write_flush+0x94>
10004dc4:	4912      	ldr	r1, [pc, #72]	@ (10004e10 <tud_cdc_n_write_flush+0xa8>)
10004dc6:	23c8      	movs	r3, #200	@ 0xc8
10004dc8:	fb03 1104 	mla	r1, r3, r4, r1
10004dcc:	4603      	mov	r3, r0
10004dce:	462a      	mov	r2, r5
10004dd0:	7889      	ldrb	r1, [r1, #2]
10004dd2:	2000      	movs	r0, #0
10004dd4:	f7ff fa04 	bl	100041e0 <usbd_edpt_xfer>
10004dd8:	b108      	cbz	r0, 10004dde <tud_cdc_n_write_flush+0x76>
10004dda:	4630      	mov	r0, r6
10004ddc:	e7ca      	b.n	10004d74 <tud_cdc_n_write_flush+0xc>
10004dde:	22d5      	movs	r2, #213	@ 0xd5
10004de0:	490d      	ldr	r1, [pc, #52]	@ (10004e18 <tud_cdc_n_write_flush+0xb0>)
10004de2:	480e      	ldr	r0, [pc, #56]	@ (10004e1c <tud_cdc_n_write_flush+0xb4>)
10004de4:	f7fe f998 	bl	10003118 <__wrap_printf>
10004de8:	f04f 23e0 	mov.w	r3, #3758153728	@ 0xe000e000
10004dec:	f8d3 3df0 	ldr.w	r3, [r3, #3568]	@ 0xdf0
10004df0:	f013 0f01 	tst.w	r3, #1
10004df4:	d000      	beq.n	10004df8 <tud_cdc_n_write_flush+0x90>
10004df6:	be00      	bkpt	0x0000
10004df8:	2000      	movs	r0, #0
10004dfa:	e7bb      	b.n	10004d74 <tud_cdc_n_write_flush+0xc>
10004dfc:	4b04      	ldr	r3, [pc, #16]	@ (10004e10 <tud_cdc_n_write_flush+0xa8>)
10004dfe:	22c8      	movs	r2, #200	@ 0xc8
10004e00:	fb02 3304 	mla	r3, r2, r4, r3
10004e04:	7899      	ldrb	r1, [r3, #2]
10004e06:	f7ff f9d7 	bl	100041b8 <usbd_edpt_release>
10004e0a:	2000      	movs	r0, #0
10004e0c:	e7b2      	b.n	10004d74 <tud_cdc_n_write_flush+0xc>
10004e0e:	bf00      	nop
10004e10:	20001120 	.word	0x20001120
10004e14:	2000109c 	.word	0x2000109c
10004e18:	10006c90 	.word	0x10006c90
10004e1c:	100067a0 	.word	0x100067a0

10004e20 <tud_cdc_n_write>:
10004e20:	b570      	push	{r4, r5, r6, lr}
10004e22:	4606      	mov	r6, r0
10004e24:	24c8      	movs	r4, #200	@ 0xc8
10004e26:	fb00 f404 	mul.w	r4, r0, r4
10004e2a:	3420      	adds	r4, #32
10004e2c:	4b0c      	ldr	r3, [pc, #48]	@ (10004e60 <tud_cdc_n_write+0x40>)
10004e2e:	441c      	add	r4, r3
10004e30:	3404      	adds	r4, #4
10004e32:	f64f 73fe 	movw	r3, #65534	@ 0xfffe
10004e36:	429a      	cmp	r2, r3
10004e38:	d80b      	bhi.n	10004e52 <tud_cdc_n_write+0x32>
10004e3a:	b292      	uxth	r2, r2
10004e3c:	4620      	mov	r0, r4
10004e3e:	f000 fe16 	bl	10005a6e <tu_fifo_write_n>
10004e42:	4605      	mov	r5, r0
10004e44:	4620      	mov	r0, r4
10004e46:	f000 fd75 	bl	10005934 <tu_fifo_count>
10004e4a:	283f      	cmp	r0, #63	@ 0x3f
10004e4c:	d804      	bhi.n	10004e58 <tud_cdc_n_write+0x38>
10004e4e:	4628      	mov	r0, r5
10004e50:	bd70      	pop	{r4, r5, r6, pc}
10004e52:	f64f 72ff 	movw	r2, #65535	@ 0xffff
10004e56:	e7f1      	b.n	10004e3c <tud_cdc_n_write+0x1c>
10004e58:	4630      	mov	r0, r6
10004e5a:	f7ff ff85 	bl	10004d68 <tud_cdc_n_write_flush>
10004e5e:	e7f6      	b.n	10004e4e <tud_cdc_n_write+0x2e>
10004e60:	20001120 	.word	0x20001120

10004e64 <tud_cdc_n_write_available>:
10004e64:	b508      	push	{r3, lr}
10004e66:	23c8      	movs	r3, #200	@ 0xc8
10004e68:	fb03 f000 	mul.w	r0, r3, r0
10004e6c:	3020      	adds	r0, #32
10004e6e:	4b03      	ldr	r3, [pc, #12]	@ (10004e7c <tud_cdc_n_write_available+0x18>)
10004e70:	4418      	add	r0, r3
10004e72:	3004      	adds	r0, #4
10004e74:	f000 fd8f 	bl	10005996 <tu_fifo_remaining>
10004e78:	bd08      	pop	{r3, pc}
10004e7a:	bf00      	nop
10004e7c:	20001120 	.word	0x20001120

10004e80 <cdcd_init>:
10004e80:	e92d 43f0 	stmdb	sp!, {r4, r5, r6, r7, r8, r9, lr}
10004e84:	b083      	sub	sp, #12
10004e86:	22c8      	movs	r2, #200	@ 0xc8
10004e88:	2100      	movs	r1, #0
10004e8a:	4821      	ldr	r0, [pc, #132]	@ (10004f10 <cdcd_init+0x90>)
10004e8c:	f000 fe2c 	bl	10005ae8 <memset>
10004e90:	2500      	movs	r5, #0
10004e92:	4b20      	ldr	r3, [pc, #128]	@ (10004f14 <cdcd_init+0x94>)
10004e94:	701d      	strb	r5, [r3, #0]
10004e96:	b115      	cbz	r5, 10004e9e <cdcd_init+0x1e>
10004e98:	b003      	add	sp, #12
10004e9a:	e8bd 83f0 	ldmia.w	sp!, {r4, r5, r6, r7, r8, r9, pc}
10004e9e:	4f1c      	ldr	r7, [pc, #112]	@ (10004f10 <cdcd_init+0x90>)
10004ea0:	24c8      	movs	r4, #200	@ 0xc8
10004ea2:	fb05 f404 	mul.w	r4, r5, r4
10004ea6:	193e      	adds	r6, r7, r4
10004ea8:	23ff      	movs	r3, #255	@ 0xff
10004eaa:	7173      	strb	r3, [r6, #5]
10004eac:	f44f 33e1 	mov.w	r3, #115200	@ 0x1c200
10004eb0:	60b3      	str	r3, [r6, #8]
10004eb2:	7335      	strb	r5, [r6, #12]
10004eb4:	7375      	strb	r5, [r6, #13]
10004eb6:	2308      	movs	r3, #8
10004eb8:	73b3      	strb	r3, [r6, #14]
10004eba:	f104 0138 	add.w	r1, r4, #56	@ 0x38
10004ebe:	f104 0010 	add.w	r0, r4, #16
10004ec2:	9500      	str	r5, [sp, #0]
10004ec4:	2301      	movs	r3, #1
10004ec6:	2240      	movs	r2, #64	@ 0x40
10004ec8:	4439      	add	r1, r7
10004eca:	4438      	add	r0, r7
10004ecc:	f000 fd01 	bl	100058d2 <tu_fifo_config>
10004ed0:	f104 0178 	add.w	r1, r4, #120	@ 0x78
10004ed4:	f104 0020 	add.w	r0, r4, #32
10004ed8:	4438      	add	r0, r7
10004eda:	2301      	movs	r3, #1
10004edc:	9300      	str	r3, [sp, #0]
10004ede:	2240      	movs	r2, #64	@ 0x40
10004ee0:	4439      	add	r1, r7
10004ee2:	3004      	adds	r0, #4
10004ee4:	f000 fcf5 	bl	100058d2 <tu_fifo_config>
10004ee8:	f104 09b8 	add.w	r9, r4, #184	@ 0xb8
10004eec:	44b9      	add	r9, r7
10004eee:	4648      	mov	r0, r9
10004ef0:	f7fb fdfa 	bl	10000ae8 <mutex_init>
10004ef4:	34c0      	adds	r4, #192	@ 0xc0
10004ef6:	443c      	add	r4, r7
10004ef8:	4620      	mov	r0, r4
10004efa:	f7fb fdf5 	bl	10000ae8 <mutex_init>
10004efe:	61f5      	str	r5, [r6, #28]
10004f00:	f8c6 9020 	str.w	r9, [r6, #32]
10004f04:	6334      	str	r4, [r6, #48]	@ 0x30
10004f06:	6375      	str	r5, [r6, #52]	@ 0x34
10004f08:	3501      	adds	r5, #1
10004f0a:	b2ed      	uxtb	r5, r5
10004f0c:	e7c3      	b.n	10004e96 <cdcd_init+0x16>
10004f0e:	bf00      	nop
10004f10:	20001120 	.word	0x20001120
10004f14:	2000111c 	.word	0x2000111c

10004f18 <cdcd_deinit>:
10004f18:	2300      	movs	r3, #0
10004f1a:	b10b      	cbz	r3, 10004f20 <cdcd_deinit+0x8>
10004f1c:	2001      	movs	r0, #1
10004f1e:	4770      	bx	lr
10004f20:	469c      	mov	ip, r3
10004f22:	4a0c      	ldr	r2, [pc, #48]	@ (10004f54 <cdcd_deinit+0x3c>)
10004f24:	21c8      	movs	r1, #200	@ 0xc8
10004f26:	fb01 2203 	mla	r2, r1, r3, r2
10004f2a:	6a11      	ldr	r1, [r2, #32]
10004f2c:	6b10      	ldr	r0, [r2, #48]	@ 0x30
10004f2e:	b129      	cbz	r1, 10004f3c <cdcd_deinit+0x24>
10004f30:	4a08      	ldr	r2, [pc, #32]	@ (10004f54 <cdcd_deinit+0x3c>)
10004f32:	21c8      	movs	r1, #200	@ 0xc8
10004f34:	fb01 2203 	mla	r2, r1, r3, r2
10004f38:	61d3      	str	r3, [r2, #28]
10004f3a:	6213      	str	r3, [r2, #32]
10004f3c:	b130      	cbz	r0, 10004f4c <cdcd_deinit+0x34>
10004f3e:	4a05      	ldr	r2, [pc, #20]	@ (10004f54 <cdcd_deinit+0x3c>)
10004f40:	21c8      	movs	r1, #200	@ 0xc8
10004f42:	fb01 220c 	mla	r2, r1, ip, r2
10004f46:	2100      	movs	r1, #0
10004f48:	6311      	str	r1, [r2, #48]	@ 0x30
10004f4a:	6351      	str	r1, [r2, #52]	@ 0x34
10004f4c:	3301      	adds	r3, #1
10004f4e:	b2db      	uxtb	r3, r3
10004f50:	e7e3      	b.n	10004f1a <cdcd_deinit+0x2>
10004f52:	bf00      	nop
10004f54:	20001120 	.word	0x20001120

10004f58 <cdcd_reset>:
10004f58:	b538      	push	{r3, r4, r5, lr}
10004f5a:	2400      	movs	r4, #0
10004f5c:	b104      	cbz	r4, 10004f60 <cdcd_reset+0x8>
10004f5e:	bd38      	pop	{r3, r4, r5, pc}
10004f60:	4625      	mov	r5, r4
10004f62:	23c8      	movs	r3, #200	@ 0xc8
10004f64:	fb04 f303 	mul.w	r3, r4, r3
10004f68:	4917      	ldr	r1, [pc, #92]	@ (10004fc8 <cdcd_reset+0x70>)
10004f6a:	1858      	adds	r0, r3, r1
10004f6c:	50cc      	str	r4, [r1, r3]
10004f6e:	7104      	strb	r4, [r0, #4]
10004f70:	4b16      	ldr	r3, [pc, #88]	@ (10004fcc <cdcd_reset+0x74>)
10004f72:	781b      	ldrb	r3, [r3, #0]
10004f74:	f013 0f01 	tst.w	r3, #1
10004f78:	d012      	beq.n	10004fa0 <cdcd_reset+0x48>
10004f7a:	4b14      	ldr	r3, [pc, #80]	@ (10004fcc <cdcd_reset+0x74>)
10004f7c:	781b      	ldrb	r3, [r3, #0]
10004f7e:	f013 0f02 	tst.w	r3, #2
10004f82:	d016      	beq.n	10004fb2 <cdcd_reset+0x5a>
10004f84:	23c8      	movs	r3, #200	@ 0xc8
10004f86:	4628      	mov	r0, r5
10004f88:	fb03 f000 	mul.w	r0, r3, r0
10004f8c:	3020      	adds	r0, #32
10004f8e:	4b0e      	ldr	r3, [pc, #56]	@ (10004fc8 <cdcd_reset+0x70>)
10004f90:	4418      	add	r0, r3
10004f92:	2101      	movs	r1, #1
10004f94:	3004      	adds	r0, #4
10004f96:	f000 fd8a 	bl	10005aae <tu_fifo_set_overwritable>
10004f9a:	3401      	adds	r4, #1
10004f9c:	b2e4      	uxtb	r4, r4
10004f9e:	e7dd      	b.n	10004f5c <cdcd_reset+0x4>
10004fa0:	23c8      	movs	r3, #200	@ 0xc8
10004fa2:	fb04 f303 	mul.w	r3, r4, r3
10004fa6:	3310      	adds	r3, #16
10004fa8:	4608      	mov	r0, r1
10004faa:	4418      	add	r0, r3
10004fac:	f000 fd64 	bl	10005a78 <tu_fifo_clear>
10004fb0:	e7e3      	b.n	10004f7a <cdcd_reset+0x22>
10004fb2:	20c8      	movs	r0, #200	@ 0xc8
10004fb4:	fb05 f000 	mul.w	r0, r5, r0
10004fb8:	3020      	adds	r0, #32
10004fba:	4b03      	ldr	r3, [pc, #12]	@ (10004fc8 <cdcd_reset+0x70>)
10004fbc:	4418      	add	r0, r3
10004fbe:	3004      	adds	r0, #4
10004fc0:	f000 fd5a 	bl	10005a78 <tu_fifo_clear>
10004fc4:	e7de      	b.n	10004f84 <cdcd_reset+0x2c>
10004fc6:	bf00      	nop
10004fc8:	20001120 	.word	0x20001120
10004fcc:	2000111c 	.word	0x2000111c

10004fd0 <cdcd_open>:
10004fd0:	e92d 41f0 	stmdb	sp!, {r4, r5, r6, r7, r8, lr}
10004fd4:	b082      	sub	sp, #8
10004fd6:	794b      	ldrb	r3, [r1, #5]
10004fd8:	2b02      	cmp	r3, #2
10004fda:	f040 8081 	bne.w	100050e0 <cdcd_open+0x110>
10004fde:	4607      	mov	r7, r0
10004fe0:	798b      	ldrb	r3, [r1, #6]
10004fe2:	2b02      	cmp	r3, #2
10004fe4:	f040 8081 	bne.w	100050ea <cdcd_open+0x11a>
10004fe8:	2300      	movs	r3, #0
10004fea:	461e      	mov	r6, r3
10004fec:	b13e      	cbz	r6, 10004ffe <cdcd_open+0x2e>
10004fee:	b99e      	cbnz	r6, 10005018 <cdcd_open+0x48>
10004ff0:	788b      	ldrb	r3, [r1, #2]
10004ff2:	f888 3000 	strb.w	r3, [r8]
10004ff6:	780b      	ldrb	r3, [r1, #0]
10004ff8:	18cc      	adds	r4, r1, r3
10004ffa:	2509      	movs	r5, #9
10004ffc:	e020      	b.n	10005040 <cdcd_open+0x70>
10004ffe:	20c8      	movs	r0, #200	@ 0xc8
10005000:	4b3b      	ldr	r3, [pc, #236]	@ (100050f0 <cdcd_open+0x120>)
10005002:	fb00 3306 	mla	r3, r0, r6, r3
10005006:	4698      	mov	r8, r3
10005008:	789b      	ldrb	r3, [r3, #2]
1000500a:	2b00      	cmp	r3, #0
1000500c:	d0ef      	beq.n	10004fee <cdcd_open+0x1e>
1000500e:	4633      	mov	r3, r6
10005010:	3301      	adds	r3, #1
10005012:	b2db      	uxtb	r3, r3
10005014:	461e      	mov	r6, r3
10005016:	e7e9      	b.n	10004fec <cdcd_open+0x1c>
10005018:	f240 1241 	movw	r2, #321	@ 0x141
1000501c:	4935      	ldr	r1, [pc, #212]	@ (100050f4 <cdcd_open+0x124>)
1000501e:	4836      	ldr	r0, [pc, #216]	@ (100050f8 <cdcd_open+0x128>)
10005020:	f7fe f87a 	bl	10003118 <__wrap_printf>
10005024:	f04f 23e0 	mov.w	r3, #3758153728	@ 0xe000e000
10005028:	f8d3 3df0 	ldr.w	r3, [r3, #3568]	@ 0xdf0
1000502c:	f013 0f01 	tst.w	r3, #1
10005030:	d000      	beq.n	10005034 <cdcd_open+0x64>
10005032:	be00      	bkpt	0x0000
10005034:	2500      	movs	r5, #0
10005036:	e054      	b.n	100050e2 <cdcd_open+0x112>
10005038:	7823      	ldrb	r3, [r4, #0]
1000503a:	441d      	add	r5, r3
1000503c:	b2ad      	uxth	r5, r5
1000503e:	441c      	add	r4, r3
10005040:	7863      	ldrb	r3, [r4, #1]
10005042:	2b24      	cmp	r3, #36	@ 0x24
10005044:	d101      	bne.n	1000504a <cdcd_open+0x7a>
10005046:	4295      	cmp	r5, r2
10005048:	d9f6      	bls.n	10005038 <cdcd_open+0x68>
1000504a:	2b05      	cmp	r3, #5
1000504c:	d009      	beq.n	10005062 <cdcd_open+0x92>
1000504e:	7863      	ldrb	r3, [r4, #1]
10005050:	2b04      	cmp	r3, #4
10005052:	d102      	bne.n	1000505a <cdcd_open+0x8a>
10005054:	7963      	ldrb	r3, [r4, #5]
10005056:	2b0a      	cmp	r3, #10
10005058:	d020      	beq.n	1000509c <cdcd_open+0xcc>
1000505a:	4630      	mov	r0, r6
1000505c:	f7ff fdf8 	bl	10004c50 <_prep_out_transaction>
10005060:	e03f      	b.n	100050e2 <cdcd_open+0x112>
10005062:	4621      	mov	r1, r4
10005064:	4638      	mov	r0, r7
10005066:	f7ff f803 	bl	10004070 <usbd_edpt_open>
1000506a:	b138      	cbz	r0, 1000507c <cdcd_open+0xac>
1000506c:	78a3      	ldrb	r3, [r4, #2]
1000506e:	f888 3001 	strb.w	r3, [r8, #1]
10005072:	7823      	ldrb	r3, [r4, #0]
10005074:	441d      	add	r5, r3
10005076:	b2ad      	uxth	r5, r5
10005078:	441c      	add	r4, r3
1000507a:	e7e8      	b.n	1000504e <cdcd_open+0x7e>
1000507c:	f240 1253 	movw	r2, #339	@ 0x153
10005080:	491c      	ldr	r1, [pc, #112]	@ (100050f4 <cdcd_open+0x124>)
10005082:	481d      	ldr	r0, [pc, #116]	@ (100050f8 <cdcd_open+0x128>)
10005084:	f7fe f848 	bl	10003118 <__wrap_printf>
10005088:	f04f 23e0 	mov.w	r3, #3758153728	@ 0xe000e000
1000508c:	f8d3 3df0 	ldr.w	r3, [r3, #3568]	@ 0xdf0
10005090:	f013 0f01 	tst.w	r3, #1
10005094:	d000      	beq.n	10005098 <cdcd_open+0xc8>
10005096:	be00      	bkpt	0x0000
10005098:	2500      	movs	r5, #0
1000509a:	e022      	b.n	100050e2 <cdcd_open+0x112>
1000509c:	7821      	ldrb	r1, [r4, #0]
1000509e:	440d      	add	r5, r1
100050a0:	b2ad      	uxth	r5, r5
100050a2:	4642      	mov	r2, r8
100050a4:	1c93      	adds	r3, r2, #2
100050a6:	9301      	str	r3, [sp, #4]
100050a8:	1cd3      	adds	r3, r2, #3
100050aa:	9300      	str	r3, [sp, #0]
100050ac:	2302      	movs	r3, #2
100050ae:	461a      	mov	r2, r3
100050b0:	4421      	add	r1, r4
100050b2:	4638      	mov	r0, r7
100050b4:	f7ff f81c 	bl	100040f0 <usbd_open_edpt_pair>
100050b8:	b110      	cbz	r0, 100050c0 <cdcd_open+0xf0>
100050ba:	350e      	adds	r5, #14
100050bc:	b2ad      	uxth	r5, r5
100050be:	e7cc      	b.n	1000505a <cdcd_open+0x8a>
100050c0:	f44f 72b1 	mov.w	r2, #354	@ 0x162
100050c4:	490b      	ldr	r1, [pc, #44]	@ (100050f4 <cdcd_open+0x124>)
100050c6:	480c      	ldr	r0, [pc, #48]	@ (100050f8 <cdcd_open+0x128>)
100050c8:	f7fe f826 	bl	10003118 <__wrap_printf>
100050cc:	f04f 23e0 	mov.w	r3, #3758153728	@ 0xe000e000
100050d0:	f8d3 3df0 	ldr.w	r3, [r3, #3568]	@ 0xdf0
100050d4:	f013 0f01 	tst.w	r3, #1
100050d8:	d000      	beq.n	100050dc <cdcd_open+0x10c>
100050da:	be00      	bkpt	0x0000
100050dc:	2500      	movs	r5, #0
100050de:	e000      	b.n	100050e2 <cdcd_open+0x112>
100050e0:	2500      	movs	r5, #0
100050e2:	4628      	mov	r0, r5
100050e4:	b002      	add	sp, #8
100050e6:	e8bd 81f0 	ldmia.w	sp!, {r4, r5, r6, r7, r8, pc}
100050ea:	2500      	movs	r5, #0
100050ec:	e7f9      	b.n	100050e2 <cdcd_open+0x112>
100050ee:	bf00      	nop
100050f0:	20001120 	.word	0x20001120
100050f4:	10006c84 	.word	0x10006c84
100050f8:	100067a0 	.word	0x100067a0

100050fc <cdcd_control_xfer_cb>:
100050fc:	7813      	ldrb	r3, [r2, #0]
100050fe:	f003 0360 	and.w	r3, r3, #96	@ 0x60
10005102:	2b20      	cmp	r3, #32
10005104:	d17c      	bne.n	10005200 <cdcd_control_xfer_cb+0x104>
10005106:	b570      	push	{r4, r5, r6, lr}
10005108:	4694      	mov	ip, r2
1000510a:	2400      	movs	r4, #0
1000510c:	b174      	cbz	r4, 1000512c <cdcd_control_xfer_cb+0x30>
1000510e:	2c00      	cmp	r4, #0
10005110:	d178      	bne.n	10005204 <cdcd_control_xfer_cb+0x108>
10005112:	f89c 3001 	ldrb.w	r3, [ip, #1]
10005116:	2b22      	cmp	r3, #34	@ 0x22
10005118:	d042      	beq.n	100051a0 <cdcd_control_xfer_cb+0xa4>
1000511a:	d817      	bhi.n	1000514c <cdcd_control_xfer_cb+0x50>
1000511c:	2b20      	cmp	r3, #32
1000511e:	d01f      	beq.n	10005160 <cdcd_control_xfer_cb+0x64>
10005120:	2b21      	cmp	r3, #33	@ 0x21
10005122:	d111      	bne.n	10005148 <cdcd_control_xfer_cb+0x4c>
10005124:	2901      	cmp	r1, #1
10005126:	d033      	beq.n	10005190 <cdcd_control_xfer_cb+0x94>
10005128:	2001      	movs	r0, #1
1000512a:	e06c      	b.n	10005206 <cdcd_control_xfer_cb+0x10a>
1000512c:	23c8      	movs	r3, #200	@ 0xc8
1000512e:	fb04 f303 	mul.w	r3, r4, r3
10005132:	4a38      	ldr	r2, [pc, #224]	@ (10005214 <cdcd_control_xfer_cb+0x118>)
10005134:	eb03 0e02 	add.w	lr, r3, r2
10005138:	5cd2      	ldrb	r2, [r2, r3]
1000513a:	f8bc 3004 	ldrh.w	r3, [ip, #4]
1000513e:	429a      	cmp	r2, r3
10005140:	d0e5      	beq.n	1000510e <cdcd_control_xfer_cb+0x12>
10005142:	3401      	adds	r4, #1
10005144:	b2e4      	uxtb	r4, r4
10005146:	e7e1      	b.n	1000510c <cdcd_control_xfer_cb+0x10>
10005148:	4620      	mov	r0, r4
1000514a:	e05c      	b.n	10005206 <cdcd_control_xfer_cb+0x10a>
1000514c:	2b23      	cmp	r3, #35	@ 0x23
1000514e:	d105      	bne.n	1000515c <cdcd_control_xfer_cb+0x60>
10005150:	2901      	cmp	r1, #1
10005152:	d047      	beq.n	100051e4 <cdcd_control_xfer_cb+0xe8>
10005154:	2903      	cmp	r1, #3
10005156:	d04a      	beq.n	100051ee <cdcd_control_xfer_cb+0xf2>
10005158:	2001      	movs	r0, #1
1000515a:	e054      	b.n	10005206 <cdcd_control_xfer_cb+0x10a>
1000515c:	2000      	movs	r0, #0
1000515e:	e052      	b.n	10005206 <cdcd_control_xfer_cb+0x10a>
10005160:	2901      	cmp	r1, #1
10005162:	d003      	beq.n	1000516c <cdcd_control_xfer_cb+0x70>
10005164:	2903      	cmp	r1, #3
10005166:	d009      	beq.n	1000517c <cdcd_control_xfer_cb+0x80>
10005168:	2001      	movs	r0, #1
1000516a:	e04c      	b.n	10005206 <cdcd_control_xfer_cb+0x10a>
1000516c:	2307      	movs	r3, #7
1000516e:	f10e 0208 	add.w	r2, lr, #8
10005172:	4661      	mov	r1, ip
10005174:	f7ff fc6c 	bl	10004a50 <tud_control_xfer>
10005178:	2001      	movs	r0, #1
1000517a:	e044      	b.n	10005206 <cdcd_control_xfer_cb+0x10a>
1000517c:	4b26      	ldr	r3, [pc, #152]	@ (10005218 <cdcd_control_xfer_cb+0x11c>)
1000517e:	2b00      	cmp	r3, #0
10005180:	d042      	beq.n	10005208 <cdcd_control_xfer_cb+0x10c>
10005182:	f10e 0108 	add.w	r1, lr, #8
10005186:	4620      	mov	r0, r4
10005188:	f7fe fafa 	bl	10003780 <tud_cdc_line_coding_cb>
1000518c:	2001      	movs	r0, #1
1000518e:	e03a      	b.n	10005206 <cdcd_control_xfer_cb+0x10a>
10005190:	2307      	movs	r3, #7
10005192:	f10e 0208 	add.w	r2, lr, #8
10005196:	4661      	mov	r1, ip
10005198:	f7ff fc5a 	bl	10004a50 <tud_control_xfer>
1000519c:	2001      	movs	r0, #1
1000519e:	e032      	b.n	10005206 <cdcd_control_xfer_cb+0x10a>
100051a0:	2901      	cmp	r1, #1
100051a2:	d003      	beq.n	100051ac <cdcd_control_xfer_cb+0xb0>
100051a4:	2903      	cmp	r1, #3
100051a6:	d006      	beq.n	100051b6 <cdcd_control_xfer_cb+0xba>
100051a8:	2001      	movs	r0, #1
100051aa:	e02c      	b.n	10005206 <cdcd_control_xfer_cb+0x10a>
100051ac:	4661      	mov	r1, ip
100051ae:	f7ff fc3b 	bl	10004a28 <tud_control_status>
100051b2:	2001      	movs	r0, #1
100051b4:	e027      	b.n	10005206 <cdcd_control_xfer_cb+0x10a>
100051b6:	f8bc 3002 	ldrh.w	r3, [ip, #2]
100051ba:	f003 0501 	and.w	r5, r3, #1
100051be:	f3c3 0640 	ubfx	r6, r3, #1, #1
100051c2:	f88e 3004 	strb.w	r3, [lr, #4]
100051c6:	f085 0101 	eor.w	r1, r5, #1
100051ca:	f10e 0024 	add.w	r0, lr, #36	@ 0x24
100051ce:	f000 fc6e 	bl	10005aae <tu_fifo_set_overwritable>
100051d2:	4b12      	ldr	r3, [pc, #72]	@ (1000521c <cdcd_control_xfer_cb+0x120>)
100051d4:	b1d3      	cbz	r3, 1000520c <cdcd_control_xfer_cb+0x110>
100051d6:	4632      	mov	r2, r6
100051d8:	4629      	mov	r1, r5
100051da:	4620      	mov	r0, r4
100051dc:	f3af 8000 	nop.w
100051e0:	2001      	movs	r0, #1
100051e2:	e010      	b.n	10005206 <cdcd_control_xfer_cb+0x10a>
100051e4:	4661      	mov	r1, ip
100051e6:	f7ff fc1f 	bl	10004a28 <tud_control_status>
100051ea:	2001      	movs	r0, #1
100051ec:	e00b      	b.n	10005206 <cdcd_control_xfer_cb+0x10a>
100051ee:	4b0c      	ldr	r3, [pc, #48]	@ (10005220 <cdcd_control_xfer_cb+0x124>)
100051f0:	b173      	cbz	r3, 10005210 <cdcd_control_xfer_cb+0x114>
100051f2:	f8bc 1002 	ldrh.w	r1, [ip, #2]
100051f6:	4620      	mov	r0, r4
100051f8:	f3af 8000 	nop.w
100051fc:	2001      	movs	r0, #1
100051fe:	e002      	b.n	10005206 <cdcd_control_xfer_cb+0x10a>
10005200:	2000      	movs	r0, #0
10005202:	4770      	bx	lr
10005204:	2000      	movs	r0, #0
10005206:	bd70      	pop	{r4, r5, r6, pc}
10005208:	2001      	movs	r0, #1
1000520a:	e7fc      	b.n	10005206 <cdcd_control_xfer_cb+0x10a>
1000520c:	2001      	movs	r0, #1
1000520e:	e7fa      	b.n	10005206 <cdcd_control_xfer_cb+0x10a>
10005210:	2001      	movs	r0, #1
10005212:	e7f8      	b.n	10005206 <cdcd_control_xfer_cb+0x10a>
10005214:	20001120 	.word	0x20001120
10005218:	10003781 	.word	0x10003781
	...

10005224 <cdcd_xfer_cb>:
10005224:	e92d 4ff8 	stmdb	sp!, {r3, r4, r5, r6, r7, r8, r9, sl, fp, lr}
10005228:	4682      	mov	sl, r0
1000522a:	460d      	mov	r5, r1
1000522c:	4698      	mov	r8, r3
1000522e:	2400      	movs	r4, #0
10005230:	b15c      	cbz	r4, 1000524a <cdcd_xfer_cb+0x26>
10005232:	b9bc      	cbnz	r4, 10005264 <cdcd_xfer_cb+0x40>
10005234:	46a1      	mov	r9, r4
10005236:	78f3      	ldrb	r3, [r6, #3]
10005238:	42ab      	cmp	r3, r5
1000523a:	d023      	beq.n	10005284 <cdcd_xfer_cb+0x60>
1000523c:	78b3      	ldrb	r3, [r6, #2]
1000523e:	42ab      	cmp	r3, r5
10005240:	d054      	beq.n	100052ec <cdcd_xfer_cb+0xc8>
10005242:	2401      	movs	r4, #1
10005244:	4620      	mov	r0, r4
10005246:	e8bd 8ff8 	ldmia.w	sp!, {r3, r4, r5, r6, r7, r8, r9, sl, fp, pc}
1000524a:	23c8      	movs	r3, #200	@ 0xc8
1000524c:	4e3c      	ldr	r6, [pc, #240]	@ (10005340 <cdcd_xfer_cb+0x11c>)
1000524e:	fb03 6604 	mla	r6, r3, r4, r6
10005252:	78f3      	ldrb	r3, [r6, #3]
10005254:	42ab      	cmp	r3, r5
10005256:	d0ec      	beq.n	10005232 <cdcd_xfer_cb+0xe>
10005258:	78b3      	ldrb	r3, [r6, #2]
1000525a:	42ab      	cmp	r3, r5
1000525c:	d0e9      	beq.n	10005232 <cdcd_xfer_cb+0xe>
1000525e:	3401      	adds	r4, #1
10005260:	b2e4      	uxtb	r4, r4
10005262:	e7e5      	b.n	10005230 <cdcd_xfer_cb+0xc>
10005264:	f44f 72e6 	mov.w	r2, #460	@ 0x1cc
10005268:	4936      	ldr	r1, [pc, #216]	@ (10005344 <cdcd_xfer_cb+0x120>)
1000526a:	4837      	ldr	r0, [pc, #220]	@ (10005348 <cdcd_xfer_cb+0x124>)
1000526c:	f7fd ff54 	bl	10003118 <__wrap_printf>
10005270:	f04f 23e0 	mov.w	r3, #3758153728	@ 0xe000e000
10005274:	f8d3 3df0 	ldr.w	r3, [r3, #3568]	@ 0xdf0
10005278:	f013 0f01 	tst.w	r3, #1
1000527c:	d000      	beq.n	10005280 <cdcd_xfer_cb+0x5c>
1000527e:	be00      	bkpt	0x0000
10005280:	2400      	movs	r4, #0
10005282:	e7df      	b.n	10005244 <cdcd_xfer_cb+0x20>
10005284:	f106 0310 	add.w	r3, r6, #16
10005288:	469b      	mov	fp, r3
1000528a:	fa1f f288 	uxth.w	r2, r8
1000528e:	492f      	ldr	r1, [pc, #188]	@ (1000534c <cdcd_xfer_cb+0x128>)
10005290:	eb01 11c4 	add.w	r1, r1, r4, lsl #7
10005294:	4618      	mov	r0, r3
10005296:	f000 fbea 	bl	10005a6e <tu_fifo_write_n>
1000529a:	4b2d      	ldr	r3, [pc, #180]	@ (10005350 <cdcd_xfer_cb+0x12c>)
1000529c:	b1c3      	cbz	r3, 100052d0 <cdcd_xfer_cb+0xac>
1000529e:	7973      	ldrb	r3, [r6, #5]
100052a0:	2bff      	cmp	r3, #255	@ 0xff
100052a2:	d015      	beq.n	100052d0 <cdcd_xfer_cb+0xac>
100052a4:	2700      	movs	r7, #0
100052a6:	e000      	b.n	100052aa <cdcd_xfer_cb+0x86>
100052a8:	3701      	adds	r7, #1
100052aa:	4547      	cmp	r7, r8
100052ac:	d210      	bcs.n	100052d0 <cdcd_xfer_cb+0xac>
100052ae:	7972      	ldrb	r2, [r6, #5]
100052b0:	4b26      	ldr	r3, [pc, #152]	@ (1000534c <cdcd_xfer_cb+0x128>)
100052b2:	eb03 13c9 	add.w	r3, r3, r9, lsl #7
100052b6:	5ddb      	ldrb	r3, [r3, r7]
100052b8:	429a      	cmp	r2, r3
100052ba:	d1f5      	bne.n	100052a8 <cdcd_xfer_cb+0x84>
100052bc:	4658      	mov	r0, fp
100052be:	f000 fb4d 	bl	1000595c <tu_fifo_empty>
100052c2:	2800      	cmp	r0, #0
100052c4:	d1f0      	bne.n	100052a8 <cdcd_xfer_cb+0x84>
100052c6:	7971      	ldrb	r1, [r6, #5]
100052c8:	4620      	mov	r0, r4
100052ca:	f3af 8000 	nop.w
100052ce:	e7eb      	b.n	100052a8 <cdcd_xfer_cb+0x84>
100052d0:	4b20      	ldr	r3, [pc, #128]	@ (10005354 <cdcd_xfer_cb+0x130>)
100052d2:	b11b      	cbz	r3, 100052dc <cdcd_xfer_cb+0xb8>
100052d4:	4658      	mov	r0, fp
100052d6:	f000 fb41 	bl	1000595c <tu_fifo_empty>
100052da:	b118      	cbz	r0, 100052e4 <cdcd_xfer_cb+0xc0>
100052dc:	4620      	mov	r0, r4
100052de:	f7ff fcb7 	bl	10004c50 <_prep_out_transaction>
100052e2:	e7ab      	b.n	1000523c <cdcd_xfer_cb+0x18>
100052e4:	4620      	mov	r0, r4
100052e6:	f3af 8000 	nop.w
100052ea:	e7f7      	b.n	100052dc <cdcd_xfer_cb+0xb8>
100052ec:	4b1a      	ldr	r3, [pc, #104]	@ (10005358 <cdcd_xfer_cb+0x134>)
100052ee:	b113      	cbz	r3, 100052f6 <cdcd_xfer_cb+0xd2>
100052f0:	4620      	mov	r0, r4
100052f2:	f3af 8000 	nop.w
100052f6:	4620      	mov	r0, r4
100052f8:	f7ff fd36 	bl	10004d68 <tud_cdc_n_write_flush>
100052fc:	b108      	cbz	r0, 10005302 <cdcd_xfer_cb+0xde>
100052fe:	2401      	movs	r4, #1
10005300:	e7a0      	b.n	10005244 <cdcd_xfer_cb+0x20>
10005302:	f106 0024 	add.w	r0, r6, #36	@ 0x24
10005306:	f000 fb15 	bl	10005934 <tu_fifo_count>
1000530a:	b9a8      	cbnz	r0, 10005338 <cdcd_xfer_cb+0x114>
1000530c:	4643      	mov	r3, r8
1000530e:	b1ab      	cbz	r3, 1000533c <cdcd_xfer_cb+0x118>
10005310:	f018 0f3f 	tst.w	r8, #63	@ 0x3f
10005314:	d001      	beq.n	1000531a <cdcd_xfer_cb+0xf6>
10005316:	2401      	movs	r4, #1
10005318:	e794      	b.n	10005244 <cdcd_xfer_cb+0x20>
1000531a:	78b1      	ldrb	r1, [r6, #2]
1000531c:	4650      	mov	r0, sl
1000531e:	f7fe ff37 	bl	10004190 <usbd_edpt_claim>
10005322:	4604      	mov	r4, r0
10005324:	b908      	cbnz	r0, 1000532a <cdcd_xfer_cb+0x106>
10005326:	2401      	movs	r4, #1
10005328:	e78c      	b.n	10005244 <cdcd_xfer_cb+0x20>
1000532a:	2300      	movs	r3, #0
1000532c:	461a      	mov	r2, r3
1000532e:	78b1      	ldrb	r1, [r6, #2]
10005330:	4650      	mov	r0, sl
10005332:	f7fe ff55 	bl	100041e0 <usbd_edpt_xfer>
10005336:	e785      	b.n	10005244 <cdcd_xfer_cb+0x20>
10005338:	2401      	movs	r4, #1
1000533a:	e783      	b.n	10005244 <cdcd_xfer_cb+0x20>
1000533c:	2401      	movs	r4, #1
1000533e:	e781      	b.n	10005244 <cdcd_xfer_cb+0x20>
10005340:	20001120 	.word	0x20001120
10005344:	10006c74 	.word	0x10006c74
10005348:	100067a0 	.word	0x100067a0
1000534c:	2000109c 	.word	0x2000109c
	...

1000535c <tusb_rhport_init>:
1000535c:	b510      	push	{r4, lr}
1000535e:	b082      	sub	sp, #8
10005360:	b159      	cbz	r1, 1000537a <tusb_rhport_init+0x1e>
10005362:	460a      	mov	r2, r1
10005364:	2801      	cmp	r0, #1
10005366:	d825      	bhi.n	100053b4 <tusb_rhport_init+0x58>
10005368:	780b      	ldrb	r3, [r1, #0]
1000536a:	b31b      	cbz	r3, 100053b4 <tusb_rhport_init+0x58>
1000536c:	4924      	ldr	r1, [pc, #144]	@ (10005400 <tusb_rhport_init+0xa4>)
1000536e:	540b      	strb	r3, [r1, r0]
10005370:	2b01      	cmp	r3, #1
10005372:	d031      	beq.n	100053d8 <tusb_rhport_init+0x7c>
10005374:	2301      	movs	r3, #1
10005376:	461c      	mov	r4, r3
10005378:	e02b      	b.n	100053d2 <tusb_rhport_init+0x76>
1000537a:	2301      	movs	r3, #1
1000537c:	f88d 3004 	strb.w	r3, [sp, #4]
10005380:	4608      	mov	r0, r1
10005382:	f88d 1005 	strb.w	r1, [sp, #5]
10005386:	a901      	add	r1, sp, #4
10005388:	f7fe fdde 	bl	10003f48 <tud_rhport_init>
1000538c:	4604      	mov	r4, r0
1000538e:	b118      	cbz	r0, 10005398 <tusb_rhport_init+0x3c>
10005390:	4b1b      	ldr	r3, [pc, #108]	@ (10005400 <tusb_rhport_init+0xa4>)
10005392:	2201      	movs	r2, #1
10005394:	701a      	strb	r2, [r3, #0]
10005396:	e01c      	b.n	100053d2 <tusb_rhport_init+0x76>
10005398:	2247      	movs	r2, #71	@ 0x47
1000539a:	491a      	ldr	r1, [pc, #104]	@ (10005404 <tusb_rhport_init+0xa8>)
1000539c:	481a      	ldr	r0, [pc, #104]	@ (10005408 <tusb_rhport_init+0xac>)
1000539e:	f7fd febb 	bl	10003118 <__wrap_printf>
100053a2:	f04f 23e0 	mov.w	r3, #3758153728	@ 0xe000e000
100053a6:	f8d3 3df0 	ldr.w	r3, [r3, #3568]	@ 0xdf0
100053aa:	f013 0f01 	tst.w	r3, #1
100053ae:	d010      	beq.n	100053d2 <tusb_rhport_init+0x76>
100053b0:	be00      	bkpt	0x0000
100053b2:	e00e      	b.n	100053d2 <tusb_rhport_init+0x76>
100053b4:	225a      	movs	r2, #90	@ 0x5a
100053b6:	4913      	ldr	r1, [pc, #76]	@ (10005404 <tusb_rhport_init+0xa8>)
100053b8:	4813      	ldr	r0, [pc, #76]	@ (10005408 <tusb_rhport_init+0xac>)
100053ba:	f7fd fead 	bl	10003118 <__wrap_printf>
100053be:	f04f 23e0 	mov.w	r3, #3758153728	@ 0xe000e000
100053c2:	f8d3 3df0 	ldr.w	r3, [r3, #3568]	@ 0xdf0
100053c6:	f013 0f01 	tst.w	r3, #1
100053ca:	d000      	beq.n	100053ce <tusb_rhport_init+0x72>
100053cc:	be00      	bkpt	0x0000
100053ce:	2300      	movs	r3, #0
100053d0:	461c      	mov	r4, r3
100053d2:	4620      	mov	r0, r4
100053d4:	b002      	add	sp, #8
100053d6:	bd10      	pop	{r4, pc}
100053d8:	4611      	mov	r1, r2
100053da:	f7fe fdb5 	bl	10003f48 <tud_rhport_init>
100053de:	4604      	mov	r4, r0
100053e0:	2800      	cmp	r0, #0
100053e2:	d1f6      	bne.n	100053d2 <tusb_rhport_init+0x76>
100053e4:	225f      	movs	r2, #95	@ 0x5f
100053e6:	4907      	ldr	r1, [pc, #28]	@ (10005404 <tusb_rhport_init+0xa8>)
100053e8:	4807      	ldr	r0, [pc, #28]	@ (10005408 <tusb_rhport_init+0xac>)
100053ea:	f7fd fe95 	bl	10003118 <__wrap_printf>
100053ee:	f04f 23e0 	mov.w	r3, #3758153728	@ 0xe000e000
100053f2:	f8d3 3df0 	ldr.w	r3, [r3, #3568]	@ 0xdf0
100053f6:	f013 0f01 	tst.w	r3, #1
100053fa:	d0ea      	beq.n	100053d2 <tusb_rhport_init+0x76>
100053fc:	be00      	bkpt	0x0000
100053fe:	e7e8      	b.n	100053d2 <tusb_rhport_init+0x76>
10005400:	2000125c 	.word	0x2000125c
10005404:	10006cbc 	.word	0x10006cbc
10005408:	100067a0 	.word	0x100067a0

1000540c <tu_edpt_claim>:
1000540c:	b570      	push	{r4, r5, r6, lr}
1000540e:	4604      	mov	r4, r0
10005410:	7803      	ldrb	r3, [r0, #0]
10005412:	f013 0001 	ands.w	r0, r3, #1
10005416:	d122      	bne.n	1000545e <tu_edpt_claim+0x52>
10005418:	468c      	mov	ip, r1
1000541a:	460d      	mov	r5, r1
1000541c:	7823      	ldrb	r3, [r4, #0]
1000541e:	f3c3 0280 	ubfx	r2, r3, #2, #1
10005422:	4616      	mov	r6, r2
10005424:	f013 0f04 	tst.w	r3, #4
10005428:	d11a      	bne.n	10005460 <tu_edpt_claim+0x54>
1000542a:	f04f 31ff 	mov.w	r1, #4294967295	@ 0xffffffff
1000542e:	4660      	mov	r0, ip
10005430:	f000 fc52 	bl	10005cd8 <__mutex_enter_timeout_ms_veneer>
10005434:	7823      	ldrb	r3, [r4, #0]
10005436:	f013 0301 	ands.w	r3, r3, #1
1000543a:	d109      	bne.n	10005450 <tu_edpt_claim+0x44>
1000543c:	7822      	ldrb	r2, [r4, #0]
1000543e:	f012 0f04 	tst.w	r2, #4
10005442:	d10a      	bne.n	1000545a <tu_edpt_claim+0x4e>
10005444:	7823      	ldrb	r3, [r4, #0]
10005446:	f043 0304 	orr.w	r3, r3, #4
1000544a:	7023      	strb	r3, [r4, #0]
1000544c:	2301      	movs	r3, #1
1000544e:	461e      	mov	r6, r3
10005450:	4628      	mov	r0, r5
10005452:	f000 fc4d 	bl	10005cf0 <__mutex_exit_veneer>
10005456:	4630      	mov	r0, r6
10005458:	e002      	b.n	10005460 <tu_edpt_claim+0x54>
1000545a:	461e      	mov	r6, r3
1000545c:	e7f8      	b.n	10005450 <tu_edpt_claim+0x44>
1000545e:	2000      	movs	r0, #0
10005460:	bd70      	pop	{r4, r5, r6, pc}

10005462 <tu_edpt_release>:
10005462:	b570      	push	{r4, r5, r6, lr}
10005464:	4604      	mov	r4, r0
10005466:	4606      	mov	r6, r0
10005468:	460a      	mov	r2, r1
1000546a:	460d      	mov	r5, r1
1000546c:	f04f 31ff 	mov.w	r1, #4294967295	@ 0xffffffff
10005470:	4610      	mov	r0, r2
10005472:	f000 fc31 	bl	10005cd8 <__mutex_enter_timeout_ms_veneer>
10005476:	7823      	ldrb	r3, [r4, #0]
10005478:	f3c3 0280 	ubfx	r2, r3, #2, #1
1000547c:	4614      	mov	r4, r2
1000547e:	f013 0f04 	tst.w	r3, #4
10005482:	d104      	bne.n	1000548e <tu_edpt_release+0x2c>
10005484:	4628      	mov	r0, r5
10005486:	f000 fc33 	bl	10005cf0 <__mutex_exit_veneer>
1000548a:	4620      	mov	r0, r4
1000548c:	bd70      	pop	{r4, r5, r6, pc}
1000548e:	7833      	ldrb	r3, [r6, #0]
10005490:	f013 0f01 	tst.w	r3, #1
10005494:	d104      	bne.n	100054a0 <tu_edpt_release+0x3e>
10005496:	7833      	ldrb	r3, [r6, #0]
10005498:	f023 0304 	bic.w	r3, r3, #4
1000549c:	7033      	strb	r3, [r6, #0]
1000549e:	e7f1      	b.n	10005484 <tu_edpt_release+0x22>
100054a0:	2300      	movs	r3, #0
100054a2:	461c      	mov	r4, r3
100054a4:	e7ee      	b.n	10005484 <tu_edpt_release+0x22>
	...

100054a8 <tu_edpt_validate>:
100054a8:	b508      	push	{r3, lr}
100054aa:	8883      	ldrh	r3, [r0, #4]
100054ac:	f3c3 020a 	ubfx	r2, r3, #0, #11
100054b0:	78c3      	ldrb	r3, [r0, #3]
100054b2:	f003 0303 	and.w	r3, r3, #3
100054b6:	2b02      	cmp	r3, #2
100054b8:	d01d      	beq.n	100054f6 <tu_edpt_validate+0x4e>
100054ba:	2b03      	cmp	r3, #3
100054bc:	d044      	beq.n	10005548 <tu_edpt_validate+0xa0>
100054be:	2b01      	cmp	r3, #1
100054c0:	d15b      	bne.n	1000557a <tu_edpt_validate+0xd2>
100054c2:	2902      	cmp	r1, #2
100054c4:	d005      	beq.n	100054d2 <tu_edpt_validate+0x2a>
100054c6:	f240 33ff 	movw	r3, #1023	@ 0x3ff
100054ca:	4293      	cmp	r3, r2
100054cc:	d304      	bcc.n	100054d8 <tu_edpt_validate+0x30>
100054ce:	2001      	movs	r0, #1
100054d0:	e054      	b.n	1000557c <tu_edpt_validate+0xd4>
100054d2:	f44f 6380 	mov.w	r3, #1024	@ 0x400
100054d6:	e7f8      	b.n	100054ca <tu_edpt_validate+0x22>
100054d8:	22d1      	movs	r2, #209	@ 0xd1
100054da:	4929      	ldr	r1, [pc, #164]	@ (10005580 <tu_edpt_validate+0xd8>)
100054dc:	4829      	ldr	r0, [pc, #164]	@ (10005584 <tu_edpt_validate+0xdc>)
100054de:	f7fd fe1b 	bl	10003118 <__wrap_printf>
100054e2:	f04f 23e0 	mov.w	r3, #3758153728	@ 0xe000e000
100054e6:	f8d3 3df0 	ldr.w	r3, [r3, #3568]	@ 0xdf0
100054ea:	f013 0f01 	tst.w	r3, #1
100054ee:	d000      	beq.n	100054f2 <tu_edpt_validate+0x4a>
100054f0:	be00      	bkpt	0x0000
100054f2:	2000      	movs	r0, #0
100054f4:	e042      	b.n	1000557c <tu_edpt_validate+0xd4>
100054f6:	2902      	cmp	r1, #2
100054f8:	d003      	beq.n	10005502 <tu_edpt_validate+0x5a>
100054fa:	2a40      	cmp	r2, #64	@ 0x40
100054fc:	d815      	bhi.n	1000552a <tu_edpt_validate+0x82>
100054fe:	2001      	movs	r0, #1
10005500:	e03c      	b.n	1000557c <tu_edpt_validate+0xd4>
10005502:	f5b2 7f00 	cmp.w	r2, #512	@ 0x200
10005506:	d101      	bne.n	1000550c <tu_edpt_validate+0x64>
10005508:	2001      	movs	r0, #1
1000550a:	e037      	b.n	1000557c <tu_edpt_validate+0xd4>
1000550c:	22d8      	movs	r2, #216	@ 0xd8
1000550e:	491c      	ldr	r1, [pc, #112]	@ (10005580 <tu_edpt_validate+0xd8>)
10005510:	481c      	ldr	r0, [pc, #112]	@ (10005584 <tu_edpt_validate+0xdc>)
10005512:	f7fd fe01 	bl	10003118 <__wrap_printf>
10005516:	f04f 23e0 	mov.w	r3, #3758153728	@ 0xe000e000
1000551a:	f8d3 3df0 	ldr.w	r3, [r3, #3568]	@ 0xdf0
1000551e:	f013 0f01 	tst.w	r3, #1
10005522:	d000      	beq.n	10005526 <tu_edpt_validate+0x7e>
10005524:	be00      	bkpt	0x0000
10005526:	2000      	movs	r0, #0
10005528:	e028      	b.n	1000557c <tu_edpt_validate+0xd4>
1000552a:	22db      	movs	r2, #219	@ 0xdb
1000552c:	4914      	ldr	r1, [pc, #80]	@ (10005580 <tu_edpt_validate+0xd8>)
1000552e:	4815      	ldr	r0, [pc, #84]	@ (10005584 <tu_edpt_validate+0xdc>)
10005530:	f7fd fdf2 	bl	10003118 <__wrap_printf>
10005534:	f04f 23e0 	mov.w	r3, #3758153728	@ 0xe000e000
10005538:	f8d3 3df0 	ldr.w	r3, [r3, #3568]	@ 0xdf0
1000553c:	f013 0f01 	tst.w	r3, #1
10005540:	d000      	beq.n	10005544 <tu_edpt_validate+0x9c>
10005542:	be00      	bkpt	0x0000
10005544:	2000      	movs	r0, #0
10005546:	e019      	b.n	1000557c <tu_edpt_validate+0xd4>
10005548:	2902      	cmp	r1, #2
1000554a:	d004      	beq.n	10005556 <tu_edpt_validate+0xae>
1000554c:	2340      	movs	r3, #64	@ 0x40
1000554e:	4293      	cmp	r3, r2
10005550:	d304      	bcc.n	1000555c <tu_edpt_validate+0xb4>
10005552:	2001      	movs	r0, #1
10005554:	e012      	b.n	1000557c <tu_edpt_validate+0xd4>
10005556:	f44f 6380 	mov.w	r3, #1024	@ 0x400
1000555a:	e7f8      	b.n	1000554e <tu_edpt_validate+0xa6>
1000555c:	22e1      	movs	r2, #225	@ 0xe1
1000555e:	4908      	ldr	r1, [pc, #32]	@ (10005580 <tu_edpt_validate+0xd8>)
10005560:	4808      	ldr	r0, [pc, #32]	@ (10005584 <tu_edpt_validate+0xdc>)
10005562:	f7fd fdd9 	bl	10003118 <__wrap_printf>
10005566:	f04f 23e0 	mov.w	r3, #3758153728	@ 0xe000e000
1000556a:	f8d3 3df0 	ldr.w	r3, [r3, #3568]	@ 0xdf0
1000556e:	f013 0f01 	tst.w	r3, #1
10005572:	d000      	beq.n	10005576 <tu_edpt_validate+0xce>
10005574:	be00      	bkpt	0x0000
10005576:	2000      	movs	r0, #0
10005578:	e000      	b.n	1000557c <tu_edpt_validate+0xd4>
1000557a:	2000      	movs	r0, #0
1000557c:	bd08      	pop	{r3, pc}
1000557e:	bf00      	nop
10005580:	10006ca8 	.word	0x10006ca8
10005584:	100067a0 	.word	0x100067a0

10005588 <tu_edpt_bind_driver>:
10005588:	440a      	add	r2, r1
1000558a:	e003      	b.n	10005594 <tu_edpt_bind_driver+0xc>
1000558c:	bd00      	pop	{pc}
1000558e:	f891 c000 	ldrb.w	ip, [r1]
10005592:	4461      	add	r1, ip
10005594:	4291      	cmp	r1, r2
10005596:	d21a      	bcs.n	100055ce <tu_edpt_bind_driver+0x46>
10005598:	f891 c001 	ldrb.w	ip, [r1, #1]
1000559c:	f1bc 0f05 	cmp.w	ip, #5
100055a0:	d1f5      	bne.n	1000558e <tu_edpt_bind_driver+0x6>
100055a2:	b500      	push	{lr}
100055a4:	f891 c002 	ldrb.w	ip, [r1, #2]
100055a8:	f00c 0e7f 	and.w	lr, ip, #127	@ 0x7f
100055ac:	eb00 0e4e 	add.w	lr, r0, lr, lsl #1
100055b0:	ea4f 1cdc 	mov.w	ip, ip, lsr #7
100055b4:	f80e 300c 	strb.w	r3, [lr, ip]
100055b8:	f891 c000 	ldrb.w	ip, [r1]
100055bc:	4461      	add	r1, ip
100055be:	4291      	cmp	r1, r2
100055c0:	d2e4      	bcs.n	1000558c <tu_edpt_bind_driver+0x4>
100055c2:	f891 c001 	ldrb.w	ip, [r1, #1]
100055c6:	f1bc 0f05 	cmp.w	ip, #5
100055ca:	d1f5      	bne.n	100055b8 <tu_edpt_bind_driver+0x30>
100055cc:	e7ea      	b.n	100055a4 <tu_edpt_bind_driver+0x1c>
100055ce:	4770      	bx	lr

100055d0 <advance_index>:
100055d0:	4603      	mov	r3, r0
100055d2:	440a      	add	r2, r1
100055d4:	b290      	uxth	r0, r2
100055d6:	4281      	cmp	r1, r0
100055d8:	d802      	bhi.n	100055e0 <advance_index+0x10>
100055da:	ebb0 0f43 	cmp.w	r0, r3, lsl #1
100055de:	db03      	blt.n	100055e8 <advance_index+0x18>
100055e0:	005b      	lsls	r3, r3, #1
100055e2:	b29b      	uxth	r3, r3
100055e4:	1ac0      	subs	r0, r0, r3
100055e6:	b280      	uxth	r0, r0
100055e8:	4770      	bx	lr

100055ea <_tu_fifo_peek>:
100055ea:	b510      	push	{r4, lr}
100055ec:	460c      	mov	r4, r1
100055ee:	f8b0 c004 	ldrh.w	ip, [r0, #4]
100055f2:	429a      	cmp	r2, r3
100055f4:	d30d      	bcc.n	10005612 <_tu_fifo_peek+0x28>
100055f6:	eba2 0e03 	sub.w	lr, r2, r3
100055fa:	fa1f f18e 	uxth.w	r1, lr
100055fe:	b321      	cbz	r1, 1000564a <_tu_fifo_peek+0x60>
10005600:	458c      	cmp	ip, r1
10005602:	d215      	bcs.n	10005630 <_tu_fifo_peek+0x46>
10005604:	4594      	cmp	ip, r2
10005606:	d80d      	bhi.n	10005624 <_tu_fifo_peek+0x3a>
10005608:	eba2 020c 	sub.w	r2, r2, ip
1000560c:	b293      	uxth	r3, r2
1000560e:	8143      	strh	r3, [r0, #10]
10005610:	e00e      	b.n	10005630 <_tu_fifo_peek+0x46>
10005612:	eba2 0e03 	sub.w	lr, r2, r3
10005616:	ea4f 014c 	mov.w	r1, ip, lsl #1
1000561a:	fa11 fe8e 	uxtah	lr, r1, lr
1000561e:	fa1f f18e 	uxth.w	r1, lr
10005622:	e7ec      	b.n	100055fe <_tu_fifo_peek+0x14>
10005624:	4462      	add	r2, ip
10005626:	b293      	uxth	r3, r2
10005628:	e7f1      	b.n	1000560e <_tu_fifo_peek+0x24>
1000562a:	eba3 030c 	sub.w	r3, r3, ip
1000562e:	b29b      	uxth	r3, r3
10005630:	459c      	cmp	ip, r3
10005632:	d9fa      	bls.n	1000562a <_tu_fifo_peek+0x40>
10005634:	6801      	ldr	r1, [r0, #0]
10005636:	88c2      	ldrh	r2, [r0, #6]
10005638:	f3c2 020e 	ubfx	r2, r2, #0, #15
1000563c:	fb02 1103 	mla	r1, r2, r3, r1
10005640:	4620      	mov	r0, r4
10005642:	f000 fa95 	bl	10005b70 <memcpy>
10005646:	2001      	movs	r0, #1
10005648:	bd10      	pop	{r4, pc}
1000564a:	4608      	mov	r0, r1
1000564c:	e7fc      	b.n	10005648 <_tu_fifo_peek+0x5e>

1000564e <_ff_pull_n>:
1000564e:	e92d 43f8 	stmdb	sp!, {r3, r4, r5, r6, r7, r8, r9, lr}
10005652:	4604      	mov	r4, r0
10005654:	460f      	mov	r7, r1
10005656:	f89d 5020 	ldrb.w	r5, [sp, #32]
1000565a:	f8b0 c004 	ldrh.w	ip, [r0, #4]
1000565e:	ebac 0003 	sub.w	r0, ip, r3
10005662:	b280      	uxth	r0, r0
10005664:	eba3 0c0c 	sub.w	ip, r3, ip
10005668:	4494      	add	ip, r2
1000566a:	fa1f fc8c 	uxth.w	ip, ip
1000566e:	88e1      	ldrh	r1, [r4, #6]
10005670:	f3c1 0e0e 	ubfx	lr, r1, #0, #15
10005674:	4676      	mov	r6, lr
10005676:	fb1e f100 	smulbb	r1, lr, r0
1000567a:	b289      	uxth	r1, r1
1000567c:	4688      	mov	r8, r1
1000567e:	fb1e fe0c 	smulbb	lr, lr, ip
10005682:	fa1f f18e 	uxth.w	r1, lr
10005686:	4689      	mov	r9, r1
10005688:	6821      	ldr	r1, [r4, #0]
1000568a:	fb06 1103 	mla	r1, r6, r3, r1
1000568e:	b935      	cbnz	r5, 1000569e <_ff_pull_n+0x50>
10005690:	4290      	cmp	r0, r2
10005692:	d306      	bcc.n	100056a2 <_ff_pull_n+0x54>
10005694:	fb06 f202 	mul.w	r2, r6, r2
10005698:	4638      	mov	r0, r7
1000569a:	f000 fa69 	bl	10005b70 <memcpy>
1000569e:	e8bd 83f8 	ldmia.w	sp!, {r3, r4, r5, r6, r7, r8, r9, pc}
100056a2:	4642      	mov	r2, r8
100056a4:	4638      	mov	r0, r7
100056a6:	f000 fa63 	bl	10005b70 <memcpy>
100056aa:	464a      	mov	r2, r9
100056ac:	6821      	ldr	r1, [r4, #0]
100056ae:	4638      	mov	r0, r7
100056b0:	4440      	add	r0, r8
100056b2:	f000 fa5d 	bl	10005b70 <memcpy>
100056b6:	e7f2      	b.n	1000569e <_ff_pull_n+0x50>

100056b8 <_tu_fifo_peek_n>:
100056b8:	b530      	push	{r4, r5, lr}
100056ba:	b083      	sub	sp, #12
100056bc:	4615      	mov	r5, r2
100056be:	469e      	mov	lr, r3
100056c0:	f8bd 3018 	ldrh.w	r3, [sp, #24]
100056c4:	f8b0 c004 	ldrh.w	ip, [r0, #4]
100056c8:	459e      	cmp	lr, r3
100056ca:	d311      	bcc.n	100056f0 <_tu_fifo_peek_n+0x38>
100056cc:	ebae 0403 	sub.w	r4, lr, r3
100056d0:	b2a4      	uxth	r4, r4
100056d2:	b324      	cbz	r4, 1000571e <_tu_fifo_peek_n+0x66>
100056d4:	45a4      	cmp	ip, r4
100056d6:	d207      	bcs.n	100056e8 <_tu_fifo_peek_n+0x30>
100056d8:	45f4      	cmp	ip, lr
100056da:	d811      	bhi.n	10005700 <_tu_fifo_peek_n+0x48>
100056dc:	ebae 0e0c 	sub.w	lr, lr, ip
100056e0:	fa1f f38e 	uxth.w	r3, lr
100056e4:	8143      	strh	r3, [r0, #10]
100056e6:	4664      	mov	r4, ip
100056e8:	42ac      	cmp	r4, r5
100056ea:	d310      	bcc.n	1000570e <_tu_fifo_peek_n+0x56>
100056ec:	462c      	mov	r4, r5
100056ee:	e00e      	b.n	1000570e <_tu_fifo_peek_n+0x56>
100056f0:	ebae 0403 	sub.w	r4, lr, r3
100056f4:	ea4f 024c 	mov.w	r2, ip, lsl #1
100056f8:	fa12 f484 	uxtah	r4, r2, r4
100056fc:	b2a4      	uxth	r4, r4
100056fe:	e7e8      	b.n	100056d2 <_tu_fifo_peek_n+0x1a>
10005700:	44e6      	add	lr, ip
10005702:	fa1f f38e 	uxth.w	r3, lr
10005706:	e7ed      	b.n	100056e4 <_tu_fifo_peek_n+0x2c>
10005708:	eba3 030c 	sub.w	r3, r3, ip
1000570c:	b29b      	uxth	r3, r3
1000570e:	459c      	cmp	ip, r3
10005710:	d9fa      	bls.n	10005708 <_tu_fifo_peek_n+0x50>
10005712:	f89d 201c 	ldrb.w	r2, [sp, #28]
10005716:	9200      	str	r2, [sp, #0]
10005718:	4622      	mov	r2, r4
1000571a:	f7ff ff98 	bl	1000564e <_ff_pull_n>
1000571e:	4620      	mov	r0, r4
10005720:	b003      	add	sp, #12
10005722:	bd30      	pop	{r4, r5, pc}

10005724 <_tu_fifo_read_n>:
10005724:	b5f0      	push	{r4, r5, r6, r7, lr}
10005726:	b083      	sub	sp, #12
10005728:	4604      	mov	r4, r0
1000572a:	460d      	mov	r5, r1
1000572c:	4616      	mov	r6, r2
1000572e:	461f      	mov	r7, r3
10005730:	6900      	ldr	r0, [r0, #16]
10005732:	b118      	cbz	r0, 1000573c <_tu_fifo_read_n+0x18>
10005734:	f04f 31ff 	mov.w	r1, #4294967295	@ 0xffffffff
10005738:	f000 face 	bl	10005cd8 <__mutex_enter_timeout_ms_veneer>
1000573c:	8923      	ldrh	r3, [r4, #8]
1000573e:	8962      	ldrh	r2, [r4, #10]
10005740:	b292      	uxth	r2, r2
10005742:	9701      	str	r7, [sp, #4]
10005744:	9200      	str	r2, [sp, #0]
10005746:	b29b      	uxth	r3, r3
10005748:	4632      	mov	r2, r6
1000574a:	4629      	mov	r1, r5
1000574c:	4620      	mov	r0, r4
1000574e:	f7ff ffb3 	bl	100056b8 <_tu_fifo_peek_n>
10005752:	4602      	mov	r2, r0
10005754:	4605      	mov	r5, r0
10005756:	8961      	ldrh	r1, [r4, #10]
10005758:	b289      	uxth	r1, r1
1000575a:	88a0      	ldrh	r0, [r4, #4]
1000575c:	f7ff ff38 	bl	100055d0 <advance_index>
10005760:	8160      	strh	r0, [r4, #10]
10005762:	6920      	ldr	r0, [r4, #16]
10005764:	b108      	cbz	r0, 1000576a <_tu_fifo_read_n+0x46>
10005766:	f000 fac3 	bl	10005cf0 <__mutex_exit_veneer>
1000576a:	4628      	mov	r0, r5
1000576c:	b003      	add	sp, #12
1000576e:	bdf0      	pop	{r4, r5, r6, r7, pc}

10005770 <_ff_push_n>:
10005770:	e92d 41f0 	stmdb	sp!, {r4, r5, r6, r7, r8, lr}
10005774:	4604      	mov	r4, r0
10005776:	460f      	mov	r7, r1
10005778:	f89d e018 	ldrb.w	lr, [sp, #24]
1000577c:	f8b0 c004 	ldrh.w	ip, [r0, #4]
10005780:	ebac 0103 	sub.w	r1, ip, r3
10005784:	b289      	uxth	r1, r1
10005786:	eba3 0c0c 	sub.w	ip, r3, ip
1000578a:	4494      	add	ip, r2
1000578c:	fa1f fc8c 	uxth.w	ip, ip
10005790:	88c5      	ldrh	r5, [r0, #6]
10005792:	f3c5 000e 	ubfx	r0, r5, #0, #15
10005796:	4605      	mov	r5, r0
10005798:	fb10 f601 	smulbb	r6, r0, r1
1000579c:	fb10 f00c 	smulbb	r0, r0, ip
100057a0:	b280      	uxth	r0, r0
100057a2:	4680      	mov	r8, r0
100057a4:	6820      	ldr	r0, [r4, #0]
100057a6:	fb05 0003 	mla	r0, r5, r3, r0
100057aa:	f1be 0f00 	cmp.w	lr, #0
100057ae:	d107      	bne.n	100057c0 <_ff_push_n+0x50>
100057b0:	b2b6      	uxth	r6, r6
100057b2:	4291      	cmp	r1, r2
100057b4:	d306      	bcc.n	100057c4 <_ff_push_n+0x54>
100057b6:	fb05 f202 	mul.w	r2, r5, r2
100057ba:	4639      	mov	r1, r7
100057bc:	f000 f9d8 	bl	10005b70 <memcpy>
100057c0:	e8bd 81f0 	ldmia.w	sp!, {r4, r5, r6, r7, r8, pc}
100057c4:	4632      	mov	r2, r6
100057c6:	4639      	mov	r1, r7
100057c8:	f000 f9d2 	bl	10005b70 <memcpy>
100057cc:	4642      	mov	r2, r8
100057ce:	4639      	mov	r1, r7
100057d0:	4431      	add	r1, r6
100057d2:	6820      	ldr	r0, [r4, #0]
100057d4:	f000 f9cc 	bl	10005b70 <memcpy>
100057d8:	e7f2      	b.n	100057c0 <_ff_push_n+0x50>

100057da <_tu_fifo_write_n>:
100057da:	e92d 43f0 	stmdb	sp!, {r4, r5, r6, r7, r8, r9, lr}
100057de:	b083      	sub	sp, #12
100057e0:	4616      	mov	r6, r2
100057e2:	2a00      	cmp	r2, #0
100057e4:	d073      	beq.n	100058ce <_tu_fifo_write_n+0xf4>
100057e6:	4604      	mov	r4, r0
100057e8:	4689      	mov	r9, r1
100057ea:	4698      	mov	r8, r3
100057ec:	68c0      	ldr	r0, [r0, #12]
100057ee:	b118      	cbz	r0, 100057f8 <_tu_fifo_write_n+0x1e>
100057f0:	f04f 31ff 	mov.w	r1, #4294967295	@ 0xffffffff
100057f4:	f000 fa70 	bl	10005cd8 <__mutex_enter_timeout_ms_veneer>
100057f8:	8923      	ldrh	r3, [r4, #8]
100057fa:	b29a      	uxth	r2, r3
100057fc:	4617      	mov	r7, r2
100057fe:	f8b4 c00a 	ldrh.w	ip, [r4, #10]
10005802:	fa1f f18c 	uxth.w	r1, ip
10005806:	79e3      	ldrb	r3, [r4, #7]
10005808:	09db      	lsrs	r3, r3, #7
1000580a:	d11d      	bne.n	10005848 <_tu_fifo_write_n+0x6e>
1000580c:	88a5      	ldrh	r5, [r4, #4]
1000580e:	428a      	cmp	r2, r1
10005810:	d312      	bcc.n	10005838 <_tu_fifo_write_n+0x5e>
10005812:	eba2 0c01 	sub.w	ip, r2, r1
10005816:	fa1f fc8c 	uxth.w	ip, ip
1000581a:	4565      	cmp	r5, ip
1000581c:	d955      	bls.n	100058ca <_tu_fifo_write_n+0xf0>
1000581e:	eba5 050c 	sub.w	r5, r5, ip
10005822:	b2ad      	uxth	r5, r5
10005824:	4633      	mov	r3, r6
10005826:	42ae      	cmp	r6, r5
10005828:	bf28      	it	cs
1000582a:	462b      	movcs	r3, r5
1000582c:	461d      	mov	r5, r3
1000582e:	2d00      	cmp	r5, #0
10005830:	d043      	beq.n	100058ba <_tu_fifo_write_n+0xe0>
10005832:	88a2      	ldrh	r2, [r4, #4]
10005834:	463b      	mov	r3, r7
10005836:	e031      	b.n	1000589c <_tu_fifo_write_n+0xc2>
10005838:	eba2 0c01 	sub.w	ip, r2, r1
1000583c:	006b      	lsls	r3, r5, #1
1000583e:	fa13 fc8c 	uxtah	ip, r3, ip
10005842:	fa1f fc8c 	uxth.w	ip, ip
10005846:	e7e8      	b.n	1000581a <_tu_fifo_write_n+0x40>
10005848:	88a5      	ldrh	r5, [r4, #4]
1000584a:	42b5      	cmp	r5, r6
1000584c:	d80a      	bhi.n	10005864 <_tu_fifo_write_n+0x8a>
1000584e:	4642      	mov	r2, r8
10005850:	b9f2      	cbnz	r2, 10005890 <_tu_fifo_write_n+0xb6>
10005852:	1b72      	subs	r2, r6, r5
10005854:	88e3      	ldrh	r3, [r4, #6]
10005856:	f3c3 030e 	ubfx	r3, r3, #0, #15
1000585a:	fb03 9302 	mla	r3, r3, r2, r9
1000585e:	4699      	mov	r9, r3
10005860:	460f      	mov	r7, r1
10005862:	e7e4      	b.n	1000582e <_tu_fifo_write_n+0x54>
10005864:	428a      	cmp	r2, r1
10005866:	d30d      	bcc.n	10005884 <_tu_fifo_write_n+0xaa>
10005868:	1a53      	subs	r3, r2, r1
1000586a:	b29b      	uxth	r3, r3
1000586c:	4433      	add	r3, r6
1000586e:	ebb3 0f45 	cmp.w	r3, r5, lsl #1
10005872:	db0f      	blt.n	10005894 <_tu_fifo_write_n+0xba>
10005874:	1baa      	subs	r2, r5, r6
10005876:	b292      	uxth	r2, r2
10005878:	4628      	mov	r0, r5
1000587a:	f7ff fea9 	bl	100055d0 <advance_index>
1000587e:	4607      	mov	r7, r0
10005880:	4635      	mov	r5, r6
10005882:	e7d4      	b.n	1000582e <_tu_fifo_write_n+0x54>
10005884:	1a53      	subs	r3, r2, r1
10005886:	006a      	lsls	r2, r5, #1
10005888:	fa12 f383 	uxtah	r3, r2, r3
1000588c:	b29b      	uxth	r3, r3
1000588e:	e7ed      	b.n	1000586c <_tu_fifo_write_n+0x92>
10005890:	460f      	mov	r7, r1
10005892:	e7cc      	b.n	1000582e <_tu_fifo_write_n+0x54>
10005894:	4635      	mov	r5, r6
10005896:	e7ca      	b.n	1000582e <_tu_fifo_write_n+0x54>
10005898:	1a9b      	subs	r3, r3, r2
1000589a:	b29b      	uxth	r3, r3
1000589c:	429a      	cmp	r2, r3
1000589e:	d9fb      	bls.n	10005898 <_tu_fifo_write_n+0xbe>
100058a0:	f8cd 8000 	str.w	r8, [sp]
100058a4:	462a      	mov	r2, r5
100058a6:	4649      	mov	r1, r9
100058a8:	4620      	mov	r0, r4
100058aa:	f7ff ff61 	bl	10005770 <_ff_push_n>
100058ae:	462a      	mov	r2, r5
100058b0:	4639      	mov	r1, r7
100058b2:	88a0      	ldrh	r0, [r4, #4]
100058b4:	f7ff fe8c 	bl	100055d0 <advance_index>
100058b8:	8120      	strh	r0, [r4, #8]
100058ba:	68e0      	ldr	r0, [r4, #12]
100058bc:	b108      	cbz	r0, 100058c2 <_tu_fifo_write_n+0xe8>
100058be:	f000 fa17 	bl	10005cf0 <__mutex_exit_veneer>
100058c2:	4628      	mov	r0, r5
100058c4:	b003      	add	sp, #12
100058c6:	e8bd 83f0 	ldmia.w	sp!, {r4, r5, r6, r7, r8, r9, pc}
100058ca:	2500      	movs	r5, #0
100058cc:	e7f5      	b.n	100058ba <_tu_fifo_write_n+0xe0>
100058ce:	4615      	mov	r5, r2
100058d0:	e7f7      	b.n	100058c2 <_tu_fifo_write_n+0xe8>

100058d2 <tu_fifo_config>:
100058d2:	b5f8      	push	{r3, r4, r5, r6, r7, lr}
100058d4:	461f      	mov	r7, r3
100058d6:	f5b2 4f00 	cmp.w	r2, #32768	@ 0x8000
100058da:	d827      	bhi.n	1000592c <tu_fifo_config+0x5a>
100058dc:	4604      	mov	r4, r0
100058de:	460d      	mov	r5, r1
100058e0:	4616      	mov	r6, r2
100058e2:	68c0      	ldr	r0, [r0, #12]
100058e4:	b118      	cbz	r0, 100058ee <tu_fifo_config+0x1c>
100058e6:	f04f 31ff 	mov.w	r1, #4294967295	@ 0xffffffff
100058ea:	f000 f9f5 	bl	10005cd8 <__mutex_enter_timeout_ms_veneer>
100058ee:	6920      	ldr	r0, [r4, #16]
100058f0:	b118      	cbz	r0, 100058fa <tu_fifo_config+0x28>
100058f2:	f04f 31ff 	mov.w	r1, #4294967295	@ 0xffffffff
100058f6:	f000 f9ef 	bl	10005cd8 <__mutex_enter_timeout_ms_veneer>
100058fa:	6025      	str	r5, [r4, #0]
100058fc:	80a6      	strh	r6, [r4, #4]
100058fe:	88e3      	ldrh	r3, [r4, #6]
10005900:	f367 030e 	bfi	r3, r7, #0, #15
10005904:	80e3      	strh	r3, [r4, #6]
10005906:	79e3      	ldrb	r3, [r4, #7]
10005908:	f89d 2018 	ldrb.w	r2, [sp, #24]
1000590c:	f362 13c7 	bfi	r3, r2, #7, #1
10005910:	71e3      	strb	r3, [r4, #7]
10005912:	2300      	movs	r3, #0
10005914:	8163      	strh	r3, [r4, #10]
10005916:	8123      	strh	r3, [r4, #8]
10005918:	68e0      	ldr	r0, [r4, #12]
1000591a:	b108      	cbz	r0, 10005920 <tu_fifo_config+0x4e>
1000591c:	f000 f9e8 	bl	10005cf0 <__mutex_exit_veneer>
10005920:	6920      	ldr	r0, [r4, #16]
10005922:	b128      	cbz	r0, 10005930 <tu_fifo_config+0x5e>
10005924:	f000 f9e4 	bl	10005cf0 <__mutex_exit_veneer>
10005928:	2001      	movs	r0, #1
1000592a:	bdf8      	pop	{r3, r4, r5, r6, r7, pc}
1000592c:	2000      	movs	r0, #0
1000592e:	e7fc      	b.n	1000592a <tu_fifo_config+0x58>
10005930:	2001      	movs	r0, #1
10005932:	e7fa      	b.n	1000592a <tu_fifo_config+0x58>

10005934 <tu_fifo_count>:
10005934:	4602      	mov	r2, r0
10005936:	8880      	ldrh	r0, [r0, #4]
10005938:	8913      	ldrh	r3, [r2, #8]
1000593a:	b29b      	uxth	r3, r3
1000593c:	8952      	ldrh	r2, [r2, #10]
1000593e:	b292      	uxth	r2, r2
10005940:	4293      	cmp	r3, r2
10005942:	d305      	bcc.n	10005950 <tu_fifo_count+0x1c>
10005944:	1a9b      	subs	r3, r3, r2
10005946:	b29b      	uxth	r3, r3
10005948:	4298      	cmp	r0, r3
1000594a:	bf28      	it	cs
1000594c:	4618      	movcs	r0, r3
1000594e:	4770      	bx	lr
10005950:	1a9b      	subs	r3, r3, r2
10005952:	0042      	lsls	r2, r0, #1
10005954:	fa12 f383 	uxtah	r3, r2, r3
10005958:	b29b      	uxth	r3, r3
1000595a:	e7f5      	b.n	10005948 <tu_fifo_count+0x14>

1000595c <tu_fifo_empty>:
1000595c:	8902      	ldrh	r2, [r0, #8]
1000595e:	b292      	uxth	r2, r2
10005960:	8943      	ldrh	r3, [r0, #10]
10005962:	b29b      	uxth	r3, r3
10005964:	429a      	cmp	r2, r3
10005966:	bf14      	ite	ne
10005968:	2000      	movne	r0, #0
1000596a:	2001      	moveq	r0, #1
1000596c:	4770      	bx	lr

1000596e <tu_fifo_full>:
1000596e:	8881      	ldrh	r1, [r0, #4]
10005970:	8903      	ldrh	r3, [r0, #8]
10005972:	b29b      	uxth	r3, r3
10005974:	8942      	ldrh	r2, [r0, #10]
10005976:	b292      	uxth	r2, r2
10005978:	4293      	cmp	r3, r2
1000597a:	d306      	bcc.n	1000598a <tu_fifo_full+0x1c>
1000597c:	1a9b      	subs	r3, r3, r2
1000597e:	b298      	uxth	r0, r3
10005980:	4281      	cmp	r1, r0
10005982:	bf8c      	ite	hi
10005984:	2000      	movhi	r0, #0
10005986:	2001      	movls	r0, #1
10005988:	4770      	bx	lr
1000598a:	1a9b      	subs	r3, r3, r2
1000598c:	004a      	lsls	r2, r1, #1
1000598e:	fa12 f383 	uxtah	r3, r2, r3
10005992:	b298      	uxth	r0, r3
10005994:	e7f4      	b.n	10005980 <tu_fifo_full+0x12>

10005996 <tu_fifo_remaining>:
10005996:	8882      	ldrh	r2, [r0, #4]
10005998:	8903      	ldrh	r3, [r0, #8]
1000599a:	b29b      	uxth	r3, r3
1000599c:	8941      	ldrh	r1, [r0, #10]
1000599e:	b289      	uxth	r1, r1
100059a0:	428b      	cmp	r3, r1
100059a2:	d306      	bcc.n	100059b2 <tu_fifo_remaining+0x1c>
100059a4:	1a5b      	subs	r3, r3, r1
100059a6:	b29b      	uxth	r3, r3
100059a8:	429a      	cmp	r2, r3
100059aa:	d908      	bls.n	100059be <tu_fifo_remaining+0x28>
100059ac:	1ad0      	subs	r0, r2, r3
100059ae:	b280      	uxth	r0, r0
100059b0:	4770      	bx	lr
100059b2:	1a5b      	subs	r3, r3, r1
100059b4:	0051      	lsls	r1, r2, #1
100059b6:	fa11 f383 	uxtah	r3, r1, r3
100059ba:	b29b      	uxth	r3, r3
100059bc:	e7f4      	b.n	100059a8 <tu_fifo_remaining+0x12>
100059be:	2000      	movs	r0, #0
100059c0:	4770      	bx	lr

100059c2 <tu_fifo_read>:
100059c2:	b538      	push	{r3, r4, r5, lr}
100059c4:	4604      	mov	r4, r0
100059c6:	460d      	mov	r5, r1
100059c8:	6900      	ldr	r0, [r0, #16]
100059ca:	b118      	cbz	r0, 100059d4 <tu_fifo_read+0x12>
100059cc:	f04f 31ff 	mov.w	r1, #4294967295	@ 0xffffffff
100059d0:	f000 f982 	bl	10005cd8 <__mutex_enter_timeout_ms_veneer>
100059d4:	8922      	ldrh	r2, [r4, #8]
100059d6:	8963      	ldrh	r3, [r4, #10]
100059d8:	b29b      	uxth	r3, r3
100059da:	b292      	uxth	r2, r2
100059dc:	4629      	mov	r1, r5
100059de:	4620      	mov	r0, r4
100059e0:	f7ff fe03 	bl	100055ea <_tu_fifo_peek>
100059e4:	4602      	mov	r2, r0
100059e6:	4605      	mov	r5, r0
100059e8:	8961      	ldrh	r1, [r4, #10]
100059ea:	b289      	uxth	r1, r1
100059ec:	88a0      	ldrh	r0, [r4, #4]
100059ee:	f7ff fdef 	bl	100055d0 <advance_index>
100059f2:	8160      	strh	r0, [r4, #10]
100059f4:	6920      	ldr	r0, [r4, #16]
100059f6:	b108      	cbz	r0, 100059fc <tu_fifo_read+0x3a>
100059f8:	f000 f97a 	bl	10005cf0 <__mutex_exit_veneer>
100059fc:	4628      	mov	r0, r5
100059fe:	bd38      	pop	{r3, r4, r5, pc}

10005a00 <tu_fifo_read_n>:
10005a00:	b508      	push	{r3, lr}
10005a02:	2300      	movs	r3, #0
10005a04:	f7ff fe8e 	bl	10005724 <_tu_fifo_read_n>
10005a08:	bd08      	pop	{r3, pc}

10005a0a <tu_fifo_write>:
10005a0a:	b5f8      	push	{r3, r4, r5, r6, r7, lr}
10005a0c:	4604      	mov	r4, r0
10005a0e:	460f      	mov	r7, r1
10005a10:	68c0      	ldr	r0, [r0, #12]
10005a12:	b118      	cbz	r0, 10005a1c <tu_fifo_write+0x12>
10005a14:	f04f 31ff 	mov.w	r1, #4294967295	@ 0xffffffff
10005a18:	f000 f95e 	bl	10005cd8 <__mutex_enter_timeout_ms_veneer>
10005a1c:	8923      	ldrh	r3, [r4, #8]
10005a1e:	b29b      	uxth	r3, r3
10005a20:	461d      	mov	r5, r3
10005a22:	4620      	mov	r0, r4
10005a24:	f7ff ffa3 	bl	1000596e <tu_fifo_full>
10005a28:	b118      	cbz	r0, 10005a32 <tu_fifo_write+0x28>
10005a2a:	79e3      	ldrb	r3, [r4, #7]
10005a2c:	09db      	lsrs	r3, r3, #7
10005a2e:	461e      	mov	r6, r3
10005a30:	d017      	beq.n	10005a62 <tu_fifo_write+0x58>
10005a32:	88a2      	ldrh	r2, [r4, #4]
10005a34:	462b      	mov	r3, r5
10005a36:	e001      	b.n	10005a3c <tu_fifo_write+0x32>
10005a38:	1a9b      	subs	r3, r3, r2
10005a3a:	b29b      	uxth	r3, r3
10005a3c:	429a      	cmp	r2, r3
10005a3e:	d9fb      	bls.n	10005a38 <tu_fifo_write+0x2e>
10005a40:	6820      	ldr	r0, [r4, #0]
10005a42:	88e2      	ldrh	r2, [r4, #6]
10005a44:	f3c2 020e 	ubfx	r2, r2, #0, #15
10005a48:	4639      	mov	r1, r7
10005a4a:	fb02 0003 	mla	r0, r2, r3, r0
10005a4e:	f000 f88f 	bl	10005b70 <memcpy>
10005a52:	2201      	movs	r2, #1
10005a54:	4629      	mov	r1, r5
10005a56:	88a0      	ldrh	r0, [r4, #4]
10005a58:	f7ff fdba 	bl	100055d0 <advance_index>
10005a5c:	8120      	strh	r0, [r4, #8]
10005a5e:	2301      	movs	r3, #1
10005a60:	461e      	mov	r6, r3
10005a62:	68e0      	ldr	r0, [r4, #12]
10005a64:	b108      	cbz	r0, 10005a6a <tu_fifo_write+0x60>
10005a66:	f000 f943 	bl	10005cf0 <__mutex_exit_veneer>
10005a6a:	4630      	mov	r0, r6
10005a6c:	bdf8      	pop	{r3, r4, r5, r6, r7, pc}

10005a6e <tu_fifo_write_n>:
10005a6e:	b508      	push	{r3, lr}
10005a70:	2300      	movs	r3, #0
10005a72:	f7ff feb2 	bl	100057da <_tu_fifo_write_n>
10005a76:	bd08      	pop	{r3, pc}

10005a78 <tu_fifo_clear>:
10005a78:	b510      	push	{r4, lr}
10005a7a:	4604      	mov	r4, r0
10005a7c:	68c0      	ldr	r0, [r0, #12]
10005a7e:	b118      	cbz	r0, 10005a88 <tu_fifo_clear+0x10>
10005a80:	f04f 31ff 	mov.w	r1, #4294967295	@ 0xffffffff
10005a84:	f000 f928 	bl	10005cd8 <__mutex_enter_timeout_ms_veneer>
10005a88:	6920      	ldr	r0, [r4, #16]
10005a8a:	b118      	cbz	r0, 10005a94 <tu_fifo_clear+0x1c>
10005a8c:	f04f 31ff 	mov.w	r1, #4294967295	@ 0xffffffff
10005a90:	f000 f922 	bl	10005cd8 <__mutex_enter_timeout_ms_veneer>
10005a94:	2300      	movs	r3, #0
10005a96:	8163      	strh	r3, [r4, #10]
10005a98:	8123      	strh	r3, [r4, #8]
10005a9a:	68e0      	ldr	r0, [r4, #12]
10005a9c:	b108      	cbz	r0, 10005aa2 <tu_fifo_clear+0x2a>
10005a9e:	f000 f927 	bl	10005cf0 <__mutex_exit_veneer>
10005aa2:	6920      	ldr	r0, [r4, #16]
10005aa4:	b108      	cbz	r0, 10005aaa <tu_fifo_clear+0x32>
10005aa6:	f000 f923 	bl	10005cf0 <__mutex_exit_veneer>
10005aaa:	2001      	movs	r0, #1
10005aac:	bd10      	pop	{r4, pc}

10005aae <tu_fifo_set_overwritable>:
10005aae:	b538      	push	{r3, r4, r5, lr}
10005ab0:	4604      	mov	r4, r0
10005ab2:	460d      	mov	r5, r1
10005ab4:	68c0      	ldr	r0, [r0, #12]
10005ab6:	b118      	cbz	r0, 10005ac0 <tu_fifo_set_overwritable+0x12>
10005ab8:	f04f 31ff 	mov.w	r1, #4294967295	@ 0xffffffff
10005abc:	f000 f90c 	bl	10005cd8 <__mutex_enter_timeout_ms_veneer>
10005ac0:	6920      	ldr	r0, [r4, #16]
10005ac2:	b118      	cbz	r0, 10005acc <tu_fifo_set_overwritable+0x1e>
10005ac4:	f04f 31ff 	mov.w	r1, #4294967295	@ 0xffffffff
10005ac8:	f000 f906 	bl	10005cd8 <__mutex_enter_timeout_ms_veneer>
10005acc:	79e3      	ldrb	r3, [r4, #7]
10005ace:	f365 13c7 	bfi	r3, r5, #7, #1
10005ad2:	71e3      	strb	r3, [r4, #7]
10005ad4:	68e0      	ldr	r0, [r4, #12]
10005ad6:	b108      	cbz	r0, 10005adc <tu_fifo_set_overwritable+0x2e>
10005ad8:	f000 f90a 	bl	10005cf0 <__mutex_exit_veneer>
10005adc:	6920      	ldr	r0, [r4, #16]
10005ade:	b108      	cbz	r0, 10005ae4 <tu_fifo_set_overwritable+0x36>
10005ae0:	f000 f906 	bl	10005cf0 <__mutex_exit_veneer>
10005ae4:	2001      	movs	r0, #1
10005ae6:	bd38      	pop	{r3, r4, r5, pc}

10005ae8 <memset>:
10005ae8:	b530      	push	{r4, r5, lr}
10005aea:	0784      	lsls	r4, r0, #30
10005aec:	4686      	mov	lr, r0
10005aee:	4603      	mov	r3, r0
10005af0:	d006      	beq.n	10005b00 <memset+0x18>
10005af2:	b3a2      	cbz	r2, 10005b5e <memset+0x76>
10005af4:	f803 1b01 	strb.w	r1, [r3], #1
10005af8:	0798      	lsls	r0, r3, #30
10005afa:	f102 32ff 	add.w	r2, r2, #4294967295	@ 0xffffffff
10005afe:	d1f8      	bne.n	10005af2 <memset+0xa>
10005b00:	2a03      	cmp	r2, #3
10005b02:	d926      	bls.n	10005b52 <memset+0x6a>
10005b04:	fa5f fc81 	uxtb.w	ip, r1
10005b08:	2a0f      	cmp	r2, #15
10005b0a:	eb0c 2c0c 	add.w	ip, ip, ip, lsl #8
10005b0e:	eb0c 400c 	add.w	r0, ip, ip, lsl #16
10005b12:	d92a      	bls.n	10005b6a <memset+0x82>
10005b14:	f022 0c0f 	bic.w	ip, r2, #15
10005b18:	449c      	add	ip, r3
10005b1a:	e9c3 0000 	strd	r0, r0, [r3]
10005b1e:	e9c3 0002 	strd	r0, r0, [r3, #8]
10005b22:	3310      	adds	r3, #16
10005b24:	4563      	cmp	r3, ip
10005b26:	d1f8      	bne.n	10005b1a <memset+0x32>
10005b28:	f012 0f0c 	tst.w	r2, #12
10005b2c:	f002 050f 	and.w	r5, r2, #15
10005b30:	d017      	beq.n	10005b62 <memset+0x7a>
10005b32:	ea4f 0c95 	mov.w	ip, r5, lsr #2
10005b36:	461a      	mov	r2, r3
10005b38:	f10c 34ff 	add.w	r4, ip, #4294967295	@ 0xffffffff
10005b3c:	eb03 0c8c 	add.w	ip, r3, ip, lsl #2
10005b40:	f842 0b04 	str.w	r0, [r2], #4
10005b44:	4562      	cmp	r2, ip
10005b46:	d1fb      	bne.n	10005b40 <memset+0x58>
10005b48:	3304      	adds	r3, #4
10005b4a:	f005 0203 	and.w	r2, r5, #3
10005b4e:	eb03 0384 	add.w	r3, r3, r4, lsl #2
10005b52:	b122      	cbz	r2, 10005b5e <memset+0x76>
10005b54:	441a      	add	r2, r3
10005b56:	f803 1b01 	strb.w	r1, [r3], #1
10005b5a:	429a      	cmp	r2, r3
10005b5c:	d1fb      	bne.n	10005b56 <memset+0x6e>
10005b5e:	4670      	mov	r0, lr
10005b60:	bd30      	pop	{r4, r5, pc}
10005b62:	462a      	mov	r2, r5
10005b64:	2a00      	cmp	r2, #0
10005b66:	d1f5      	bne.n	10005b54 <memset+0x6c>
10005b68:	e7f9      	b.n	10005b5e <memset+0x76>
10005b6a:	4615      	mov	r5, r2
10005b6c:	e7e1      	b.n	10005b32 <memset+0x4a>
10005b6e:	bf00      	nop

10005b70 <memcpy>:
10005b70:	4684      	mov	ip, r0
10005b72:	ea41 0300 	orr.w	r3, r1, r0
10005b76:	f013 0303 	ands.w	r3, r3, #3
10005b7a:	d149      	bne.n	10005c10 <memcpy+0xa0>
10005b7c:	3a40      	subs	r2, #64	@ 0x40
10005b7e:	d323      	bcc.n	10005bc8 <memcpy+0x58>
10005b80:	680b      	ldr	r3, [r1, #0]
10005b82:	6003      	str	r3, [r0, #0]
10005b84:	684b      	ldr	r3, [r1, #4]
10005b86:	6043      	str	r3, [r0, #4]
10005b88:	688b      	ldr	r3, [r1, #8]
10005b8a:	6083      	str	r3, [r0, #8]
10005b8c:	68cb      	ldr	r3, [r1, #12]
10005b8e:	60c3      	str	r3, [r0, #12]
10005b90:	690b      	ldr	r3, [r1, #16]
10005b92:	6103      	str	r3, [r0, #16]
10005b94:	694b      	ldr	r3, [r1, #20]
10005b96:	6143      	str	r3, [r0, #20]
10005b98:	698b      	ldr	r3, [r1, #24]
10005b9a:	6183      	str	r3, [r0, #24]
10005b9c:	69cb      	ldr	r3, [r1, #28]
10005b9e:	61c3      	str	r3, [r0, #28]
10005ba0:	6a0b      	ldr	r3, [r1, #32]
10005ba2:	6203      	str	r3, [r0, #32]
10005ba4:	6a4b      	ldr	r3, [r1, #36]	@ 0x24
10005ba6:	6243      	str	r3, [r0, #36]	@ 0x24
10005ba8:	6a8b      	ldr	r3, [r1, #40]	@ 0x28
10005baa:	6283      	str	r3, [r0, #40]	@ 0x28
10005bac:	6acb      	ldr	r3, [r1, #44]	@ 0x2c
10005bae:	62c3      	str	r3, [r0, #44]	@ 0x2c
10005bb0:	6b0b      	ldr	r3, [r1, #48]	@ 0x30
10005bb2:	6303      	str	r3, [r0, #48]	@ 0x30
10005bb4:	6b4b      	ldr	r3, [r1, #52]	@ 0x34
10005bb6:	6343      	str	r3, [r0, #52]	@ 0x34
10005bb8:	6b8b      	ldr	r3, [r1, #56]	@ 0x38
10005bba:	6383      	str	r3, [r0, #56]	@ 0x38
10005bbc:	6bcb      	ldr	r3, [r1, #60]	@ 0x3c
10005bbe:	63c3      	str	r3, [r0, #60]	@ 0x3c
10005bc0:	3040      	adds	r0, #64	@ 0x40
10005bc2:	3140      	adds	r1, #64	@ 0x40
10005bc4:	3a40      	subs	r2, #64	@ 0x40
10005bc6:	d2db      	bcs.n	10005b80 <memcpy+0x10>
10005bc8:	3230      	adds	r2, #48	@ 0x30
10005bca:	d30b      	bcc.n	10005be4 <memcpy+0x74>
10005bcc:	680b      	ldr	r3, [r1, #0]
10005bce:	6003      	str	r3, [r0, #0]
10005bd0:	684b      	ldr	r3, [r1, #4]
10005bd2:	6043      	str	r3, [r0, #4]
10005bd4:	688b      	ldr	r3, [r1, #8]
10005bd6:	6083      	str	r3, [r0, #8]
10005bd8:	68cb      	ldr	r3, [r1, #12]
10005bda:	60c3      	str	r3, [r0, #12]
10005bdc:	3010      	adds	r0, #16
10005bde:	3110      	adds	r1, #16
10005be0:	3a10      	subs	r2, #16
10005be2:	d2f3      	bcs.n	10005bcc <memcpy+0x5c>
10005be4:	320c      	adds	r2, #12
10005be6:	d305      	bcc.n	10005bf4 <memcpy+0x84>
10005be8:	f851 3b04 	ldr.w	r3, [r1], #4
10005bec:	f840 3b04 	str.w	r3, [r0], #4
10005bf0:	3a04      	subs	r2, #4
10005bf2:	d2f9      	bcs.n	10005be8 <memcpy+0x78>
10005bf4:	3204      	adds	r2, #4
10005bf6:	d008      	beq.n	10005c0a <memcpy+0x9a>
10005bf8:	07d2      	lsls	r2, r2, #31
10005bfa:	bf1c      	itt	ne
10005bfc:	f811 3b01 	ldrbne.w	r3, [r1], #1
10005c00:	f800 3b01 	strbne.w	r3, [r0], #1
10005c04:	d301      	bcc.n	10005c0a <memcpy+0x9a>
10005c06:	880b      	ldrh	r3, [r1, #0]
10005c08:	8003      	strh	r3, [r0, #0]
10005c0a:	4660      	mov	r0, ip
10005c0c:	4770      	bx	lr
10005c0e:	bf00      	nop
10005c10:	2a08      	cmp	r2, #8
10005c12:	d313      	bcc.n	10005c3c <memcpy+0xcc>
10005c14:	078b      	lsls	r3, r1, #30
10005c16:	d0b1      	beq.n	10005b7c <memcpy+0xc>
10005c18:	f010 0303 	ands.w	r3, r0, #3
10005c1c:	d0ae      	beq.n	10005b7c <memcpy+0xc>
10005c1e:	f1c3 0304 	rsb	r3, r3, #4
10005c22:	1ad2      	subs	r2, r2, r3
10005c24:	07db      	lsls	r3, r3, #31
10005c26:	bf1c      	itt	ne
10005c28:	f811 3b01 	ldrbne.w	r3, [r1], #1
10005c2c:	f800 3b01 	strbne.w	r3, [r0], #1
10005c30:	d3a4      	bcc.n	10005b7c <memcpy+0xc>
10005c32:	f831 3b02 	ldrh.w	r3, [r1], #2
10005c36:	f820 3b02 	strh.w	r3, [r0], #2
10005c3a:	e79f      	b.n	10005b7c <memcpy+0xc>
10005c3c:	3a04      	subs	r2, #4
10005c3e:	d3d9      	bcc.n	10005bf4 <memcpy+0x84>
10005c40:	3a01      	subs	r2, #1
10005c42:	f811 3b01 	ldrb.w	r3, [r1], #1
10005c46:	f800 3b01 	strb.w	r3, [r0], #1
10005c4a:	d2f9      	bcs.n	10005c40 <memcpy+0xd0>
10005c4c:	780b      	ldrb	r3, [r1, #0]
10005c4e:	7003      	strb	r3, [r0, #0]
10005c50:	784b      	ldrb	r3, [r1, #1]
10005c52:	7043      	strb	r3, [r0, #1]
10005c54:	788b      	ldrb	r3, [r1, #2]
10005c56:	7083      	strb	r3, [r0, #2]
10005c58:	4660      	mov	r0, ip
10005c5a:	4770      	bx	lr

10005c5c <strlen>:
10005c5c:	f020 0103 	bic.w	r1, r0, #3
10005c60:	f010 0003 	ands.w	r0, r0, #3
10005c64:	f1c0 0000 	rsb	r0, r0, #0
10005c68:	f851 3b04 	ldr.w	r3, [r1], #4
10005c6c:	f100 0c04 	add.w	ip, r0, #4
10005c70:	ea4f 0ccc 	mov.w	ip, ip, lsl #3
10005c74:	f06f 0200 	mvn.w	r2, #0
10005c78:	bf1c      	itt	ne
10005c7a:	fa22 f20c 	lsrne.w	r2, r2, ip
10005c7e:	4313      	orrne	r3, r2
10005c80:	f04f 0c01 	mov.w	ip, #1
10005c84:	ea4c 2c0c 	orr.w	ip, ip, ip, lsl #8
10005c88:	ea4c 4c0c 	orr.w	ip, ip, ip, lsl #16
10005c8c:	eba3 020c 	sub.w	r2, r3, ip
10005c90:	ea22 0203 	bic.w	r2, r2, r3
10005c94:	ea12 12cc 	ands.w	r2, r2, ip, lsl #7
10005c98:	bf04      	itt	eq
10005c9a:	f851 3b04 	ldreq.w	r3, [r1], #4
10005c9e:	3004      	addeq	r0, #4
10005ca0:	d0f4      	beq.n	10005c8c <strlen+0x30>
10005ca2:	f1c2 0100 	rsb	r1, r2, #0
10005ca6:	ea02 0201 	and.w	r2, r2, r1
10005caa:	fab2 f282 	clz	r2, r2
10005cae:	f1c2 021f 	rsb	r2, r2, #31
10005cb2:	eb00 00d2 	add.w	r0, r0, r2, lsr #3
10005cb6:	4770      	bx	lr

10005cb8 <____aeabi_uldivmod_veneer>:
10005cb8:	f85f f000 	ldr.w	pc, [pc]	@ 10005cbc <____aeabi_uldivmod_veneer+0x4>
10005cbc:	20000a95 	.word	0x20000a95

10005cc0 <__mutex_try_enter_veneer>:
10005cc0:	f85f f000 	ldr.w	pc, [pc]	@ 10005cc4 <__mutex_try_enter_veneer+0x4>
10005cc4:	20000111 	.word	0x20000111

10005cc8 <__hw_endpoint_start_next_buffer_veneer>:
10005cc8:	f85f f000 	ldr.w	pc, [pc]	@ 10005ccc <__hw_endpoint_start_next_buffer_veneer+0x4>
10005ccc:	20000795 	.word	0x20000795

10005cd0 <__hw_endpoint_reset_transfer_veneer>:
10005cd0:	f85f f000 	ldr.w	pc, [pc]	@ 10005cd4 <__hw_endpoint_reset_transfer_veneer+0x4>
10005cd4:	2000073b 	.word	0x2000073b

10005cd8 <__mutex_enter_timeout_ms_veneer>:
10005cd8:	f85f f000 	ldr.w	pc, [pc]	@ 10005cdc <__mutex_enter_timeout_ms_veneer+0x4>
10005cdc:	2000025f 	.word	0x2000025f

10005ce0 <__e15_is_critical_frame_period_veneer>:
10005ce0:	f85f f000 	ldr.w	pc, [pc]	@ 10005ce4 <__e15_is_critical_frame_period_veneer+0x4>
10005ce4:	2000066d 	.word	0x2000066d

10005ce8 <___hw_endpoint_buffer_control_update32_veneer>:
10005ce8:	f85f f000 	ldr.w	pc, [pc]	@ 10005cec <___hw_endpoint_buffer_control_update32_veneer+0x4>
10005cec:	20000749 	.word	0x20000749

10005cf0 <__mutex_exit_veneer>:
10005cf0:	f85f f000 	ldr.w	pc, [pc]	@ 10005cf4 <__mutex_exit_veneer+0x4>
10005cf4:	200002b1 	.word	0x200002b1

10005cf8 <__mutex_try_enter_block_until_veneer>:
10005cf8:	f85f f000 	ldr.w	pc, [pc]	@ 10005cfc <__mutex_try_enter_block_until_veneer+0x4>
10005cfc:	2000022d 	.word	0x2000022d

10005d00 <__e15_is_bulkin_ep_veneer>:
10005d00:	f85f f000 	ldr.w	pc, [pc]	@ 10005d04 <__e15_is_bulkin_ep_veneer+0x4>
10005d04:	20000641 	.word	0x20000641

10005d08 <__reset_non_control_endpoints_veneer>:
10005d08:	f85f f000 	ldr.w	pc, [pc]	@ 10005d0c <__reset_non_control_endpoints_veneer+0x4>
10005d0c:	20000319 	.word	0x20000319

10005d10 <__pre_init_runtime_init_bootrom_reset>:
10005d10:	10001891                                ....

10005d14 <__pre_init_runtime_init_early_resets>:
10005d14:	10001809                                ....

10005d18 <__pre_init_runtime_init_usb_power_down>:
10005d18:	10001835                                5...

10005d1c <__pre_init_runtime_init_clocks>:
10005d1c:	1000192d                                -...

10005d20 <__pre_init_runtime_init_post_clock_resets>:
10005d20:	10001871                                q...

10005d24 <__pre_init_runtime_init_boot_locks_reset>:
10005d24:	100017ad                                ....

10005d28 <__pre_init_runtime_init_spin_locks_reset>:
10005d28:	100018b5                                ....

10005d2c <__pre_init_runtime_init_bootrom_locking_enable>:
10005d2c:	10001779                                y...

10005d30 <__pre_init_runtime_init_mutex>:
10005d30:	10000b21                                !...

10005d34 <__pre_init_runtime_init_install_ram_vector_table>:
10005d34:	100018bd                                ....

10005d38 <__pre_init_runtime_init_default_alarm_pool>:
10005d38:	1000136d                                m...

10005d3c <__pre_init_first_per_core_initializer>:
10005d3c:	100017f5                                ....

10005d40 <__pre_init_runtime_init_per_core_bootrom_reset>:
10005d40:	100018a3                                ....

10005d44 <__pre_init_runtime_init_per_core_enable_coprocessors>:
10005d44:	10001855                                U...

10005d48 <__pre_init_spinlock_set_extexclall>:
10005d48:	10000599                                ....

10005d4c <__pre_init_runtime_init_per_core_irq_priorities>:
10005d4c:	100005f1                                ....

10005d50 <__init_array_start>:
10005d50:	100035ed 	.word	0x100035ed

Disassembly of section .data:

20000110 <mutex_try_enter>:
20000110:	b500      	push	{lr}
20000112:	4603      	mov	r3, r0
20000114:	6800      	ldr	r0, [r0, #0]
20000116:	f3ef 8210 	mrs	r2, PRIMASK
2000011a:	b672      	cpsid	i
2000011c:	e8d0 efcf 	ldaexb	lr, [r0]
20000120:	f05f 0c01 	movs.w	ip, #1
20000124:	f1be 0f00 	cmp.w	lr, #0
20000128:	d1f8      	bne.n	2000011c <mutex_try_enter+0xc>
2000012a:	e8c0 cf4e 	strexb	lr, ip, [r0]
2000012e:	f1be 0f00 	cmp.w	lr, #0
20000132:	d1f3      	bne.n	2000011c <mutex_try_enter+0xc>
20000134:	f3bf 8f5f 	dmb	sy
20000138:	f993 0004 	ldrsb.w	r0, [r3, #4]
2000013c:	2800      	cmp	r0, #0
2000013e:	db09      	blt.n	20000154 <mutex_try_enter+0x44>
20000140:	b179      	cbz	r1, 20000162 <mutex_try_enter+0x52>
20000142:	6008      	str	r0, [r1, #0]
20000144:	2000      	movs	r0, #0
20000146:	6819      	ldr	r1, [r3, #0]
20000148:	2300      	movs	r3, #0
2000014a:	e8c1 3f8f 	stlb	r3, [r1]
2000014e:	f382 8810 	msr	PRIMASK, r2
20000152:	bd00      	pop	{pc}
20000154:	f04f 4150 	mov.w	r1, #3489660928	@ 0xd0000000
20000158:	f991 1000 	ldrsb.w	r1, [r1]
2000015c:	7119      	strb	r1, [r3, #4]
2000015e:	2001      	movs	r0, #1
20000160:	e7f1      	b.n	20000146 <mutex_try_enter+0x36>
20000162:	4608      	mov	r0, r1
20000164:	e7ef      	b.n	20000146 <mutex_try_enter+0x36>
	...

20000168 <mutex_enter_block_until>:
20000168:	b5f8      	push	{r3, r4, r5, r6, r7, lr}
2000016a:	461d      	mov	r5, r3
2000016c:	6803      	ldr	r3, [r0, #0]
2000016e:	b13b      	cbz	r3, 20000180 <mutex_enter_block_until+0x18>
20000170:	4604      	mov	r4, r0
20000172:	4616      	mov	r6, r2
20000174:	f04f 4350 	mov.w	r3, #3489660928	@ 0xd0000000
20000178:	f993 3000 	ldrsb.w	r3, [r3]
2000017c:	461f      	mov	r7, r3
2000017e:	e018      	b.n	200001b2 <mutex_enter_block_until+0x4a>
20000180:	4b25      	ldr	r3, [pc, #148]	@ (20000218 <mutex_enter_block_until+0xb0>)
20000182:	4a26      	ldr	r2, [pc, #152]	@ (2000021c <mutex_enter_block_until+0xb4>)
20000184:	21a8      	movs	r1, #168	@ 0xa8
20000186:	4826      	ldr	r0, [pc, #152]	@ (20000220 <mutex_enter_block_until+0xb8>)
20000188:	f000 fe56 	bl	20000e38 <____assert_func_veneer>
2000018c:	7127      	strb	r7, [r4, #4]
2000018e:	6822      	ldr	r2, [r4, #0]
20000190:	2300      	movs	r3, #0
20000192:	e8c2 3f8f 	stlb	r3, [r2]
20000196:	f38c 8810 	msr	PRIMASK, ip
2000019a:	2001      	movs	r0, #1
2000019c:	bdf8      	pop	{r3, r4, r5, r6, r7, pc}
2000019e:	4630      	mov	r0, r6
200001a0:	4629      	mov	r1, r5
200001a2:	f000 fe39 	bl	20000e18 <__best_effort_wfe_or_timeout_veneer>
200001a6:	e002      	b.n	200001ae <mutex_enter_block_until+0x46>
200001a8:	2000      	movs	r0, #0
200001aa:	e000      	b.n	200001ae <mutex_enter_block_until+0x46>
200001ac:	2000      	movs	r0, #0
200001ae:	2800      	cmp	r0, #0
200001b0:	d12f      	bne.n	20000212 <mutex_enter_block_until+0xaa>
200001b2:	6821      	ldr	r1, [r4, #0]
200001b4:	f3ef 8c10 	mrs	ip, PRIMASK
200001b8:	b672      	cpsid	i
200001ba:	e8d1 2fcf 	ldaexb	r2, [r1]
200001be:	2301      	movs	r3, #1
200001c0:	2a00      	cmp	r2, #0
200001c2:	d1fa      	bne.n	200001ba <mutex_enter_block_until+0x52>
200001c4:	e8c1 3f42 	strexb	r2, r3, [r1]
200001c8:	2a00      	cmp	r2, #0
200001ca:	d1f6      	bne.n	200001ba <mutex_enter_block_until+0x52>
200001cc:	f3bf 8f5f 	dmb	sy
200001d0:	f994 3004 	ldrsb.w	r3, [r4, #4]
200001d4:	2b00      	cmp	r3, #0
200001d6:	dbd9      	blt.n	2000018c <mutex_enter_block_until+0x24>
200001d8:	4b12      	ldr	r3, [pc, #72]	@ (20000224 <mutex_enter_block_until+0xbc>)
200001da:	f893 e000 	ldrb.w	lr, [r3]
200001de:	fa5f fe8e 	uxtb.w	lr, lr
200001e2:	6822      	ldr	r2, [r4, #0]
200001e4:	2100      	movs	r1, #0
200001e6:	e8c2 1f8f 	stlb	r1, [r2]
200001ea:	bf20      	wfe
200001ec:	f38c 8810 	msr	PRIMASK, ip
200001f0:	781b      	ldrb	r3, [r3, #0]
200001f2:	4573      	cmp	r3, lr
200001f4:	d0d3      	beq.n	2000019e <mutex_enter_block_until+0x36>
200001f6:	4b0c      	ldr	r3, [pc, #48]	@ (20000228 <mutex_enter_block_until+0xc0>)
200001f8:	6a5b      	ldr	r3, [r3, #36]	@ 0x24
200001fa:	429d      	cmp	r5, r3
200001fc:	d8d6      	bhi.n	200001ac <mutex_enter_block_until+0x44>
200001fe:	4a0a      	ldr	r2, [pc, #40]	@ (20000228 <mutex_enter_block_until+0xc0>)
20000200:	6a92      	ldr	r2, [r2, #40]	@ 0x28
20000202:	42b2      	cmp	r2, r6
20000204:	d203      	bcs.n	2000020e <mutex_enter_block_until+0xa6>
20000206:	429d      	cmp	r5, r3
20000208:	d0ce      	beq.n	200001a8 <mutex_enter_block_until+0x40>
2000020a:	2001      	movs	r0, #1
2000020c:	e7cf      	b.n	200001ae <mutex_enter_block_until+0x46>
2000020e:	2001      	movs	r0, #1
20000210:	e7cd      	b.n	200001ae <mutex_enter_block_until+0x46>
20000212:	2000      	movs	r0, #0
20000214:	e7c2      	b.n	2000019c <mutex_enter_block_until+0x34>
20000216:	bf00      	nop
20000218:	100061d0 	.word	0x100061d0
2000021c:	10006830 	.word	0x10006830
20000220:	10006188 	.word	0x10006188
20000224:	20001846 	.word	0x20001846
20000228:	400b0000 	.word	0x400b0000

2000022c <mutex_try_enter_block_until>:
2000022c:	b570      	push	{r4, r5, r6, lr}
2000022e:	b082      	sub	sp, #8
20000230:	4606      	mov	r6, r0
20000232:	4615      	mov	r5, r2
20000234:	461c      	mov	r4, r3
20000236:	a901      	add	r1, sp, #4
20000238:	f7ff ff6a 	bl	20000110 <mutex_try_enter>
2000023c:	b938      	cbnz	r0, 2000024e <mutex_try_enter_block_until+0x22>
2000023e:	f99d 2004 	ldrsb.w	r2, [sp, #4]
20000242:	f04f 4350 	mov.w	r3, #3489660928	@ 0xd0000000
20000246:	f993 3000 	ldrsb.w	r3, [r3]
2000024a:	429a      	cmp	r2, r3
2000024c:	d101      	bne.n	20000252 <mutex_try_enter_block_until+0x26>
2000024e:	b002      	add	sp, #8
20000250:	bd70      	pop	{r4, r5, r6, pc}
20000252:	462a      	mov	r2, r5
20000254:	4623      	mov	r3, r4
20000256:	4630      	mov	r0, r6
20000258:	f7ff ff86 	bl	20000168 <mutex_enter_block_until>
2000025c:	e7f7      	b.n	2000024e <mutex_try_enter_block_until+0x22>

2000025e <mutex_enter_timeout_ms>:
2000025e:	b538      	push	{r3, r4, r5, lr}
20000260:	4605      	mov	r5, r0
20000262:	460c      	mov	r4, r1
20000264:	f000 fde4 	bl	20000e30 <__time_us_64_veneer>
20000268:	0ee3      	lsrs	r3, r4, #27
2000026a:	ea4f 1c44 	mov.w	ip, r4, lsl #5
2000026e:	ebbc 0c04 	subs.w	ip, ip, r4
20000272:	f163 0300 	sbc.w	r3, r3, #0
20000276:	009b      	lsls	r3, r3, #2
20000278:	ea43 739c 	orr.w	r3, r3, ip, lsr #30
2000027c:	ea4f 0c8c 	mov.w	ip, ip, lsl #2
20000280:	eb1c 0c04 	adds.w	ip, ip, r4
20000284:	f143 0300 	adc.w	r3, r3, #0
20000288:	00db      	lsls	r3, r3, #3
2000028a:	ea43 735c 	orr.w	r3, r3, ip, lsr #29
2000028e:	ea4f 0ccc 	mov.w	ip, ip, lsl #3
20000292:	eb10 020c 	adds.w	r2, r0, ip
20000296:	eb43 0301 	adc.w	r3, r3, r1
2000029a:	2b00      	cmp	r3, #0
2000029c:	db03      	blt.n	200002a6 <mutex_enter_timeout_ms+0x48>
2000029e:	4628      	mov	r0, r5
200002a0:	f7ff ff62 	bl	20000168 <mutex_enter_block_until>
200002a4:	bd38      	pop	{r3, r4, r5, pc}
200002a6:	f04f 32ff 	mov.w	r2, #4294967295	@ 0xffffffff
200002aa:	f06f 4300 	mvn.w	r3, #2147483648	@ 0x80000000
200002ae:	e7f6      	b.n	2000029e <mutex_enter_timeout_ms+0x40>

200002b0 <mutex_exit>:
200002b0:	b508      	push	{r3, lr}
200002b2:	6801      	ldr	r1, [r0, #0]
200002b4:	f3ef 8310 	mrs	r3, PRIMASK
200002b8:	b672      	cpsid	i
200002ba:	461a      	mov	r2, r3
200002bc:	e8d1 cfcf 	ldaexb	ip, [r1]
200002c0:	2301      	movs	r3, #1
200002c2:	f1bc 0f00 	cmp.w	ip, #0
200002c6:	d1f9      	bne.n	200002bc <mutex_exit+0xc>
200002c8:	e8c1 3f4c 	strexb	ip, r3, [r1]
200002cc:	f1bc 0f00 	cmp.w	ip, #0
200002d0:	d1f4      	bne.n	200002bc <mutex_exit+0xc>
200002d2:	f3bf 8f5f 	dmb	sy
200002d6:	f990 3004 	ldrsb.w	r3, [r0, #4]
200002da:	2b00      	cmp	r3, #0
200002dc:	db0e      	blt.n	200002fc <mutex_exit+0x4c>
200002de:	23ff      	movs	r3, #255	@ 0xff
200002e0:	7103      	strb	r3, [r0, #4]
200002e2:	4909      	ldr	r1, [pc, #36]	@ (20000308 <mutex_exit+0x58>)
200002e4:	780b      	ldrb	r3, [r1, #0]
200002e6:	3301      	adds	r3, #1
200002e8:	b2db      	uxtb	r3, r3
200002ea:	700b      	strb	r3, [r1, #0]
200002ec:	6801      	ldr	r1, [r0, #0]
200002ee:	2300      	movs	r3, #0
200002f0:	e8c1 3f8f 	stlb	r3, [r1]
200002f4:	f382 8810 	msr	PRIMASK, r2
200002f8:	bf40      	sev
200002fa:	bd08      	pop	{r3, pc}
200002fc:	4b03      	ldr	r3, [pc, #12]	@ (2000030c <mutex_exit+0x5c>)
200002fe:	4a04      	ldr	r2, [pc, #16]	@ (20000310 <mutex_exit+0x60>)
20000300:	21d9      	movs	r1, #217	@ 0xd9
20000302:	4804      	ldr	r0, [pc, #16]	@ (20000314 <mutex_exit+0x64>)
20000304:	f000 fd98 	bl	20000e38 <____assert_func_veneer>
20000308:	20001846 	.word	0x20001846
2000030c:	100061e4 	.word	0x100061e4
20000310:	10006824 	.word	0x10006824
20000314:	10006188 	.word	0x10006188

20000318 <reset_non_control_endpoints>:
20000318:	b508      	push	{r3, lr}
2000031a:	2300      	movs	r3, #0
2000031c:	e008      	b.n	20000330 <reset_non_control_endpoints+0x18>
2000031e:	4a0a      	ldr	r2, [pc, #40]	@ (20000348 <reset_non_control_endpoints+0x30>)
20000320:	3301      	adds	r3, #1
20000322:	2100      	movs	r1, #0
20000324:	f842 1033 	str.w	r1, [r2, r3, lsl #3]
20000328:	eb02 02c3 	add.w	r2, r2, r3, lsl #3
2000032c:	6051      	str	r1, [r2, #4]
2000032e:	b2db      	uxtb	r3, r3
20000330:	2b0e      	cmp	r3, #14
20000332:	d9f4      	bls.n	2000031e <reset_non_control_endpoints+0x6>
20000334:	f44f 7270 	mov.w	r2, #960	@ 0x3c0
20000338:	2100      	movs	r1, #0
2000033a:	4804      	ldr	r0, [pc, #16]	@ (2000034c <reset_non_control_endpoints+0x34>)
2000033c:	f000 fd68 	bl	20000e10 <__memset_veneer>
20000340:	4b03      	ldr	r3, [pc, #12]	@ (20000350 <reset_non_control_endpoints+0x38>)
20000342:	4a04      	ldr	r2, [pc, #16]	@ (20000354 <reset_non_control_endpoints+0x3c>)
20000344:	601a      	str	r2, [r3, #0]
20000346:	bd08      	pop	{r3, pc}
20000348:	50100000 	.word	0x50100000
2000034c:	20001430 	.word	0x20001430
20000350:	200017f4 	.word	0x200017f4
20000354:	50100180 	.word	0x50100180

20000358 <hw_handle_buff_status>:
20000358:	e92d 43f0 	stmdb	sp!, {r4, r5, r6, r7, r8, r9, lr}
2000035c:	b085      	sub	sp, #20
2000035e:	4b1f      	ldr	r3, [pc, #124]	@ (200003dc <hw_handle_buff_status+0x84>)
20000360:	6d9e      	ldr	r6, [r3, #88]	@ 0x58
20000362:	2400      	movs	r4, #0
20000364:	2501      	movs	r5, #1
20000366:	e004      	b.n	20000372 <hw_handle_buff_status+0x1a>
20000368:	ea26 0605 	bic.w	r6, r6, r5
2000036c:	006d      	lsls	r5, r5, #1
2000036e:	3401      	adds	r4, #1
20000370:	b2e4      	uxtb	r4, r4
20000372:	b386      	cbz	r6, 200003d6 <hw_handle_buff_status+0x7e>
20000374:	2c1f      	cmp	r4, #31
20000376:	d82e      	bhi.n	200003d6 <hw_handle_buff_status+0x7e>
20000378:	422e      	tst	r6, r5
2000037a:	d0f7      	beq.n	2000036c <hw_handle_buff_status+0x14>
2000037c:	4b18      	ldr	r3, [pc, #96]	@ (200003e0 <hw_handle_buff_status+0x88>)
2000037e:	659d      	str	r5, [r3, #88]	@ 0x58
20000380:	ea4f 0954 	mov.w	r9, r4, lsr #1
20000384:	f004 0701 	and.w	r7, r4, #1
20000388:	f087 0701 	eor.w	r7, r7, #1
2000038c:	f004 03fe 	and.w	r3, r4, #254	@ 0xfe
20000390:	443b      	add	r3, r7
20000392:	4a14      	ldr	r2, [pc, #80]	@ (200003e4 <hw_handle_buff_status+0x8c>)
20000394:	eb02 1843 	add.w	r8, r2, r3, lsl #5
20000398:	4640      	mov	r0, r8
2000039a:	f000 fa33 	bl	20000804 <hw_endpoint_xfer_continue>
2000039e:	2800      	cmp	r0, #0
200003a0:	d0e2      	beq.n	20000368 <hw_handle_buff_status+0x10>
200003a2:	eb07 0749 	add.w	r7, r7, r9, lsl #1
200003a6:	4b0f      	ldr	r3, [pc, #60]	@ (200003e4 <hw_handle_buff_status+0x8c>)
200003a8:	eb03 1347 	add.w	r3, r3, r7, lsl #5
200003ac:	7899      	ldrb	r1, [r3, #2]
200003ae:	8ada      	ldrh	r2, [r3, #22]
200003b0:	2300      	movs	r3, #0
200003b2:	f88d 3004 	strb.w	r3, [sp, #4]
200003b6:	2007      	movs	r0, #7
200003b8:	f88d 0005 	strb.w	r0, [sp, #5]
200003bc:	f88d 1008 	strb.w	r1, [sp, #8]
200003c0:	9203      	str	r2, [sp, #12]
200003c2:	f88d 3009 	strb.w	r3, [sp, #9]
200003c6:	2101      	movs	r1, #1
200003c8:	a801      	add	r0, sp, #4
200003ca:	f000 fa39 	bl	20000840 <dcd_event_handler>
200003ce:	4640      	mov	r0, r8
200003d0:	f000 f9b3 	bl	2000073a <hw_endpoint_reset_transfer>
200003d4:	e7c8      	b.n	20000368 <hw_handle_buff_status+0x10>
200003d6:	b005      	add	sp, #20
200003d8:	e8bd 83f0 	ldmia.w	sp!, {r4, r5, r6, r7, r8, r9, pc}
200003dc:	50110000 	.word	0x50110000
200003e0:	50113000 	.word	0x50113000
200003e4:	200013f0 	.word	0x200013f0

200003e8 <dcd_rp2040_irq>:
200003e8:	e92d 43f0 	stmdb	sp!, {r4, r5, r6, r7, r8, r9, lr}
200003ec:	b085      	sub	sp, #20
200003ee:	4b74      	ldr	r3, [pc, #464]	@ (200005c0 <dcd_rp2040_irq+0x1d8>)
200003f0:	f8d3 5098 	ldr.w	r5, [r3, #152]	@ 0x98
200003f4:	f415 3600 	ands.w	r6, r5, #131072	@ 0x20000
200003f8:	d047      	beq.n	2000048a <dcd_rp2040_irq+0xa2>
200003fa:	4b72      	ldr	r3, [pc, #456]	@ (200005c4 <dcd_rp2040_irq+0x1dc>)
200003fc:	6a9a      	ldr	r2, [r3, #40]	@ 0x28
200003fe:	4b72      	ldr	r3, [pc, #456]	@ (200005c8 <dcd_rp2040_irq+0x1e0>)
20000400:	601a      	str	r2, [r3, #0]
20000402:	2400      	movs	r4, #0
20000404:	4627      	mov	r7, r4
20000406:	e00a      	b.n	2000041e <dcd_rp2040_irq+0x36>
20000408:	4b70      	ldr	r3, [pc, #448]	@ (200005cc <dcd_rp2040_irq+0x1e4>)
2000040a:	eb03 1384 	add.w	r3, r3, r4, lsl #6
2000040e:	2200      	movs	r2, #0
20000410:	f883 203c 	strb.w	r2, [r3, #60]	@ 0x3c
20000414:	f000 f9be 	bl	20000794 <hw_endpoint_start_next_buffer>
20000418:	4637      	mov	r7, r6
2000041a:	3401      	adds	r4, #1
2000041c:	b2e4      	uxtb	r4, r4
2000041e:	2c0f      	cmp	r4, #15
20000420:	d819      	bhi.n	20000456 <dcd_rp2040_irq+0x6e>
20000422:	01a2      	lsls	r2, r4, #6
20000424:	f102 0020 	add.w	r0, r2, #32
20000428:	4b68      	ldr	r3, [pc, #416]	@ (200005cc <dcd_rp2040_irq+0x1e4>)
2000042a:	4418      	add	r0, r3
2000042c:	4413      	add	r3, r2
2000042e:	f893 303b 	ldrb.w	r3, [r3, #59]	@ 0x3b
20000432:	2b02      	cmp	r3, #2
20000434:	d1f1      	bne.n	2000041a <dcd_rp2040_irq+0x32>
20000436:	4b65      	ldr	r3, [pc, #404]	@ (200005cc <dcd_rp2040_irq+0x1e4>)
20000438:	eb03 1384 	add.w	r3, r3, r4, lsl #6
2000043c:	f893 603a 	ldrb.w	r6, [r3, #58]	@ 0x3a
20000440:	2e00      	cmp	r6, #0
20000442:	d0ea      	beq.n	2000041a <dcd_rp2040_irq+0x32>
20000444:	4b61      	ldr	r3, [pc, #388]	@ (200005cc <dcd_rp2040_irq+0x1e4>)
20000446:	eb03 1384 	add.w	r3, r3, r4, lsl #6
2000044a:	f893 303c 	ldrb.w	r3, [r3, #60]	@ 0x3c
2000044e:	2b00      	cmp	r3, #0
20000450:	d1da      	bne.n	20000408 <dcd_rp2040_irq+0x20>
20000452:	4637      	mov	r7, r6
20000454:	e7e1      	b.n	2000041a <dcd_rp2040_irq+0x32>
20000456:	b93f      	cbnz	r7, 20000468 <dcd_rp2040_irq+0x80>
20000458:	4b5d      	ldr	r3, [pc, #372]	@ (200005d0 <dcd_rp2040_irq+0x1e8>)
2000045a:	781b      	ldrb	r3, [r3, #0]
2000045c:	b923      	cbnz	r3, 20000468 <dcd_rp2040_irq+0x80>
2000045e:	4b5d      	ldr	r3, [pc, #372]	@ (200005d4 <dcd_rp2040_irq+0x1ec>)
20000460:	f44f 3200 	mov.w	r2, #131072	@ 0x20000
20000464:	f8c3 2090 	str.w	r2, [r3, #144]	@ 0x90
20000468:	4b55      	ldr	r3, [pc, #340]	@ (200005c0 <dcd_rp2040_irq+0x1d8>)
2000046a:	6c9b      	ldr	r3, [r3, #72]	@ 0x48
2000046c:	f3c3 030a 	ubfx	r3, r3, #0, #11
20000470:	2200      	movs	r2, #0
20000472:	f88d 2004 	strb.w	r2, [sp, #4]
20000476:	2203      	movs	r2, #3
20000478:	f88d 2005 	strb.w	r2, [sp, #5]
2000047c:	9302      	str	r3, [sp, #8]
2000047e:	2101      	movs	r1, #1
20000480:	a801      	add	r0, sp, #4
20000482:	f000 f9dd 	bl	20000840 <dcd_event_handler>
20000486:	f44f 3600 	mov.w	r6, #131072	@ 0x20000
2000048a:	f015 0f10 	tst.w	r5, #16
2000048e:	d106      	bne.n	2000049e <dcd_rp2040_irq+0xb6>
20000490:	f415 3f80 	tst.w	r5, #65536	@ 0x10000
20000494:	d049      	beq.n	2000052a <dcd_rp2040_irq+0x142>
20000496:	f446 3680 	orr.w	r6, r6, #65536	@ 0x10000
2000049a:	2400      	movs	r4, #0
2000049c:	e023      	b.n	200004e6 <dcd_rp2040_irq+0xfe>
2000049e:	f046 0610 	orr.w	r6, r6, #16
200004a2:	f7ff ff59 	bl	20000358 <hw_handle_buff_status>
200004a6:	e7f3      	b.n	20000490 <dcd_rp2040_irq+0xa8>
200004a8:	f04f 0802 	mov.w	r8, #2
200004ac:	4b4a      	ldr	r3, [pc, #296]	@ (200005d8 <dcd_rp2040_irq+0x1f0>)
200004ae:	f8c3 8060 	str.w	r8, [r3, #96]	@ 0x60
200004b2:	4b43      	ldr	r3, [pc, #268]	@ (200005c0 <dcd_rp2040_irq+0x1d8>)
200004b4:	6e5b      	ldr	r3, [r3, #100]	@ 0x64
200004b6:	ea38 0303 	bics.w	r3, r8, r3
200004ba:	d1fa      	bne.n	200004b2 <dcd_rp2040_irq+0xca>
200004bc:	f44f 5240 	mov.w	r2, #12288	@ 0x3000
200004c0:	2100      	movs	r1, #0
200004c2:	4638      	mov	r0, r7
200004c4:	f000 f940 	bl	20000748 <_hw_endpoint_buffer_control_update32>
200004c8:	4638      	mov	r0, r7
200004ca:	f000 f936 	bl	2000073a <hw_endpoint_reset_transfer>
200004ce:	4b41      	ldr	r3, [pc, #260]	@ (200005d4 <dcd_rp2040_irq+0x1ec>)
200004d0:	f8c3 8064 	str.w	r8, [r3, #100]	@ 0x64
200004d4:	f8c3 8060 	str.w	r8, [r3, #96]	@ 0x60
200004d8:	4b3c      	ldr	r3, [pc, #240]	@ (200005cc <dcd_rp2040_irq+0x1e4>)
200004da:	eb03 1349 	add.w	r3, r3, r9, lsl #5
200004de:	2201      	movs	r2, #1
200004e0:	70da      	strb	r2, [r3, #3]
200004e2:	4414      	add	r4, r2
200004e4:	b2e4      	uxtb	r4, r4
200004e6:	2c01      	cmp	r4, #1
200004e8:	d80b      	bhi.n	20000502 <dcd_rp2040_irq+0x11a>
200004ea:	46a1      	mov	r9, r4
200004ec:	4f37      	ldr	r7, [pc, #220]	@ (200005cc <dcd_rp2040_irq+0x1e4>)
200004ee:	eb07 1744 	add.w	r7, r7, r4, lsl #5
200004f2:	7ebb      	ldrb	r3, [r7, #26]
200004f4:	2b00      	cmp	r3, #0
200004f6:	d0ef      	beq.n	200004d8 <dcd_rp2040_irq+0xf0>
200004f8:	2c00      	cmp	r4, #0
200004fa:	d0d5      	beq.n	200004a8 <dcd_rp2040_irq+0xc0>
200004fc:	f04f 0801 	mov.w	r8, #1
20000500:	e7d4      	b.n	200004ac <dcd_rp2040_irq+0xc4>
20000502:	2300      	movs	r3, #0
20000504:	f88d 3004 	strb.w	r3, [sp, #4]
20000508:	2306      	movs	r3, #6
2000050a:	f88d 3005 	strb.w	r3, [sp, #5]
2000050e:	4b33      	ldr	r3, [pc, #204]	@ (200005dc <dcd_rp2040_irq+0x1f4>)
20000510:	e893 0003 	ldmia.w	r3, {r0, r1}
20000514:	ab04      	add	r3, sp, #16
20000516:	e903 0003 	stmdb	r3, {r0, r1}
2000051a:	2101      	movs	r1, #1
2000051c:	a801      	add	r0, sp, #4
2000051e:	f000 f98f 	bl	20000840 <dcd_event_handler>
20000522:	4b2c      	ldr	r3, [pc, #176]	@ (200005d4 <dcd_rp2040_irq+0x1ec>)
20000524:	f44f 3200 	mov.w	r2, #131072	@ 0x20000
20000528:	651a      	str	r2, [r3, #80]	@ 0x50
2000052a:	f415 5f80 	tst.w	r5, #4096	@ 0x1000
2000052e:	d10a      	bne.n	20000546 <dcd_rp2040_irq+0x15e>
20000530:	f415 4f80 	tst.w	r5, #16384	@ 0x4000
20000534:	d11d      	bne.n	20000572 <dcd_rp2040_irq+0x18a>
20000536:	f415 4f00 	tst.w	r5, #32768	@ 0x8000
2000053a:	d12b      	bne.n	20000594 <dcd_rp2040_irq+0x1ac>
2000053c:	42ae      	cmp	r6, r5
2000053e:	d13a      	bne.n	200005b6 <dcd_rp2040_irq+0x1ce>
20000540:	b005      	add	sp, #20
20000542:	e8bd 83f0 	ldmia.w	sp!, {r4, r5, r6, r7, r8, r9, pc}
20000546:	f446 5680 	orr.w	r6, r6, #4096	@ 0x1000
2000054a:	2400      	movs	r4, #0
2000054c:	4b1c      	ldr	r3, [pc, #112]	@ (200005c0 <dcd_rp2040_irq+0x1d8>)
2000054e:	601c      	str	r4, [r3, #0]
20000550:	f7ff fee2 	bl	20000318 <reset_non_control_endpoints>
20000554:	f88d 4004 	strb.w	r4, [sp, #4]
20000558:	2101      	movs	r1, #1
2000055a:	f88d 1005 	strb.w	r1, [sp, #5]
2000055e:	f88d 4008 	strb.w	r4, [sp, #8]
20000562:	a801      	add	r0, sp, #4
20000564:	f000 f96c 	bl	20000840 <dcd_event_handler>
20000568:	4b1a      	ldr	r3, [pc, #104]	@ (200005d4 <dcd_rp2040_irq+0x1ec>)
2000056a:	f44f 2200 	mov.w	r2, #524288	@ 0x80000
2000056e:	651a      	str	r2, [r3, #80]	@ 0x50
20000570:	e7de      	b.n	20000530 <dcd_rp2040_irq+0x148>
20000572:	f446 4680 	orr.w	r6, r6, #16384	@ 0x4000
20000576:	2300      	movs	r3, #0
20000578:	f88d 3004 	strb.w	r3, [sp, #4]
2000057c:	2304      	movs	r3, #4
2000057e:	f88d 3005 	strb.w	r3, [sp, #5]
20000582:	2101      	movs	r1, #1
20000584:	eb0d 0003 	add.w	r0, sp, r3
20000588:	f000 f95a 	bl	20000840 <dcd_event_handler>
2000058c:	4b11      	ldr	r3, [pc, #68]	@ (200005d4 <dcd_rp2040_irq+0x1ec>)
2000058e:	2210      	movs	r2, #16
20000590:	651a      	str	r2, [r3, #80]	@ 0x50
20000592:	e7d0      	b.n	20000536 <dcd_rp2040_irq+0x14e>
20000594:	f446 4600 	orr.w	r6, r6, #32768	@ 0x8000
20000598:	2300      	movs	r3, #0
2000059a:	f88d 3004 	strb.w	r3, [sp, #4]
2000059e:	2305      	movs	r3, #5
200005a0:	f88d 3005 	strb.w	r3, [sp, #5]
200005a4:	2101      	movs	r1, #1
200005a6:	a801      	add	r0, sp, #4
200005a8:	f000 f94a 	bl	20000840 <dcd_event_handler>
200005ac:	4b09      	ldr	r3, [pc, #36]	@ (200005d4 <dcd_rp2040_irq+0x1ec>)
200005ae:	f44f 6200 	mov.w	r2, #2048	@ 0x800
200005b2:	651a      	str	r2, [r3, #80]	@ 0x50
200005b4:	e7c2      	b.n	2000053c <dcd_rp2040_irq+0x154>
200005b6:	ea86 0105 	eor.w	r1, r6, r5
200005ba:	4809      	ldr	r0, [pc, #36]	@ (200005e0 <dcd_rp2040_irq+0x1f8>)
200005bc:	f000 fc40 	bl	20000e40 <__panic_veneer>
200005c0:	50110000 	.word	0x50110000
200005c4:	400b0000 	.word	0x400b0000
200005c8:	200013e8 	.word	0x200013e8
200005cc:	200013f0 	.word	0x200013f0
200005d0:	20001842 	.word	0x20001842
200005d4:	50113000 	.word	0x50113000
200005d8:	50112000 	.word	0x50112000
200005dc:	50100000 	.word	0x50100000
200005e0:	10006664 	.word	0x10006664

200005e4 <prepare_ep_buffer>:
200005e4:	b5f8      	push	{r3, r4, r5, r6, r7, lr}
200005e6:	4604      	mov	r4, r0
200005e8:	460f      	mov	r7, r1
200005ea:	8a83      	ldrh	r3, [r0, #20]
200005ec:	8b06      	ldrh	r6, [r0, #24]
200005ee:	429e      	cmp	r6, r3
200005f0:	bf28      	it	cs
200005f2:	461e      	movcs	r6, r3
200005f4:	1b9b      	subs	r3, r3, r6
200005f6:	8283      	strh	r3, [r0, #20]
200005f8:	f446 6280 	orr.w	r2, r6, #1024	@ 0x400
200005fc:	78c3      	ldrb	r3, [r0, #3]
200005fe:	b17b      	cbz	r3, 20000620 <prepare_ep_buffer+0x3c>
20000600:	f44f 5500 	mov.w	r5, #8192	@ 0x2000
20000604:	4315      	orrs	r5, r2
20000606:	f083 0301 	eor.w	r3, r3, #1
2000060a:	70e3      	strb	r3, [r4, #3]
2000060c:	7863      	ldrb	r3, [r4, #1]
2000060e:	b14b      	cbz	r3, 20000624 <prepare_ep_buffer+0x40>
20000610:	8aa3      	ldrh	r3, [r4, #20]
20000612:	b90b      	cbnz	r3, 20000618 <prepare_ep_buffer+0x34>
20000614:	f445 4580 	orr.w	r5, r5, #16384	@ 0x4000
20000618:	b107      	cbz	r7, 2000061c <prepare_ep_buffer+0x38>
2000061a:	042d      	lsls	r5, r5, #16
2000061c:	4628      	mov	r0, r5
2000061e:	bdf8      	pop	{r3, r4, r5, r6, r7, pc}
20000620:	461d      	mov	r5, r3
20000622:	e7ef      	b.n	20000604 <prepare_ep_buffer+0x20>
20000624:	68e0      	ldr	r0, [r4, #12]
20000626:	4632      	mov	r2, r6
20000628:	6921      	ldr	r1, [r4, #16]
2000062a:	eb00 1087 	add.w	r0, r0, r7, lsl #6
2000062e:	f000 fbf7 	bl	20000e20 <__unaligned_memcpy_veneer>
20000632:	6923      	ldr	r3, [r4, #16]
20000634:	4433      	add	r3, r6
20000636:	6123      	str	r3, [r4, #16]
20000638:	f445 4500 	orr.w	r5, r5, #32768	@ 0x8000
2000063c:	e7e8      	b.n	20000610 <prepare_ep_buffer+0x2c>
	...

20000640 <e15_is_bulkin_ep>:
20000640:	4b09      	ldr	r3, [pc, #36]	@ (20000668 <e15_is_bulkin_ep+0x28>)
20000642:	6c1b      	ldr	r3, [r3, #64]	@ 0x40
20000644:	f013 0f02 	tst.w	r3, #2
20000648:	d10b      	bne.n	20000662 <e15_is_bulkin_ep+0x22>
2000064a:	7883      	ldrb	r3, [r0, #2]
2000064c:	09db      	lsrs	r3, r3, #7
2000064e:	d101      	bne.n	20000654 <e15_is_bulkin_ep+0x14>
20000650:	2000      	movs	r0, #0
20000652:	4770      	bx	lr
20000654:	7ec3      	ldrb	r3, [r0, #27]
20000656:	2b02      	cmp	r3, #2
20000658:	d001      	beq.n	2000065e <e15_is_bulkin_ep+0x1e>
2000065a:	2000      	movs	r0, #0
2000065c:	4770      	bx	lr
2000065e:	2001      	movs	r0, #1
20000660:	4770      	bx	lr
20000662:	2000      	movs	r0, #0
20000664:	4770      	bx	lr
20000666:	bf00      	nop
20000668:	50110000 	.word	0x50110000

2000066c <e15_is_critical_frame_period>:
2000066c:	b508      	push	{r3, lr}
2000066e:	f7ff ffe7 	bl	20000640 <e15_is_bulkin_ep>
20000672:	b140      	cbz	r0, 20000686 <e15_is_critical_frame_period+0x1a>
20000674:	4b05      	ldr	r3, [pc, #20]	@ (2000068c <e15_is_critical_frame_period+0x20>)
20000676:	6a9b      	ldr	r3, [r3, #40]	@ 0x28
20000678:	4a05      	ldr	r2, [pc, #20]	@ (20000690 <e15_is_critical_frame_period+0x24>)
2000067a:	6812      	ldr	r2, [r2, #0]
2000067c:	1a9b      	subs	r3, r3, r2
2000067e:	f5a3 7348 	sub.w	r3, r3, #800	@ 0x320
20000682:	2bc6      	cmp	r3, #198	@ 0xc6
20000684:	d800      	bhi.n	20000688 <e15_is_critical_frame_period+0x1c>
20000686:	bd08      	pop	{r3, pc}
20000688:	2000      	movs	r0, #0
2000068a:	e7fc      	b.n	20000686 <e15_is_critical_frame_period+0x1a>
2000068c:	400b0000 	.word	0x400b0000
20000690:	200013e8 	.word	0x200013e8

20000694 <sync_ep_buffer>:
20000694:	b538      	push	{r3, r4, r5, lr}
20000696:	4604      	mov	r4, r0
20000698:	6883      	ldr	r3, [r0, #8]
2000069a:	681b      	ldr	r3, [r3, #0]
2000069c:	4608      	mov	r0, r1
2000069e:	b101      	cbz	r1, 200006a2 <sync_ep_buffer+0xe>
200006a0:	0c1b      	lsrs	r3, r3, #16
200006a2:	f3c3 0509 	ubfx	r5, r3, #0, #10
200006a6:	7862      	ldrb	r2, [r4, #1]
200006a8:	b992      	cbnz	r2, 200006d0 <sync_ep_buffer+0x3c>
200006aa:	f413 4f00 	tst.w	r3, #32768	@ 0x8000
200006ae:	d109      	bne.n	200006c4 <sync_ep_buffer+0x30>
200006b0:	8ae3      	ldrh	r3, [r4, #22]
200006b2:	442b      	add	r3, r5
200006b4:	82e3      	strh	r3, [r4, #22]
200006b6:	8b23      	ldrh	r3, [r4, #24]
200006b8:	42ab      	cmp	r3, r5
200006ba:	d901      	bls.n	200006c0 <sync_ep_buffer+0x2c>
200006bc:	2300      	movs	r3, #0
200006be:	82a3      	strh	r3, [r4, #20]
200006c0:	4628      	mov	r0, r5
200006c2:	bd38      	pop	{r3, r4, r5, pc}
200006c4:	4b0e      	ldr	r3, [pc, #56]	@ (20000700 <sync_ep_buffer+0x6c>)
200006c6:	4a0f      	ldr	r2, [pc, #60]	@ (20000704 <sync_ep_buffer+0x70>)
200006c8:	21e8      	movs	r1, #232	@ 0xe8
200006ca:	480f      	ldr	r0, [pc, #60]	@ (20000708 <sync_ep_buffer+0x74>)
200006cc:	f000 fbb4 	bl	20000e38 <____assert_func_veneer>
200006d0:	f413 4f00 	tst.w	r3, #32768	@ 0x8000
200006d4:	d00d      	beq.n	200006f2 <sync_ep_buffer+0x5e>
200006d6:	68e1      	ldr	r1, [r4, #12]
200006d8:	462a      	mov	r2, r5
200006da:	eb01 1180 	add.w	r1, r1, r0, lsl #6
200006de:	6920      	ldr	r0, [r4, #16]
200006e0:	f000 fb9e 	bl	20000e20 <__unaligned_memcpy_veneer>
200006e4:	8ae3      	ldrh	r3, [r4, #22]
200006e6:	442b      	add	r3, r5
200006e8:	82e3      	strh	r3, [r4, #22]
200006ea:	6923      	ldr	r3, [r4, #16]
200006ec:	442b      	add	r3, r5
200006ee:	6123      	str	r3, [r4, #16]
200006f0:	e7e1      	b.n	200006b6 <sync_ep_buffer+0x22>
200006f2:	4b06      	ldr	r3, [pc, #24]	@ (2000070c <sync_ep_buffer+0x78>)
200006f4:	4a03      	ldr	r2, [pc, #12]	@ (20000704 <sync_ep_buffer+0x70>)
200006f6:	21ee      	movs	r1, #238	@ 0xee
200006f8:	4803      	ldr	r0, [pc, #12]	@ (20000708 <sync_ep_buffer+0x74>)
200006fa:	f000 fb9d 	bl	20000e38 <____assert_func_veneer>
200006fe:	bf00      	nop
20000700:	10006684 	.word	0x10006684
20000704:	10006b60 	.word	0x10006b60
20000708:	100066a4 	.word	0x100066a4
2000070c:	10006700 	.word	0x10006700

20000710 <_hw_endpoint_xfer_sync>:
20000710:	b510      	push	{r4, lr}
20000712:	4604      	mov	r4, r0
20000714:	6883      	ldr	r3, [r0, #8]
20000716:	681b      	ldr	r3, [r3, #0]
20000718:	2100      	movs	r1, #0
2000071a:	f7ff ffbb 	bl	20000694 <sync_ep_buffer>
2000071e:	6863      	ldr	r3, [r4, #4]
20000720:	681b      	ldr	r3, [r3, #0]
20000722:	f013 4f80 	tst.w	r3, #1073741824	@ 0x40000000
20000726:	d002      	beq.n	2000072e <_hw_endpoint_xfer_sync+0x1e>
20000728:	8b23      	ldrh	r3, [r4, #24]
2000072a:	4283      	cmp	r3, r0
2000072c:	d000      	beq.n	20000730 <_hw_endpoint_xfer_sync+0x20>
2000072e:	bd10      	pop	{r4, pc}
20000730:	2101      	movs	r1, #1
20000732:	4620      	mov	r0, r4
20000734:	f7ff ffae 	bl	20000694 <sync_ep_buffer>
20000738:	e7f9      	b.n	2000072e <_hw_endpoint_xfer_sync+0x1e>

2000073a <hw_endpoint_reset_transfer>:
2000073a:	2300      	movs	r3, #0
2000073c:	7683      	strb	r3, [r0, #26]
2000073e:	8283      	strh	r3, [r0, #20]
20000740:	82c3      	strh	r3, [r0, #22]
20000742:	6103      	str	r3, [r0, #16]
20000744:	4770      	bx	lr
	...

20000748 <_hw_endpoint_buffer_control_update32>:
20000748:	b508      	push	{r3, lr}
2000074a:	460b      	mov	r3, r1
2000074c:	b111      	cbz	r1, 20000754 <_hw_endpoint_buffer_control_update32+0xc>
2000074e:	6881      	ldr	r1, [r0, #8]
20000750:	6809      	ldr	r1, [r1, #0]
20000752:	400b      	ands	r3, r1
20000754:	b19a      	cbz	r2, 2000077e <_hw_endpoint_buffer_control_update32+0x36>
20000756:	4313      	orrs	r3, r2
20000758:	f412 6f80 	tst.w	r2, #1024	@ 0x400
2000075c:	d00f      	beq.n	2000077e <_hw_endpoint_buffer_control_update32+0x36>
2000075e:	6882      	ldr	r2, [r0, #8]
20000760:	6811      	ldr	r1, [r2, #0]
20000762:	f411 6f80 	tst.w	r1, #1024	@ 0x400
20000766:	d10d      	bne.n	20000784 <_hw_endpoint_buffer_control_update32+0x3c>
20000768:	f423 6180 	bic.w	r1, r3, #1024	@ 0x400
2000076c:	6011      	str	r1, [r2, #0]
2000076e:	4a07      	ldr	r2, [pc, #28]	@ (2000078c <_hw_endpoint_buffer_control_update32+0x44>)
20000770:	6c12      	ldr	r2, [r2, #64]	@ 0x40
20000772:	f012 0f02 	tst.w	r2, #2
20000776:	d102      	bne.n	2000077e <_hw_endpoint_buffer_control_update32+0x36>
20000778:	220c      	movs	r2, #12
2000077a:	3a03      	subs	r2, #3
2000077c:	d2fd      	bcs.n	2000077a <_hw_endpoint_buffer_control_update32+0x32>
2000077e:	6882      	ldr	r2, [r0, #8]
20000780:	6013      	str	r3, [r2, #0]
20000782:	bd08      	pop	{r3, pc}
20000784:	7881      	ldrb	r1, [r0, #2]
20000786:	4802      	ldr	r0, [pc, #8]	@ (20000790 <_hw_endpoint_buffer_control_update32+0x48>)
20000788:	f000 fb5a 	bl	20000e40 <__panic_veneer>
2000078c:	50110000 	.word	0x50110000
20000790:	10006720 	.word	0x10006720

20000794 <hw_endpoint_start_next_buffer>:
20000794:	b570      	push	{r4, r5, r6, lr}
20000796:	4604      	mov	r4, r0
20000798:	6843      	ldr	r3, [r0, #4]
2000079a:	681d      	ldr	r5, [r3, #0]
2000079c:	2100      	movs	r1, #0
2000079e:	f7ff ff21 	bl	200005e4 <prepare_ep_buffer>
200007a2:	f440 5680 	orr.w	r6, r0, #4096	@ 0x1000
200007a6:	4b16      	ldr	r3, [pc, #88]	@ (20000800 <hw_endpoint_start_next_buffer+0x6c>)
200007a8:	6c1b      	ldr	r3, [r3, #64]	@ 0x40
200007aa:	f013 0f02 	tst.w	r3, #2
200007ae:	d013      	beq.n	200007d8 <hw_endpoint_start_next_buffer+0x44>
200007b0:	78a3      	ldrb	r3, [r4, #2]
200007b2:	f013 0f7f 	tst.w	r3, #127	@ 0x7f
200007b6:	d114      	bne.n	200007e2 <hw_endpoint_start_next_buffer+0x4e>
200007b8:	2300      	movs	r3, #0
200007ba:	8aa2      	ldrh	r2, [r4, #20]
200007bc:	b102      	cbz	r2, 200007c0 <hw_endpoint_start_next_buffer+0x2c>
200007be:	b1a3      	cbz	r3, 200007ea <hw_endpoint_start_next_buffer+0x56>
200007c0:	f025 45a0 	bic.w	r5, r5, #1342177280	@ 0x50000000
200007c4:	f045 5500 	orr.w	r5, r5, #536870912	@ 0x20000000
200007c8:	6863      	ldr	r3, [r4, #4]
200007ca:	601d      	str	r5, [r3, #0]
200007cc:	4632      	mov	r2, r6
200007ce:	2100      	movs	r1, #0
200007d0:	4620      	mov	r0, r4
200007d2:	f7ff ffb9 	bl	20000748 <_hw_endpoint_buffer_control_update32>
200007d6:	bd70      	pop	{r4, r5, r6, pc}
200007d8:	78a3      	ldrb	r3, [r4, #2]
200007da:	09db      	lsrs	r3, r3, #7
200007dc:	d103      	bne.n	200007e6 <hw_endpoint_start_next_buffer+0x52>
200007de:	2301      	movs	r3, #1
200007e0:	e7eb      	b.n	200007ba <hw_endpoint_start_next_buffer+0x26>
200007e2:	2301      	movs	r3, #1
200007e4:	e7e9      	b.n	200007ba <hw_endpoint_start_next_buffer+0x26>
200007e6:	2300      	movs	r3, #0
200007e8:	e7e7      	b.n	200007ba <hw_endpoint_start_next_buffer+0x26>
200007ea:	2101      	movs	r1, #1
200007ec:	4620      	mov	r0, r4
200007ee:	f7ff fef9 	bl	200005e4 <prepare_ep_buffer>
200007f2:	4306      	orrs	r6, r0
200007f4:	f025 5500 	bic.w	r5, r5, #536870912	@ 0x20000000
200007f8:	f045 45a0 	orr.w	r5, r5, #1342177280	@ 0x50000000
200007fc:	e7e4      	b.n	200007c8 <hw_endpoint_start_next_buffer+0x34>
200007fe:	bf00      	nop
20000800:	50110000 	.word	0x50110000

20000804 <hw_endpoint_xfer_continue>:
20000804:	b538      	push	{r3, r4, r5, lr}
20000806:	4604      	mov	r4, r0
20000808:	7e85      	ldrb	r5, [r0, #26]
2000080a:	b12d      	cbz	r5, 20000818 <hw_endpoint_xfer_continue+0x14>
2000080c:	f7ff ff80 	bl	20000710 <_hw_endpoint_xfer_sync>
20000810:	8aa3      	ldrh	r3, [r4, #20]
20000812:	b92b      	cbnz	r3, 20000820 <hw_endpoint_xfer_continue+0x1c>
20000814:	4628      	mov	r0, r5
20000816:	bd38      	pop	{r3, r4, r5, pc}
20000818:	7881      	ldrb	r1, [r0, #2]
2000081a:	4808      	ldr	r0, [pc, #32]	@ (2000083c <hw_endpoint_xfer_continue+0x38>)
2000081c:	f000 fb10 	bl	20000e40 <__panic_veneer>
20000820:	4620      	mov	r0, r4
20000822:	f7ff ff23 	bl	2000066c <e15_is_critical_frame_period>
20000826:	4605      	mov	r5, r0
20000828:	b118      	cbz	r0, 20000832 <hw_endpoint_xfer_continue+0x2e>
2000082a:	2301      	movs	r3, #1
2000082c:	7723      	strb	r3, [r4, #28]
2000082e:	2500      	movs	r5, #0
20000830:	e7f0      	b.n	20000814 <hw_endpoint_xfer_continue+0x10>
20000832:	4620      	mov	r0, r4
20000834:	f7ff ffae 	bl	20000794 <hw_endpoint_start_next_buffer>
20000838:	e7ec      	b.n	20000814 <hw_endpoint_xfer_continue+0x10>
2000083a:	bf00      	nop
2000083c:	10006740 	.word	0x10006740

20000840 <dcd_event_handler>:
20000840:	b5f0      	push	{r4, r5, r6, r7, lr}
20000842:	b085      	sub	sp, #20
20000844:	4605      	mov	r5, r0
20000846:	460f      	mov	r7, r1
20000848:	7843      	ldrb	r3, [r0, #1]
2000084a:	2b04      	cmp	r3, #4
2000084c:	d046      	beq.n	200008dc <dcd_event_handler+0x9c>
2000084e:	d909      	bls.n	20000864 <dcd_event_handler+0x24>
20000850:	2b05      	cmp	r3, #5
20000852:	d04e      	beq.n	200008f2 <dcd_event_handler+0xb2>
20000854:	2b06      	cmp	r3, #6
20000856:	d11a      	bne.n	2000088e <dcd_event_handler+0x4e>
20000858:	4a86      	ldr	r2, [pc, #536]	@ (20000a74 <dcd_event_handler+0x234>)
2000085a:	7813      	ldrb	r3, [r2, #0]
2000085c:	3301      	adds	r3, #1
2000085e:	b2db      	uxtb	r3, r3
20000860:	7013      	strb	r3, [r2, #0]
20000862:	e014      	b.n	2000088e <dcd_event_handler+0x4e>
20000864:	2b02      	cmp	r3, #2
20000866:	d003      	beq.n	20000870 <dcd_event_handler+0x30>
20000868:	2b03      	cmp	r3, #3
2000086a:	d110      	bne.n	2000088e <dcd_event_handler+0x4e>
2000086c:	2400      	movs	r4, #0
2000086e:	e056      	b.n	2000091e <dcd_event_handler+0xde>
20000870:	4b81      	ldr	r3, [pc, #516]	@ (20000a78 <dcd_event_handler+0x238>)
20000872:	781a      	ldrb	r2, [r3, #0]
20000874:	f022 0201 	bic.w	r2, r2, #1
20000878:	701a      	strb	r2, [r3, #0]
2000087a:	781a      	ldrb	r2, [r3, #0]
2000087c:	f022 0202 	bic.w	r2, r2, #2
20000880:	701a      	strb	r2, [r3, #0]
20000882:	2200      	movs	r2, #0
20000884:	705a      	strb	r2, [r3, #1]
20000886:	781a      	ldrb	r2, [r3, #0]
20000888:	f022 0204 	bic.w	r2, r2, #4
2000088c:	701a      	strb	r2, [r3, #0]
2000088e:	4b7b      	ldr	r3, [pc, #492]	@ (20000a7c <dcd_event_handler+0x23c>)
20000890:	681c      	ldr	r4, [r3, #0]
20000892:	6963      	ldr	r3, [r4, #20]
20000894:	f3ef 8210 	mrs	r2, PRIMASK
20000898:	b672      	cpsid	i
2000089a:	e8d3 0fcf 	ldaexb	r0, [r3]
2000089e:	2101      	movs	r1, #1
200008a0:	2800      	cmp	r0, #0
200008a2:	d1fa      	bne.n	2000089a <dcd_event_handler+0x5a>
200008a4:	e8c3 1f40 	strexb	r0, r1, [r3]
200008a8:	2800      	cmp	r0, #0
200008aa:	d1f6      	bne.n	2000089a <dcd_event_handler+0x5a>
200008ac:	f3bf 8f5f 	dmb	sy
200008b0:	61a2      	str	r2, [r4, #24]
200008b2:	4629      	mov	r1, r5
200008b4:	4620      	mov	r0, r4
200008b6:	f000 faa7 	bl	20000e08 <__tu_fifo_write_veneer>
200008ba:	6961      	ldr	r1, [r4, #20]
200008bc:	69a3      	ldr	r3, [r4, #24]
200008be:	2200      	movs	r2, #0
200008c0:	e8c1 2f8f 	stlb	r2, [r1]
200008c4:	f383 8810 	msr	PRIMASK, r3
200008c8:	2800      	cmp	r0, #0
200008ca:	f000 80c2 	beq.w	20000a52 <dcd_event_handler+0x212>
200008ce:	463a      	mov	r2, r7
200008d0:	7869      	ldrb	r1, [r5, #1]
200008d2:	7828      	ldrb	r0, [r5, #0]
200008d4:	f000 faa8 	bl	20000e28 <__tud_event_hook_cb_veneer>
200008d8:	b005      	add	sp, #20
200008da:	bdf0      	pop	{r4, r5, r6, r7, pc}
200008dc:	4b66      	ldr	r3, [pc, #408]	@ (20000a78 <dcd_event_handler+0x238>)
200008de:	781b      	ldrb	r3, [r3, #0]
200008e0:	f013 0f01 	tst.w	r3, #1
200008e4:	d0f8      	beq.n	200008d8 <dcd_event_handler+0x98>
200008e6:	4a64      	ldr	r2, [pc, #400]	@ (20000a78 <dcd_event_handler+0x238>)
200008e8:	7813      	ldrb	r3, [r2, #0]
200008ea:	f043 0304 	orr.w	r3, r3, #4
200008ee:	7013      	strb	r3, [r2, #0]
200008f0:	e7cd      	b.n	2000088e <dcd_event_handler+0x4e>
200008f2:	4b61      	ldr	r3, [pc, #388]	@ (20000a78 <dcd_event_handler+0x238>)
200008f4:	781b      	ldrb	r3, [r3, #0]
200008f6:	f013 0f01 	tst.w	r3, #1
200008fa:	d0ed      	beq.n	200008d8 <dcd_event_handler+0x98>
200008fc:	4a5e      	ldr	r2, [pc, #376]	@ (20000a78 <dcd_event_handler+0x238>)
200008fe:	7813      	ldrb	r3, [r2, #0]
20000900:	f023 0304 	bic.w	r3, r3, #4
20000904:	7013      	strb	r3, [r2, #0]
20000906:	e7c2      	b.n	2000088e <dcd_event_handler+0x4e>
20000908:	1ae3      	subs	r3, r4, r3
2000090a:	485d      	ldr	r0, [pc, #372]	@ (20000a80 <dcd_event_handler+0x240>)
2000090c:	eb00 1343 	add.w	r3, r0, r3, lsl #5
20000910:	69db      	ldr	r3, [r3, #28]
20000912:	b113      	cbz	r3, 2000091a <dcd_event_handler+0xda>
20000914:	6869      	ldr	r1, [r5, #4]
20000916:	7828      	ldrb	r0, [r5, #0]
20000918:	4798      	blx	r3
2000091a:	3401      	adds	r4, #1
2000091c:	b2e4      	uxtb	r4, r4
2000091e:	4b59      	ldr	r3, [pc, #356]	@ (20000a84 <dcd_event_handler+0x244>)
20000920:	781b      	ldrb	r3, [r3, #0]
20000922:	42a3      	cmp	r3, r4
20000924:	d307      	bcc.n	20000936 <dcd_event_handler+0xf6>
20000926:	42a3      	cmp	r3, r4
20000928:	d9ee      	bls.n	20000908 <dcd_event_handler+0xc8>
2000092a:	4b57      	ldr	r3, [pc, #348]	@ (20000a88 <dcd_event_handler+0x248>)
2000092c:	681b      	ldr	r3, [r3, #0]
2000092e:	eb13 1344 	adds.w	r3, r3, r4, lsl #5
20000932:	d1ed      	bne.n	20000910 <dcd_event_handler+0xd0>
20000934:	e7f1      	b.n	2000091a <dcd_event_handler+0xda>
20000936:	4b50      	ldr	r3, [pc, #320]	@ (20000a78 <dcd_event_handler+0x238>)
20000938:	781b      	ldrb	r3, [r3, #0]
2000093a:	f013 0f04 	tst.w	r3, #4
2000093e:	d133      	bne.n	200009a8 <dcd_event_handler+0x168>
20000940:	4b4d      	ldr	r3, [pc, #308]	@ (20000a78 <dcd_event_handler+0x238>)
20000942:	78db      	ldrb	r3, [r3, #3]
20000944:	f013 0f01 	tst.w	r3, #1
20000948:	d0c6      	beq.n	200008d8 <dcd_event_handler+0x98>
2000094a:	782b      	ldrb	r3, [r5, #0]
2000094c:	f88d 3004 	strb.w	r3, [sp, #4]
20000950:	2303      	movs	r3, #3
20000952:	f88d 3005 	strb.w	r3, [sp, #5]
20000956:	686b      	ldr	r3, [r5, #4]
20000958:	9302      	str	r3, [sp, #8]
2000095a:	4b48      	ldr	r3, [pc, #288]	@ (20000a7c <dcd_event_handler+0x23c>)
2000095c:	681c      	ldr	r4, [r3, #0]
2000095e:	6963      	ldr	r3, [r4, #20]
20000960:	f3ef 8210 	mrs	r2, PRIMASK
20000964:	b672      	cpsid	i
20000966:	e8d3 0fcf 	ldaexb	r0, [r3]
2000096a:	2101      	movs	r1, #1
2000096c:	2800      	cmp	r0, #0
2000096e:	d1fa      	bne.n	20000966 <dcd_event_handler+0x126>
20000970:	e8c3 1f40 	strexb	r0, r1, [r3]
20000974:	2800      	cmp	r0, #0
20000976:	d1f6      	bne.n	20000966 <dcd_event_handler+0x126>
20000978:	f3bf 8f5f 	dmb	sy
2000097c:	61a2      	str	r2, [r4, #24]
2000097e:	a901      	add	r1, sp, #4
20000980:	4620      	mov	r0, r4
20000982:	f000 fa41 	bl	20000e08 <__tu_fifo_write_veneer>
20000986:	6961      	ldr	r1, [r4, #20]
20000988:	69a3      	ldr	r3, [r4, #24]
2000098a:	2200      	movs	r2, #0
2000098c:	e8c1 2f8f 	stlb	r2, [r1]
20000990:	f383 8810 	msr	PRIMASK, r3
20000994:	2800      	cmp	r0, #0
20000996:	d04c      	beq.n	20000a32 <dcd_event_handler+0x1f2>
20000998:	463a      	mov	r2, r7
2000099a:	f89d 1005 	ldrb.w	r1, [sp, #5]
2000099e:	f89d 0004 	ldrb.w	r0, [sp, #4]
200009a2:	f000 fa41 	bl	20000e28 <__tud_event_hook_cb_veneer>
200009a6:	e797      	b.n	200008d8 <dcd_event_handler+0x98>
200009a8:	4a33      	ldr	r2, [pc, #204]	@ (20000a78 <dcd_event_handler+0x238>)
200009aa:	7813      	ldrb	r3, [r2, #0]
200009ac:	f023 0304 	bic.w	r3, r3, #4
200009b0:	7013      	strb	r3, [r2, #0]
200009b2:	a901      	add	r1, sp, #4
200009b4:	2600      	movs	r6, #0
200009b6:	9601      	str	r6, [sp, #4]
200009b8:	604e      	str	r6, [r1, #4]
200009ba:	608e      	str	r6, [r1, #8]
200009bc:	782b      	ldrb	r3, [r5, #0]
200009be:	f88d 3004 	strb.w	r3, [sp, #4]
200009c2:	2305      	movs	r3, #5
200009c4:	f88d 3005 	strb.w	r3, [sp, #5]
200009c8:	4b2c      	ldr	r3, [pc, #176]	@ (20000a7c <dcd_event_handler+0x23c>)
200009ca:	681c      	ldr	r4, [r3, #0]
200009cc:	6963      	ldr	r3, [r4, #20]
200009ce:	f3ef 8210 	mrs	r2, PRIMASK
200009d2:	b672      	cpsid	i
200009d4:	e8d3 cfcf 	ldaexb	ip, [r3]
200009d8:	2001      	movs	r0, #1
200009da:	f1bc 0f00 	cmp.w	ip, #0
200009de:	d1f9      	bne.n	200009d4 <dcd_event_handler+0x194>
200009e0:	e8c3 0f4c 	strexb	ip, r0, [r3]
200009e4:	f1bc 0f00 	cmp.w	ip, #0
200009e8:	d1f4      	bne.n	200009d4 <dcd_event_handler+0x194>
200009ea:	f3bf 8f5f 	dmb	sy
200009ee:	61a2      	str	r2, [r4, #24]
200009f0:	4620      	mov	r0, r4
200009f2:	f000 fa09 	bl	20000e08 <__tu_fifo_write_veneer>
200009f6:	6962      	ldr	r2, [r4, #20]
200009f8:	69a3      	ldr	r3, [r4, #24]
200009fa:	e8c2 6f8f 	stlb	r6, [r2]
200009fe:	f383 8810 	msr	PRIMASK, r3
20000a02:	b138      	cbz	r0, 20000a14 <dcd_event_handler+0x1d4>
20000a04:	463a      	mov	r2, r7
20000a06:	f89d 1005 	ldrb.w	r1, [sp, #5]
20000a0a:	f89d 0004 	ldrb.w	r0, [sp, #4]
20000a0e:	f000 fa0b 	bl	20000e28 <__tud_event_hook_cb_veneer>
20000a12:	e795      	b.n	20000940 <dcd_event_handler+0x100>
20000a14:	f240 1265 	movw	r2, #357	@ 0x165
20000a18:	491c      	ldr	r1, [pc, #112]	@ (20000a8c <dcd_event_handler+0x24c>)
20000a1a:	481d      	ldr	r0, [pc, #116]	@ (20000a90 <dcd_event_handler+0x250>)
20000a1c:	f000 fa14 	bl	20000e48 <____wrap_printf_veneer>
20000a20:	f04f 23e0 	mov.w	r3, #3758153728	@ 0xe000e000
20000a24:	f8d3 3df0 	ldr.w	r3, [r3, #3568]	@ 0xdf0
20000a28:	f013 0f01 	tst.w	r3, #1
20000a2c:	d088      	beq.n	20000940 <dcd_event_handler+0x100>
20000a2e:	be00      	bkpt	0x0000
20000a30:	e786      	b.n	20000940 <dcd_event_handler+0x100>
20000a32:	f240 1265 	movw	r2, #357	@ 0x165
20000a36:	4915      	ldr	r1, [pc, #84]	@ (20000a8c <dcd_event_handler+0x24c>)
20000a38:	4815      	ldr	r0, [pc, #84]	@ (20000a90 <dcd_event_handler+0x250>)
20000a3a:	f000 fa05 	bl	20000e48 <____wrap_printf_veneer>
20000a3e:	f04f 23e0 	mov.w	r3, #3758153728	@ 0xe000e000
20000a42:	f8d3 3df0 	ldr.w	r3, [r3, #3568]	@ 0xdf0
20000a46:	f013 0f01 	tst.w	r3, #1
20000a4a:	f43f af45 	beq.w	200008d8 <dcd_event_handler+0x98>
20000a4e:	be00      	bkpt	0x0000
20000a50:	e742      	b.n	200008d8 <dcd_event_handler+0x98>
20000a52:	f240 1265 	movw	r2, #357	@ 0x165
20000a56:	490d      	ldr	r1, [pc, #52]	@ (20000a8c <dcd_event_handler+0x24c>)
20000a58:	480d      	ldr	r0, [pc, #52]	@ (20000a90 <dcd_event_handler+0x250>)
20000a5a:	f000 f9f5 	bl	20000e48 <____wrap_printf_veneer>
20000a5e:	f04f 23e0 	mov.w	r3, #3758153728	@ 0xe000e000
20000a62:	f8d3 3df0 	ldr.w	r3, [r3, #3568]	@ 0xdf0
20000a66:	f013 0f01 	tst.w	r3, #1
20000a6a:	f43f af35 	beq.w	200008d8 <dcd_event_handler+0x98>
20000a6e:	be00      	bkpt	0x0000
20000a70:	e732      	b.n	200008d8 <dcd_event_handler+0x98>
20000a72:	bf00      	nop
20000a74:	20001843 	.word	0x20001843
20000a78:	20001268 	.word	0x20001268
20000a7c:	200012c0 	.word	0x200012c0
20000a80:	10006c28 	.word	0x10006c28
20000a84:	20001841 	.word	0x20001841
20000a88:	20001098 	.word	0x20001098
20000a8c:	10006ba4 	.word	0x10006ba4
20000a90:	100067a0 	.word	0x100067a0

20000a94 <__aeabi_uldivmod>:
20000a94:	b953      	cbnz	r3, 20000aac <__aeabi_uldivmod+0x18>
20000a96:	b94a      	cbnz	r2, 20000aac <__aeabi_uldivmod+0x18>
20000a98:	2900      	cmp	r1, #0
20000a9a:	bf08      	it	eq
20000a9c:	2800      	cmpeq	r0, #0
20000a9e:	bf1c      	itt	ne
20000aa0:	f04f 31ff 	movne.w	r1, #4294967295	@ 0xffffffff
20000aa4:	f04f 30ff 	movne.w	r0, #4294967295	@ 0xffffffff
20000aa8:	f000 b9ac 	b.w	20000e04 <__aeabi_idiv0>
20000aac:	f1ad 0c08 	sub.w	ip, sp, #8
20000ab0:	e96d ce04 	strd	ip, lr, [sp, #-16]!
20000ab4:	f000 f806 	bl	20000ac4 <__udivmoddi4>
20000ab8:	f8dd e004 	ldr.w	lr, [sp, #4]
20000abc:	e9dd 2302 	ldrd	r2, r3, [sp, #8]
20000ac0:	b004      	add	sp, #16
20000ac2:	4770      	bx	lr

20000ac4 <__udivmoddi4>:
20000ac4:	e92d 47f0 	stmdb	sp!, {r4, r5, r6, r7, r8, r9, sl, lr}
20000ac8:	4606      	mov	r6, r0
20000aca:	b082      	sub	sp, #8
20000acc:	4617      	mov	r7, r2
20000ace:	4608      	mov	r0, r1
20000ad0:	9a0a      	ldr	r2, [sp, #40]	@ 0x28
20000ad2:	46b4      	mov	ip, r6
20000ad4:	460d      	mov	r5, r1
20000ad6:	2b00      	cmp	r3, #0
20000ad8:	d14d      	bne.n	20000b76 <__udivmoddi4+0xb2>
20000ada:	428f      	cmp	r7, r1
20000adc:	46be      	mov	lr, r7
20000ade:	d965      	bls.n	20000bac <__udivmoddi4+0xe8>
20000ae0:	fab7 f187 	clz	r1, r7
20000ae4:	b149      	cbz	r1, 20000afa <__udivmoddi4+0x36>
20000ae6:	f1c1 0320 	rsb	r3, r1, #32
20000aea:	408d      	lsls	r5, r1
20000aec:	fa07 fe01 	lsl.w	lr, r7, r1
20000af0:	fa06 fc01 	lsl.w	ip, r6, r1
20000af4:	fa26 f303 	lsr.w	r3, r6, r3
20000af8:	431d      	orrs	r5, r3
20000afa:	ea4f 461e 	mov.w	r6, lr, lsr #16
20000afe:	fa1f f08e 	uxth.w	r0, lr
20000b02:	ea4f 431c 	mov.w	r3, ip, lsr #16
20000b06:	fbb5 f4f6 	udiv	r4, r5, r6
20000b0a:	fb06 5514 	mls	r5, r6, r4, r5
20000b0e:	ea43 4305 	orr.w	r3, r3, r5, lsl #16
20000b12:	fb04 f500 	mul.w	r5, r4, r0
20000b16:	429d      	cmp	r5, r3
20000b18:	d906      	bls.n	20000b28 <__udivmoddi4+0x64>
20000b1a:	eb1e 0303 	adds.w	r3, lr, r3
20000b1e:	d202      	bcs.n	20000b26 <__udivmoddi4+0x62>
20000b20:	429d      	cmp	r5, r3
20000b22:	f200 814c 	bhi.w	20000dbe <__udivmoddi4+0x2fa>
20000b26:	3c01      	subs	r4, #1
20000b28:	1b5b      	subs	r3, r3, r5
20000b2a:	fa1f fc8c 	uxth.w	ip, ip
20000b2e:	fbb3 f5f6 	udiv	r5, r3, r6
20000b32:	fb06 3315 	mls	r3, r6, r5, r3
20000b36:	fb05 f000 	mul.w	r0, r5, r0
20000b3a:	ea4c 4c03 	orr.w	ip, ip, r3, lsl #16
20000b3e:	4560      	cmp	r0, ip
20000b40:	d90a      	bls.n	20000b58 <__udivmoddi4+0x94>
20000b42:	eb1e 0c0c 	adds.w	ip, lr, ip
20000b46:	bf2c      	ite	cs
20000b48:	2301      	movcs	r3, #1
20000b4a:	2300      	movcc	r3, #0
20000b4c:	4560      	cmp	r0, ip
20000b4e:	d902      	bls.n	20000b56 <__udivmoddi4+0x92>
20000b50:	2b00      	cmp	r3, #0
20000b52:	f000 8137 	beq.w	20000dc4 <__udivmoddi4+0x300>
20000b56:	3d01      	subs	r5, #1
20000b58:	ebac 0c00 	sub.w	ip, ip, r0
20000b5c:	ea45 4004 	orr.w	r0, r5, r4, lsl #16
20000b60:	2400      	movs	r4, #0
20000b62:	b122      	cbz	r2, 20000b6e <__udivmoddi4+0xaa>
20000b64:	fa2c f301 	lsr.w	r3, ip, r1
20000b68:	2100      	movs	r1, #0
20000b6a:	e9c2 3100 	strd	r3, r1, [r2]
20000b6e:	4621      	mov	r1, r4
20000b70:	b002      	add	sp, #8
20000b72:	e8bd 87f0 	ldmia.w	sp!, {r4, r5, r6, r7, r8, r9, sl, pc}
20000b76:	428b      	cmp	r3, r1
20000b78:	d908      	bls.n	20000b8c <__udivmoddi4+0xc8>
20000b7a:	b10a      	cbz	r2, 20000b80 <__udivmoddi4+0xbc>
20000b7c:	e9c2 6100 	strd	r6, r1, [r2]
20000b80:	2400      	movs	r4, #0
20000b82:	4620      	mov	r0, r4
20000b84:	4621      	mov	r1, r4
20000b86:	b002      	add	sp, #8
20000b88:	e8bd 87f0 	ldmia.w	sp!, {r4, r5, r6, r7, r8, r9, sl, pc}
20000b8c:	fab3 f483 	clz	r4, r3
20000b90:	2c00      	cmp	r4, #0
20000b92:	d14d      	bne.n	20000c30 <__udivmoddi4+0x16c>
20000b94:	428b      	cmp	r3, r1
20000b96:	f0c0 8105 	bcc.w	20000da4 <__udivmoddi4+0x2e0>
20000b9a:	42b7      	cmp	r7, r6
20000b9c:	f240 8102 	bls.w	20000da4 <__udivmoddi4+0x2e0>
20000ba0:	4620      	mov	r0, r4
20000ba2:	2a00      	cmp	r2, #0
20000ba4:	d0e3      	beq.n	20000b6e <__udivmoddi4+0xaa>
20000ba6:	e9c2 c500 	strd	ip, r5, [r2]
20000baa:	e7e0      	b.n	20000b6e <__udivmoddi4+0xaa>
20000bac:	2f00      	cmp	r7, #0
20000bae:	f000 80a2 	beq.w	20000cf6 <__udivmoddi4+0x232>
20000bb2:	4619      	mov	r1, r3
20000bb4:	fab7 f387 	clz	r3, r7
20000bb8:	2b00      	cmp	r3, #0
20000bba:	f040 80b4 	bne.w	20000d26 <__udivmoddi4+0x262>
20000bbe:	1bc3      	subs	r3, r0, r7
20000bc0:	fa1f f88e 	uxth.w	r8, lr
20000bc4:	0c3f      	lsrs	r7, r7, #16
20000bc6:	2401      	movs	r4, #1
20000bc8:	ea4f 401c 	mov.w	r0, ip, lsr #16
20000bcc:	fbb3 f5f7 	udiv	r5, r3, r7
20000bd0:	fb07 3315 	mls	r3, r7, r5, r3
20000bd4:	ea40 4303 	orr.w	r3, r0, r3, lsl #16
20000bd8:	fb08 f005 	mul.w	r0, r8, r5
20000bdc:	4298      	cmp	r0, r3
20000bde:	d90a      	bls.n	20000bf6 <__udivmoddi4+0x132>
20000be0:	eb1e 0303 	adds.w	r3, lr, r3
20000be4:	bf2c      	ite	cs
20000be6:	2601      	movcs	r6, #1
20000be8:	2600      	movcc	r6, #0
20000bea:	4298      	cmp	r0, r3
20000bec:	d902      	bls.n	20000bf4 <__udivmoddi4+0x130>
20000bee:	2e00      	cmp	r6, #0
20000bf0:	f000 80e2 	beq.w	20000db8 <__udivmoddi4+0x2f4>
20000bf4:	3d01      	subs	r5, #1
20000bf6:	1a1b      	subs	r3, r3, r0
20000bf8:	fa1f fc8c 	uxth.w	ip, ip
20000bfc:	fbb3 f0f7 	udiv	r0, r3, r7
20000c00:	fb07 3310 	mls	r3, r7, r0, r3
20000c04:	ea4c 4c03 	orr.w	ip, ip, r3, lsl #16
20000c08:	fb08 f300 	mul.w	r3, r8, r0
20000c0c:	4563      	cmp	r3, ip
20000c0e:	d90a      	bls.n	20000c26 <__udivmoddi4+0x162>
20000c10:	eb1e 0c0c 	adds.w	ip, lr, ip
20000c14:	bf2c      	ite	cs
20000c16:	2601      	movcs	r6, #1
20000c18:	2600      	movcc	r6, #0
20000c1a:	4563      	cmp	r3, ip
20000c1c:	d902      	bls.n	20000c24 <__udivmoddi4+0x160>
20000c1e:	2e00      	cmp	r6, #0
20000c20:	f000 80c7 	beq.w	20000db2 <__udivmoddi4+0x2ee>
20000c24:	3801      	subs	r0, #1
20000c26:	ebac 0c03 	sub.w	ip, ip, r3
20000c2a:	ea40 4005 	orr.w	r0, r0, r5, lsl #16
20000c2e:	e798      	b.n	20000b62 <__udivmoddi4+0x9e>
20000c30:	f1c4 0820 	rsb	r8, r4, #32
20000c34:	40a3      	lsls	r3, r4
20000c36:	fa06 fa04 	lsl.w	sl, r6, r4
20000c3a:	40a1      	lsls	r1, r4
20000c3c:	fa27 fc08 	lsr.w	ip, r7, r8
20000c40:	fa20 f008 	lsr.w	r0, r0, r8
20000c44:	fa07 f904 	lsl.w	r9, r7, r4
20000c48:	ea4c 0c03 	orr.w	ip, ip, r3
20000c4c:	fa26 f308 	lsr.w	r3, r6, r8
20000c50:	ea4f 461c 	mov.w	r6, ip, lsr #16
20000c54:	430b      	orrs	r3, r1
20000c56:	fa1f fe8c 	uxth.w	lr, ip
20000c5a:	0c19      	lsrs	r1, r3, #16
20000c5c:	fbb0 f7f6 	udiv	r7, r0, r6
20000c60:	fb06 0017 	mls	r0, r6, r7, r0
20000c64:	ea41 4100 	orr.w	r1, r1, r0, lsl #16
20000c68:	fb07 f00e 	mul.w	r0, r7, lr
20000c6c:	4288      	cmp	r0, r1
20000c6e:	d90a      	bls.n	20000c86 <__udivmoddi4+0x1c2>
20000c70:	eb1c 0101 	adds.w	r1, ip, r1
20000c74:	bf2c      	ite	cs
20000c76:	2501      	movcs	r5, #1
20000c78:	2500      	movcc	r5, #0
20000c7a:	4288      	cmp	r0, r1
20000c7c:	d902      	bls.n	20000c84 <__udivmoddi4+0x1c0>
20000c7e:	2d00      	cmp	r5, #0
20000c80:	f000 80b2 	beq.w	20000de8 <__udivmoddi4+0x324>
20000c84:	3f01      	subs	r7, #1
20000c86:	1a09      	subs	r1, r1, r0
20000c88:	b29b      	uxth	r3, r3
20000c8a:	fbb1 f0f6 	udiv	r0, r1, r6
20000c8e:	fb06 1110 	mls	r1, r6, r0, r1
20000c92:	fb00 fe0e 	mul.w	lr, r0, lr
20000c96:	ea43 4301 	orr.w	r3, r3, r1, lsl #16
20000c9a:	459e      	cmp	lr, r3
20000c9c:	d90a      	bls.n	20000cb4 <__udivmoddi4+0x1f0>
20000c9e:	eb1c 0303 	adds.w	r3, ip, r3
20000ca2:	bf2c      	ite	cs
20000ca4:	2101      	movcs	r1, #1
20000ca6:	2100      	movcc	r1, #0
20000ca8:	459e      	cmp	lr, r3
20000caa:	d902      	bls.n	20000cb2 <__udivmoddi4+0x1ee>
20000cac:	2900      	cmp	r1, #0
20000cae:	f000 809e 	beq.w	20000dee <__udivmoddi4+0x32a>
20000cb2:	3801      	subs	r0, #1
20000cb4:	ea40 4007 	orr.w	r0, r0, r7, lsl #16
20000cb8:	eba3 030e 	sub.w	r3, r3, lr
20000cbc:	fba0 e109 	umull	lr, r1, r0, r9
20000cc0:	428b      	cmp	r3, r1
20000cc2:	4676      	mov	r6, lr
20000cc4:	460f      	mov	r7, r1
20000cc6:	d302      	bcc.n	20000cce <__udivmoddi4+0x20a>
20000cc8:	d107      	bne.n	20000cda <__udivmoddi4+0x216>
20000cca:	45f2      	cmp	sl, lr
20000ccc:	d205      	bcs.n	20000cda <__udivmoddi4+0x216>
20000cce:	ebbe 0609 	subs.w	r6, lr, r9
20000cd2:	eb61 010c 	sbc.w	r1, r1, ip
20000cd6:	3801      	subs	r0, #1
20000cd8:	460f      	mov	r7, r1
20000cda:	b152      	cbz	r2, 20000cf2 <__udivmoddi4+0x22e>
20000cdc:	ebba 0106 	subs.w	r1, sl, r6
20000ce0:	eb63 0307 	sbc.w	r3, r3, r7
20000ce4:	fa03 f508 	lsl.w	r5, r3, r8
20000ce8:	40e1      	lsrs	r1, r4
20000cea:	40e3      	lsrs	r3, r4
20000cec:	430d      	orrs	r5, r1
20000cee:	e9c2 5300 	strd	r5, r3, [r2]
20000cf2:	2400      	movs	r4, #0
20000cf4:	e73b      	b.n	20000b6e <__udivmoddi4+0xaa>
20000cf6:	0873      	lsrs	r3, r6, #1
20000cf8:	46b8      	mov	r8, r7
20000cfa:	0849      	lsrs	r1, r1, #1
20000cfc:	9701      	str	r7, [sp, #4]
20000cfe:	ea43 73c0 	orr.w	r3, r3, r0, lsl #31
20000d02:	ea4f 7cc6 	mov.w	ip, r6, lsl #31
20000d06:	0c1c      	lsrs	r4, r3, #16
20000d08:	b29b      	uxth	r3, r3
20000d0a:	ea44 4401 	orr.w	r4, r4, r1, lsl #16
20000d0e:	ea43 4304 	orr.w	r3, r3, r4, lsl #16
20000d12:	fbb4 f4f7 	udiv	r4, r4, r7
20000d16:	fbb1 f5f7 	udiv	r5, r1, r7
20000d1a:	211f      	movs	r1, #31
20000d1c:	9801      	ldr	r0, [sp, #4]
20000d1e:	ea44 4405 	orr.w	r4, r4, r5, lsl #16
20000d22:	1a1b      	subs	r3, r3, r0
20000d24:	e750      	b.n	20000bc8 <__udivmoddi4+0x104>
20000d26:	4619      	mov	r1, r3
20000d28:	fa07 fe03 	lsl.w	lr, r7, r3
20000d2c:	f1c3 0320 	rsb	r3, r3, #32
20000d30:	fa00 f401 	lsl.w	r4, r0, r1
20000d34:	ea4f 471e 	mov.w	r7, lr, lsr #16
20000d38:	40d8      	lsrs	r0, r3
20000d3a:	fa26 f303 	lsr.w	r3, r6, r3
20000d3e:	fa1f f88e 	uxth.w	r8, lr
20000d42:	fa06 fc01 	lsl.w	ip, r6, r1
20000d46:	4323      	orrs	r3, r4
20000d48:	fbb0 f5f7 	udiv	r5, r0, r7
20000d4c:	0c1c      	lsrs	r4, r3, #16
20000d4e:	fb07 0015 	mls	r0, r7, r5, r0
20000d52:	ea44 4000 	orr.w	r0, r4, r0, lsl #16
20000d56:	fb05 f408 	mul.w	r4, r5, r8
20000d5a:	4284      	cmp	r4, r0
20000d5c:	d94a      	bls.n	20000df4 <__udivmoddi4+0x330>
20000d5e:	eb1e 0000 	adds.w	r0, lr, r0
20000d62:	bf2c      	ite	cs
20000d64:	2601      	movcs	r6, #1
20000d66:	2600      	movcc	r6, #0
20000d68:	4284      	cmp	r4, r0
20000d6a:	d900      	bls.n	20000d6e <__udivmoddi4+0x2aa>
20000d6c:	b38e      	cbz	r6, 20000dd2 <__udivmoddi4+0x30e>
20000d6e:	1b00      	subs	r0, r0, r4
20000d70:	3d01      	subs	r5, #1
20000d72:	fbb0 f4f7 	udiv	r4, r0, r7
20000d76:	fb04 f608 	mul.w	r6, r4, r8
20000d7a:	46a1      	mov	r9, r4
20000d7c:	9601      	str	r6, [sp, #4]
20000d7e:	fb07 0019 	mls	r0, r7, r9, r0
20000d82:	b29b      	uxth	r3, r3
20000d84:	9e01      	ldr	r6, [sp, #4]
20000d86:	ea43 4300 	orr.w	r3, r3, r0, lsl #16
20000d8a:	42b3      	cmp	r3, r6
20000d8c:	d2c6      	bcs.n	20000d1c <__udivmoddi4+0x258>
20000d8e:	eb1e 0303 	adds.w	r3, lr, r3
20000d92:	bf2c      	ite	cs
20000d94:	2001      	movcs	r0, #1
20000d96:	2000      	movcc	r0, #0
20000d98:	42b3      	cmp	r3, r6
20000d9a:	d200      	bcs.n	20000d9e <__udivmoddi4+0x2da>
20000d9c:	b1a8      	cbz	r0, 20000dca <__udivmoddi4+0x306>
20000d9e:	f109 34ff 	add.w	r4, r9, #4294967295	@ 0xffffffff
20000da2:	e7bb      	b.n	20000d1c <__udivmoddi4+0x258>
20000da4:	ebb6 0c07 	subs.w	ip, r6, r7
20000da8:	eb60 0303 	sbc.w	r3, r0, r3
20000dac:	2001      	movs	r0, #1
20000dae:	461d      	mov	r5, r3
20000db0:	e6f7      	b.n	20000ba2 <__udivmoddi4+0xde>
20000db2:	44f4      	add	ip, lr
20000db4:	3802      	subs	r0, #2
20000db6:	e736      	b.n	20000c26 <__udivmoddi4+0x162>
20000db8:	3d02      	subs	r5, #2
20000dba:	4473      	add	r3, lr
20000dbc:	e71b      	b.n	20000bf6 <__udivmoddi4+0x132>
20000dbe:	3c02      	subs	r4, #2
20000dc0:	4473      	add	r3, lr
20000dc2:	e6b1      	b.n	20000b28 <__udivmoddi4+0x64>
20000dc4:	44f4      	add	ip, lr
20000dc6:	3d02      	subs	r5, #2
20000dc8:	e6c6      	b.n	20000b58 <__udivmoddi4+0x94>
20000dca:	f1a9 0402 	sub.w	r4, r9, #2
20000dce:	4473      	add	r3, lr
20000dd0:	e7a4      	b.n	20000d1c <__udivmoddi4+0x258>
20000dd2:	ebae 0404 	sub.w	r4, lr, r4
20000dd6:	3d02      	subs	r5, #2
20000dd8:	4420      	add	r0, r4
20000dda:	fbb0 f4f7 	udiv	r4, r0, r7
20000dde:	fb04 f608 	mul.w	r6, r4, r8
20000de2:	46a1      	mov	r9, r4
20000de4:	9601      	str	r6, [sp, #4]
20000de6:	e7ca      	b.n	20000d7e <__udivmoddi4+0x2ba>
20000de8:	3f02      	subs	r7, #2
20000dea:	4461      	add	r1, ip
20000dec:	e74b      	b.n	20000c86 <__udivmoddi4+0x1c2>
20000dee:	3802      	subs	r0, #2
20000df0:	4463      	add	r3, ip
20000df2:	e75f      	b.n	20000cb4 <__udivmoddi4+0x1f0>
20000df4:	1b00      	subs	r0, r0, r4
20000df6:	fbb0 f4f7 	udiv	r4, r0, r7
20000dfa:	fb04 f608 	mul.w	r6, r4, r8
20000dfe:	46a1      	mov	r9, r4
20000e00:	9601      	str	r6, [sp, #4]
20000e02:	e7bc      	b.n	20000d7e <__udivmoddi4+0x2ba>

20000e04 <__aeabi_idiv0>:
20000e04:	4770      	bx	lr
20000e06:	bf00      	nop

20000e08 <__tu_fifo_write_veneer>:
20000e08:	f85f f000 	ldr.w	pc, [pc]	@ 20000e0c <__tu_fifo_write_veneer+0x4>
20000e0c:	10005a0b 	.word	0x10005a0b

20000e10 <__memset_veneer>:
20000e10:	f85f f000 	ldr.w	pc, [pc]	@ 20000e14 <__memset_veneer+0x4>
20000e14:	10005ae9 	.word	0x10005ae9

20000e18 <__best_effort_wfe_or_timeout_veneer>:
20000e18:	f85f f000 	ldr.w	pc, [pc]	@ 20000e1c <__best_effort_wfe_or_timeout_veneer+0x4>
20000e1c:	10001249 	.word	0x10001249

20000e20 <__unaligned_memcpy_veneer>:
20000e20:	f85f f000 	ldr.w	pc, [pc]	@ 20000e24 <__unaligned_memcpy_veneer+0x4>
20000e24:	10003af5 	.word	0x10003af5

20000e28 <__tud_event_hook_cb_veneer>:
20000e28:	f85f f000 	ldr.w	pc, [pc]	@ 20000e2c <__tud_event_hook_cb_veneer+0x4>
20000e2c:	10003e15 	.word	0x10003e15

20000e30 <__time_us_64_veneer>:
20000e30:	f85f f000 	ldr.w	pc, [pc]	@ 20000e34 <__time_us_64_veneer+0x4>
20000e34:	100013e5 	.word	0x100013e5

20000e38 <____assert_func_veneer>:
20000e38:	f85f f000 	ldr.w	pc, [pc]	@ 20000e3c <____assert_func_veneer+0x4>
20000e3c:	10002e5d 	.word	0x10002e5d

20000e40 <__panic_veneer>:
20000e40:	f85f f000 	ldr.w	pc, [pc]	@ 20000e44 <__panic_veneer+0x4>
20000e44:	10000475 	.word	0x10000475

20000e48 <____wrap_printf_veneer>:
20000e48:	f85f f000 	ldr.w	pc, [pc]	@ 20000e4c <____wrap_printf_veneer+0x4>
20000e4c:	10003119 	.word	0x10003119

20000e50 <striped_spin_lock_num>:
20000e50:	00000010                                ....

20000e54 <irq_handler_chain_slots>:
20000e54:	00000000 	.word	0x00000000
20000e58:	00010000 	.word	0x00010000
	...
20000e64:	00020000 	.word	0x00020000
	...
20000e70:	00030000 	.word	0x00030000
	...
20000e7c:	00040000 	.word	0x00040000
	...
20000e88:	00050000 	.word	0x00050000
	...
20000e94:	00ff0000 	.word	0x00ff0000
20000e98:	00000000 	.word	0x00000000

20000e9c <irq_handler_chain_first_slot>:
20000e9c:	b501      	push	{r0, lr}
20000e9e:	6848      	ldr	r0, [r1, #4]
20000ea0:	3101      	adds	r1, #1
20000ea2:	468e      	mov	lr, r1
20000ea4:	4700      	bx	r0

20000ea6 <irq_handler_chain_remove_tail>:
20000ea6:	4670      	mov	r0, lr
20000ea8:	3809      	subs	r0, #9
20000eaa:	4901      	ldr	r1, [pc, #4]	@ (20000eb0 <irq_handler_chain_remove_tail+0xa>)
20000eac:	4788      	blx	r1
20000eae:	bd01      	pop	{r0, pc}
20000eb0:	100009b5 	.word	0x100009b5

20000eb4 <default_alarm_pool>:
	...
20000ec8:	20000f10                                ... 

20000ecc <stdio_usb>:
20000ecc:	100034a5 10003149 1000340d 10003135     .4..I1...4..51..
20000edc:	00000000 00000100                       ........

20000ee4 <_usbd_qdef>:
20000ee4:	200012c4 000c0010 00000000 00000000     ... ............
	...

20000f00 <_usbd_rhport>:
20000f00:	000000ff                                ....

20000f04 <print_mutex>:
	...
