
/home/angel/work/project5/lab-elem-programables/Sesion_03_GPIO_Pullup_Pulldown/cpp/button_read/build/button_read.elf:     file format elf32-littlearm

Sections:
Idx Name          Size      VMA       LMA       File off  Algn
  0 .text         00005bac  10000000  10000000  00001000  2**3
                  CONTENTS, ALLOC, LOAD, READONLY, CODE
  1 .rodata       00000e10  10005bb0  10005bb0  00006bb0  2**3
                  CONTENTS, ALLOC, LOAD, READONLY, DATA
  2 .ARM.exidx    00000008  100069c0  100069c0  000079c0  2**2
                  CONTENTS, ALLOC, LOAD, READONLY, DATA
  3 .binary_info  00000024  100069c8  100069c8  000079c8  2**2
                  CONTENTS, ALLOC, LOAD, READONLY, DATA
  4 .psram_load   00000000  11000000  11000000  000097fc  2**0
                  CONTENTS
  5 .psram_noload 00000000  11000000  11000000  000097fc  2**0
                  CONTENTS
  6 .xip_ram      00000000  13ffc000  13ffc000  000097fc  2**0
                  CONTENTS
  7 .ram_vector_table 00000110  20000000  20000000  0000a000  2**2
                  ALLOC
  8 .uninitialized_data 00000000  20000110  20000110  000097fc  2**0
                  CONTENTS
  9 .data         00000dfc  20000110  100069ec  00008110  2**3
                  CONTENTS, ALLOC, LOAD, READONLY, CODE
 10 .tdata        00000000  20000f0c  20000f0c  000097fc  2**0
                  CONTENTS, ALLOC, LOAD, DATA, THREAD_LOCAL
 11 .tbss         00000000  20000f0c  20000f0c  00000000  2**0
                  ALLOC, THREAD_LOCAL
 12 .tbss_space   00000000  20000f0c  20000f0c  000097fc  2**0
                  CONTENTS
 13 .bss          0000093c  20000f10  100077e8  00009f10  2**3
                  ALLOC
 14 .tls0         00000000  2000184c  2000184c  000097fc  2**0
                  CONTENTS
 15 .tls1         00000000  2000184c  2000184c  000097fc  2**0
                  CONTENTS
 16 .persistent_data 00000000  2000184c  2000184c  000097fc  2**0
                  CONTENTS
 17 .dummy_pre_heap 00000000  2000184c  2000184c  000097fc  2**0
                  CONTENTS
 18 .heap         00000800  2000184c  2000184c  0000a000  2**2
                  ALLOC, READONLY
 19 .scratch_x    00000000  20080000  20080000  000097fc  2**0
                  CONTENTS
 20 .scratch_y    00000000  20081000  20081000  000097fc  2**0
                  CONTENTS
 21 .stack_dummy  00000800  20081000  20081000  0000a000  2**5
                  ALLOC, READONLY
 22 .flash_end    00000014  100077e8  100077e8  000097e8  2**2
                  CONTENTS, ALLOC, LOAD, READONLY, DATA
 23 .debug_info   0002c813  00000000  00000000  000097fc  2**0
                  CONTENTS, READONLY, DEBUGGING, OCTETS
 24 .debug_abbrev 000080b6  00000000  00000000  0003600f  2**0
                  CONTENTS, READONLY, DEBUGGING, OCTETS
 25 .debug_loclists 000107a0  00000000  00000000  0003e0c5  2**0
                  CONTENTS, READONLY, DEBUGGING, OCTETS
 26 .debug_aranges 000013d8  00000000  00000000  0004e868  2**3
                  CONTENTS, READONLY, DEBUGGING, OCTETS
 27 .debug_rnglists 000017ce  00000000  00000000  0004fc40  2**0
                  CONTENTS, READONLY, DEBUGGING, OCTETS
 28 .debug_line   000185e2  00000000  00000000  0005140e  2**0
                  CONTENTS, READONLY, DEBUGGING, OCTETS
 29 .debug_str    00009389  00000000  00000000  000699f0  2**0
                  CONTENTS, READONLY, DEBUGGING, OCTETS
 30 .comment      00000045  00000000  00000000  00072d79  2**0
                  CONTENTS, READONLY
 31 .ARM.attributes 00000036  00000000  00000000  00072dbe  2**0
                  CONTENTS, READONLY
 32 .debug_frame  00003294  00000000  00000000  00072df4  2**2
                  CONTENTS, READONLY, DEBUGGING, OCTETS
 33 .debug_line_str 000002a9  00000000  00000000  00076088  2**0
                  CONTENTS, READONLY, DEBUGGING, OCTETS

/home/angel/work/project5/lab-elem-programables/Sesion_03_GPIO_Pullup_Pulldown/cpp/button_read/build/button_read.elf:     file format elf32-littlearm


Disassembly of section .text:

10000000 <__VECTOR_TABLE>:
10000000:	20082000 	.word	0x20082000
10000004:	1000015b 	.word	0x1000015b
10000008:	1000011b 	.word	0x1000011b
1000000c:	1000011d 	.word	0x1000011d
10000010:	10000111 	.word	0x10000111
10000014:	10000111 	.word	0x10000111
10000018:	10000111 	.word	0x10000111
1000001c:	10000111 	.word	0x10000111
10000020:	10000119 	.word	0x10000119
10000024:	10000119 	.word	0x10000119
10000028:	10000119 	.word	0x10000119
1000002c:	1000011f 	.word	0x1000011f
10000030:	10000111 	.word	0x10000111
10000034:	10000119 	.word	0x10000119
10000038:	10000121 	.word	0x10000121
1000003c:	10000123 	.word	0x10000123
10000040:	10000111 	.word	0x10000111
10000044:	10000111 	.word	0x10000111
10000048:	10000111 	.word	0x10000111
1000004c:	10000111 	.word	0x10000111
10000050:	10000111 	.word	0x10000111
10000054:	10000111 	.word	0x10000111
10000058:	10000111 	.word	0x10000111
1000005c:	10000111 	.word	0x10000111
10000060:	10000111 	.word	0x10000111
10000064:	10000111 	.word	0x10000111
10000068:	10000111 	.word	0x10000111
1000006c:	10000111 	.word	0x10000111
10000070:	10000111 	.word	0x10000111
10000074:	10000111 	.word	0x10000111
10000078:	10000111 	.word	0x10000111
1000007c:	10000111 	.word	0x10000111
10000080:	10000111 	.word	0x10000111
10000084:	10000111 	.word	0x10000111
10000088:	10000111 	.word	0x10000111
1000008c:	10000111 	.word	0x10000111
10000090:	10000111 	.word	0x10000111
10000094:	10000111 	.word	0x10000111
10000098:	10000111 	.word	0x10000111
1000009c:	10000111 	.word	0x10000111
100000a0:	10000111 	.word	0x10000111
100000a4:	10000111 	.word	0x10000111
100000a8:	10000111 	.word	0x10000111
100000ac:	10000111 	.word	0x10000111
100000b0:	10000111 	.word	0x10000111
100000b4:	10000111 	.word	0x10000111
100000b8:	10000111 	.word	0x10000111
100000bc:	10000111 	.word	0x10000111
100000c0:	10000111 	.word	0x10000111
100000c4:	10000111 	.word	0x10000111
100000c8:	10000111 	.word	0x10000111
100000cc:	10000111 	.word	0x10000111
100000d0:	10000111 	.word	0x10000111
100000d4:	10000111 	.word	0x10000111
100000d8:	10000111 	.word	0x10000111
100000dc:	10000111 	.word	0x10000111
100000e0:	10000111 	.word	0x10000111
100000e4:	10000111 	.word	0x10000111
100000e8:	10000111 	.word	0x10000111
100000ec:	10000111 	.word	0x10000111
100000f0:	10000111 	.word	0x10000111
100000f4:	10000111 	.word	0x10000111
100000f8:	10000111 	.word	0x10000111
100000fc:	10000111 	.word	0x10000111
10000100:	10000111 	.word	0x10000111
10000104:	10000111 	.word	0x10000111
10000108:	10000111 	.word	0x10000111
1000010c:	10000111 	.word	0x10000111

10000110 <__unhandled_user_irq>:
10000110:	f3ef 8005 	mrs	r0, IPSR
10000114:	3810      	subs	r0, #16

10000116 <unhandled_user_irq_num_in_r0>:
10000116:	be00      	bkpt	0x0000

10000118 <isr_invalid>:
10000118:	be00      	bkpt	0x0000

1000011a <isr_nmi>:
1000011a:	be00      	bkpt	0x0000

1000011c <isr_hardfault>:
1000011c:	be00      	bkpt	0x0000

1000011e <isr_svcall>:
1000011e:	be00      	bkpt	0x0000

10000120 <isr_pendsv>:
10000120:	be00      	bkpt	0x0000

10000122 <isr_systick>:
10000122:	be00      	bkpt	0x0000

10000124 <__default_isrs_end>:
10000124:	7188ebf2 	.word	0x7188ebf2
10000128:	100069c8 	.word	0x100069c8
1000012c:	100069ec 	.word	0x100069ec
10000130:	1000019c 	.word	0x1000019c
10000134:	e71aa390 	.word	0xe71aa390

10000138 <__binary_info_header_end>:
10000138:	ffffded3 	.word	0xffffded3
1000013c:	10210142 	.word	0x10210142
10000140:	000001ff 	.word	0x000001ff
10000144:	000076b0 	.word	0x000076b0
10000148:	ab123579 	.word	0xab123579

1000014c <_entry_point>:
1000014c:	2000      	movs	r0, #0

1000014e <_enter_vtable_in_r0>:
1000014e:	491e      	ldr	r1, [pc, #120]	@ (100001c8 <data_cpy_table+0x2c>)
10000150:	6008      	str	r0, [r1, #0]
10000152:	c806      	ldmia	r0!, {r1, r2}
10000154:	f381 8808 	msr	MSP, r1
10000158:	4710      	bx	r2

1000015a <_reset_handler>:
1000015a:	f04f 4050 	mov.w	r0, #3489660928	@ 0xd0000000
1000015e:	6800      	ldr	r0, [r0, #0]
10000160:	b108      	cbz	r0, 10000166 <hold_non_core0_in_bootrom+0x4>

10000162 <hold_non_core0_in_bootrom>:
10000162:	2000      	movs	r0, #0
10000164:	e7f3      	b.n	1000014e <_enter_vtable_in_r0>
10000166:	a40d      	add	r4, pc, #52	@ (adr r4, 1000019c <data_cpy_table>)
10000168:	cc0e      	ldmia	r4!, {r1, r2, r3}
1000016a:	2900      	cmp	r1, #0
1000016c:	d002      	beq.n	10000174 <hold_non_core0_in_bootrom+0x12>
1000016e:	f000 f812 	bl	10000196 <data_cpy>
10000172:	e7f9      	b.n	10000168 <hold_non_core0_in_bootrom+0x6>
10000174:	4915      	ldr	r1, [pc, #84]	@ (100001cc <data_cpy_table+0x30>)
10000176:	4a16      	ldr	r2, [pc, #88]	@ (100001d0 <data_cpy_table+0x34>)
10000178:	2000      	movs	r0, #0
1000017a:	e000      	b.n	1000017e <bss_fill_test>

1000017c <bss_fill_loop>:
1000017c:	c101      	stmia	r1!, {r0}

1000017e <bss_fill_test>:
1000017e:	4291      	cmp	r1, r2
10000180:	d1fc      	bne.n	1000017c <bss_fill_loop>

10000182 <platform_entry>:
10000182:	4914      	ldr	r1, [pc, #80]	@ (100001d4 <data_cpy_table+0x38>)
10000184:	4788      	blx	r1
10000186:	4914      	ldr	r1, [pc, #80]	@ (100001d8 <data_cpy_table+0x3c>)
10000188:	4788      	blx	r1
1000018a:	4914      	ldr	r1, [pc, #80]	@ (100001dc <data_cpy_table+0x40>)
1000018c:	4788      	blx	r1
1000018e:	be00      	bkpt	0x0000
10000190:	e7fd      	b.n	1000018e <platform_entry+0xc>

10000192 <data_cpy_loop>:
10000192:	c901      	ldmia	r1!, {r0}
10000194:	c201      	stmia	r2!, {r0}

10000196 <data_cpy>:
10000196:	429a      	cmp	r2, r3
10000198:	d3fb      	bcc.n	10000192 <data_cpy_loop>

1000019a <data_cpy_done>:
1000019a:	4770      	bx	lr

1000019c <data_cpy_table>:
1000019c:	100069ec 	.word	0x100069ec
100001a0:	20000110 	.word	0x20000110
100001a4:	20000f0c 	.word	0x20000f0c
100001a8:	100077e8 	.word	0x100077e8
100001ac:	20080000 	.word	0x20080000
100001b0:	20080000 	.word	0x20080000
100001b4:	100077e8 	.word	0x100077e8
100001b8:	20081000 	.word	0x20081000
100001bc:	20081000 	.word	0x20081000
100001c0:	00000000 	.word	0x00000000
100001c4:	4770      	bx	lr
100001c6:	0000      	.short	0x0000
100001c8:	e000ed08 	.word	0xe000ed08
100001cc:	20000f0c 	.word	0x20000f0c
100001d0:	2000184c 	.word	0x2000184c
100001d4:	10002ced 	.word	0x10002ced
100001d8:	100001e1 	.word	0x100001e1
100001dc:	10002caf 	.word	0x10002caf

100001e0 <main>:
100001e0:	b510      	push	{r4, lr}
100001e2:	f002 fe91 	bl	10002f08 <stdio_init_all>
100001e6:	f44f 60fa 	mov.w	r0, #2000	@ 0x7d0
100001ea:	f000 ff47 	bl	1000107c <sleep_ms>
100001ee:	2010      	movs	r0, #16
100001f0:	f000 f862 	bl	100002b8 <gpio_init>
100001f4:	2410      	movs	r4, #16
100001f6:	f04f 0300 	mov.w	r3, #0
100001fa:	ec43 4044 	gpioc_bit_oe_put r4, r3
100001fe:	2200      	movs	r2, #0
10000200:	2101      	movs	r1, #1
10000202:	4620      	mov	r0, r4
10000204:	f000 f840 	bl	10000288 <gpio_set_pulls>
10000208:	4621      	mov	r1, r4
1000020a:	480c      	ldr	r0, [pc, #48]	@ (1000023c <main+0x5c>)
1000020c:	f002 feb0 	bl	10002f70 <__wrap_printf>
10000210:	480b      	ldr	r0, [pc, #44]	@ (10000240 <main+0x60>)
10000212:	f002 fe7d 	bl	10002f10 <__wrap_puts>
10000216:	e007      	b.n	10000228 <main+0x48>
10000218:	4b0a      	ldr	r3, [pc, #40]	@ (10000244 <main+0x64>)
1000021a:	2110      	movs	r1, #16
1000021c:	480a      	ldr	r0, [pc, #40]	@ (10000248 <main+0x68>)
1000021e:	f002 fea7 	bl	10002f70 <__wrap_printf>
10000222:	20c8      	movs	r0, #200	@ 0xc8
10000224:	f000 ff2a 	bl	1000107c <sleep_ms>
10000228:	f04f 4350 	mov.w	r3, #3489660928	@ 0xd0000000
1000022c:	685b      	ldr	r3, [r3, #4]
1000022e:	f3c3 4200 	ubfx	r2, r3, #16, #1
10000232:	f413 3f80 	tst.w	r3, #65536	@ 0x10000
10000236:	d0ef      	beq.n	10000218 <main+0x38>
10000238:	4b04      	ldr	r3, [pc, #16]	@ (1000024c <main+0x6c>)
1000023a:	e7ee      	b.n	1000021a <main+0x3a>
1000023c:	10005bc4 	.word	0x10005bc4
10000240:	10005bf4 	.word	0x10005bf4
10000244:	10005bb0 	.word	0x10005bb0
10000248:	10005c28 	.word	0x10005c28
1000024c:	10005bbc 	.word	0x10005bbc

10000250 <gpio_set_function>:
10000250:	4b0c      	ldr	r3, [pc, #48]	@ (10000284 <gpio_set_function+0x34>)
10000252:	eb03 0280 	add.w	r2, r3, r0, lsl #2
10000256:	f853 3020 	ldr.w	r3, [r3, r0, lsl #2]
1000025a:	f083 0340 	eor.w	r3, r3, #64	@ 0x40
1000025e:	f003 03c0 	and.w	r3, r3, #192	@ 0xc0
10000262:	f502 5c80 	add.w	ip, r2, #4096	@ 0x1000
10000266:	f8cc 3000 	str.w	r3, [ip]
1000026a:	00c0      	lsls	r0, r0, #3
1000026c:	f100 4080 	add.w	r0, r0, #1073741824	@ 0x40000000
10000270:	f500 3020 	add.w	r0, r0, #163840	@ 0x28000
10000274:	6041      	str	r1, [r0, #4]
10000276:	f502 5240 	add.w	r2, r2, #12288	@ 0x3000
1000027a:	f44f 7380 	mov.w	r3, #256	@ 0x100
1000027e:	6013      	str	r3, [r2, #0]
10000280:	4770      	bx	lr
10000282:	bf00      	nop
10000284:	40038004 	.word	0x40038004

10000288 <gpio_set_pulls>:
10000288:	b500      	push	{lr}
1000028a:	f8df e028 	ldr.w	lr, [pc, #40]	@ 100002b4 <gpio_set_pulls+0x2c>
1000028e:	eb0e 0c80 	add.w	ip, lr, r0, lsl #2
10000292:	b169      	cbz	r1, 100002b0 <gpio_set_pulls+0x28>
10000294:	2308      	movs	r3, #8
10000296:	b102      	cbz	r2, 1000029a <gpio_set_pulls+0x12>
10000298:	2204      	movs	r2, #4
1000029a:	4313      	orrs	r3, r2
1000029c:	f85e 2020 	ldr.w	r2, [lr, r0, lsl #2]
100002a0:	4053      	eors	r3, r2
100002a2:	f003 030c 	and.w	r3, r3, #12
100002a6:	f50c 5c80 	add.w	ip, ip, #4096	@ 0x1000
100002aa:	f8cc 3000 	str.w	r3, [ip]
100002ae:	bd00      	pop	{pc}
100002b0:	460b      	mov	r3, r1
100002b2:	e7f0      	b.n	10000296 <gpio_set_pulls+0xe>
100002b4:	40038004 	.word	0x40038004

100002b8 <gpio_init>:
100002b8:	b508      	push	{r3, lr}
100002ba:	f04f 0200 	mov.w	r2, #0
100002be:	ec42 0044 	gpioc_bit_oe_put r0, r2
100002c2:	ec42 0040 	gpioc_bit_out_put r0, r2
100002c6:	2105      	movs	r1, #5
100002c8:	f7ff ffc2 	bl	10000250 <gpio_set_function>
100002cc:	bd08      	pop	{r3, pc}
	...

100002d0 <panic>:
100002d0:	b40f      	push	{r0, r1, r2, r3}
100002d2:	b500      	push	{lr}
100002d4:	b083      	sub	sp, #12
100002d6:	4808      	ldr	r0, [pc, #32]	@ (100002f8 <panic+0x28>)
100002d8:	f002 fe1a 	bl	10002f10 <__wrap_puts>
100002dc:	9b04      	ldr	r3, [sp, #16]
100002de:	b13b      	cbz	r3, 100002f0 <panic+0x20>
100002e0:	a905      	add	r1, sp, #20
100002e2:	9101      	str	r1, [sp, #4]
100002e4:	4618      	mov	r0, r3
100002e6:	f002 fe23 	bl	10002f30 <__wrap_vprintf>
100002ea:	4804      	ldr	r0, [pc, #16]	@ (100002fc <panic+0x2c>)
100002ec:	f002 fe10 	bl	10002f10 <__wrap_puts>
100002f0:	2001      	movs	r0, #1
100002f2:	f002 fcd9 	bl	10002ca8 <_exit>
100002f6:	bf00      	nop
100002f8:	10005c3c 	.word	0x10005c3c
100002fc:	10005c38 	.word	0x10005c38

10000300 <hw_claim_lock>:
10000300:	f3ef 8010 	mrs	r0, PRIMASK
10000304:	b672      	cpsid	i
10000306:	4b06      	ldr	r3, [pc, #24]	@ (10000320 <hw_claim_lock+0x20>)
10000308:	e8d3 1fcf 	ldaexb	r1, [r3]
1000030c:	2201      	movs	r2, #1
1000030e:	2900      	cmp	r1, #0
10000310:	d1fa      	bne.n	10000308 <hw_claim_lock+0x8>
10000312:	e8c3 2f41 	strexb	r1, r2, [r3]
10000316:	2900      	cmp	r1, #0
10000318:	d1f6      	bne.n	10000308 <hw_claim_lock+0x8>
1000031a:	f3bf 8f5f 	dmb	sy
1000031e:	4770      	bx	lr
10000320:	20001247 	.word	0x20001247

10000324 <hw_claim_unlock>:
10000324:	2300      	movs	r3, #0
10000326:	4a03      	ldr	r2, [pc, #12]	@ (10000334 <hw_claim_unlock+0x10>)
10000328:	e8c2 3f8f 	stlb	r3, [r2]
1000032c:	f380 8810 	msr	PRIMASK, r0
10000330:	4770      	bx	lr
10000332:	bf00      	nop
10000334:	20001247 	.word	0x20001247

10000338 <hw_claim_or_assert>:
10000338:	b570      	push	{r4, r5, r6, lr}
1000033a:	4605      	mov	r5, r0
1000033c:	460c      	mov	r4, r1
1000033e:	4616      	mov	r6, r2
10000340:	f7ff ffde 	bl	10000300 <hw_claim_lock>
10000344:	08e2      	lsrs	r2, r4, #3
10000346:	5ca9      	ldrb	r1, [r5, r2]
10000348:	f004 0c07 	and.w	ip, r4, #7
1000034c:	2301      	movs	r3, #1
1000034e:	fa03 f30c 	lsl.w	r3, r3, ip
10000352:	4219      	tst	r1, r3
10000354:	d105      	bne.n	10000362 <hw_claim_or_assert+0x2a>
10000356:	b2db      	uxtb	r3, r3
10000358:	430b      	orrs	r3, r1
1000035a:	54ab      	strb	r3, [r5, r2]
1000035c:	f7ff ffe2 	bl	10000324 <hw_claim_unlock>
10000360:	bd70      	pop	{r4, r5, r6, pc}
10000362:	4621      	mov	r1, r4
10000364:	4630      	mov	r0, r6
10000366:	f7ff ffb3 	bl	100002d0 <panic>

1000036a <hw_claim_unused_from_range>:
1000036a:	b5f8      	push	{r3, r4, r5, r6, r7, lr}
1000036c:	4605      	mov	r5, r0
1000036e:	460f      	mov	r7, r1
10000370:	4614      	mov	r4, r2
10000372:	461e      	mov	r6, r3
10000374:	f7ff ffc4 	bl	10000300 <hw_claim_lock>
10000378:	e000      	b.n	1000037c <hw_claim_unused_from_range+0x12>
1000037a:	3401      	adds	r4, #1
1000037c:	42b4      	cmp	r4, r6
1000037e:	d80e      	bhi.n	1000039e <hw_claim_unused_from_range+0x34>
10000380:	ea4f 0cd4 	mov.w	ip, r4, lsr #3
10000384:	f815 100c 	ldrb.w	r1, [r5, ip]
10000388:	f004 0307 	and.w	r3, r4, #7
1000038c:	2201      	movs	r2, #1
1000038e:	409a      	lsls	r2, r3
10000390:	4211      	tst	r1, r2
10000392:	d1f2      	bne.n	1000037a <hw_claim_unused_from_range+0x10>
10000394:	b2d2      	uxtb	r2, r2
10000396:	430a      	orrs	r2, r1
10000398:	f805 200c 	strb.w	r2, [r5, ip]
1000039c:	e001      	b.n	100003a2 <hw_claim_unused_from_range+0x38>
1000039e:	f04f 34ff 	mov.w	r4, #4294967295	@ 0xffffffff
100003a2:	f7ff ffbf 	bl	10000324 <hw_claim_unlock>
100003a6:	2c00      	cmp	r4, #0
100003a8:	db01      	blt.n	100003ae <hw_claim_unused_from_range+0x44>
100003aa:	4620      	mov	r0, r4
100003ac:	bdf8      	pop	{r3, r4, r5, r6, r7, pc}
100003ae:	2f00      	cmp	r7, #0
100003b0:	d0fb      	beq.n	100003aa <hw_claim_unused_from_range+0x40>
100003b2:	9806      	ldr	r0, [sp, #24]
100003b4:	f7ff ff8c 	bl	100002d0 <panic>

100003b8 <next_striped_spin_lock_num>:
100003b8:	4a05      	ldr	r2, [pc, #20]	@ (100003d0 <next_striped_spin_lock_num+0x18>)
100003ba:	7810      	ldrb	r0, [r2, #0]
100003bc:	1c43      	adds	r3, r0, #1
100003be:	b2db      	uxtb	r3, r3
100003c0:	7013      	strb	r3, [r2, #0]
100003c2:	2b17      	cmp	r3, #23
100003c4:	d902      	bls.n	100003cc <next_striped_spin_lock_num+0x14>
100003c6:	4613      	mov	r3, r2
100003c8:	2210      	movs	r2, #16
100003ca:	701a      	strb	r2, [r3, #0]
100003cc:	4770      	bx	lr
100003ce:	bf00      	nop
100003d0:	20000e50 	.word	0x20000e50

100003d4 <spin_lock_claim_unused>:
100003d4:	b500      	push	{lr}
100003d6:	b083      	sub	sp, #12
100003d8:	4601      	mov	r1, r0
100003da:	4b04      	ldr	r3, [pc, #16]	@ (100003ec <spin_lock_claim_unused+0x18>)
100003dc:	9300      	str	r3, [sp, #0]
100003de:	231f      	movs	r3, #31
100003e0:	2218      	movs	r2, #24
100003e2:	4803      	ldr	r0, [pc, #12]	@ (100003f0 <spin_lock_claim_unused+0x1c>)
100003e4:	f7ff ffc1 	bl	1000036a <hw_claim_unused_from_range>
100003e8:	b003      	add	sp, #12
100003ea:	bd00      	pop	{pc}
100003ec:	10005c4c 	.word	0x10005c4c
100003f0:	2000138c 	.word	0x2000138c

100003f4 <spinlock_set_extexclall>:
100003f4:	f04f 22e0 	mov.w	r2, #3758153728	@ 0xe000e000
100003f8:	6893      	ldr	r3, [r2, #8]
100003fa:	f043 5300 	orr.w	r3, r3, #536870912	@ 0x20000000
100003fe:	6093      	str	r3, [r2, #8]
10000400:	4770      	bx	lr
	...

10000404 <spin_locks_reset>:
10000404:	2300      	movs	r3, #0
10000406:	e005      	b.n	10000414 <spin_locks_reset+0x10>
10000408:	4a04      	ldr	r2, [pc, #16]	@ (1000041c <spin_locks_reset+0x18>)
1000040a:	441a      	add	r2, r3
1000040c:	2100      	movs	r1, #0
1000040e:	e8c2 1f8f 	stlb	r1, [r2]
10000412:	3301      	adds	r3, #1
10000414:	2b1f      	cmp	r3, #31
10000416:	d9f7      	bls.n	10000408 <spin_locks_reset+0x4>
10000418:	4770      	bx	lr
1000041a:	bf00      	nop
1000041c:	2000123c 	.word	0x2000123c

10000420 <set_raw_irq_handler_and_unlock>:
10000420:	4b06      	ldr	r3, [pc, #24]	@ (1000043c <set_raw_irq_handler_and_unlock+0x1c>)
10000422:	689b      	ldr	r3, [r3, #8]
10000424:	3010      	adds	r0, #16
10000426:	f843 1020 	str.w	r1, [r3, r0, lsl #2]
1000042a:	f3bf 8f5f 	dmb	sy
1000042e:	2300      	movs	r3, #0
10000430:	4903      	ldr	r1, [pc, #12]	@ (10000440 <set_raw_irq_handler_and_unlock+0x20>)
10000432:	e8c1 3f8f 	stlb	r3, [r1]
10000436:	f382 8810 	msr	PRIMASK, r2
1000043a:	4770      	bx	lr
1000043c:	e000ed00 	.word	0xe000ed00
10000440:	20001245 	.word	0x20001245

10000444 <nvic_ipr0>:
10000444:	4800      	ldr	r0, [pc, #0]	@ (10000448 <nvic_ipr0+0x4>)
10000446:	4770      	bx	lr
10000448:	e000e400 	.word	0xe000e400

1000044c <runtime_init_per_core_irq_priorities>:
1000044c:	b508      	push	{r3, lr}
1000044e:	f7ff fff9 	bl	10000444 <nvic_ipr0>
10000452:	2300      	movs	r3, #0
10000454:	e004      	b.n	10000460 <runtime_init_per_core_irq_priorities+0x14>
10000456:	f04f 3280 	mov.w	r2, #2155905152	@ 0x80808080
1000045a:	f840 2b04 	str.w	r2, [r0], #4
1000045e:	3301      	adds	r3, #1
10000460:	2b0c      	cmp	r3, #12
10000462:	d9f8      	bls.n	10000456 <runtime_init_per_core_irq_priorities+0xa>
10000464:	b662      	cpsie	i
10000466:	bd08      	pop	{r3, pc}

10000468 <resolve_j_16>:
10000468:	b508      	push	{r3, lr}
1000046a:	8803      	ldrh	r3, [r0, #0]
1000046c:	0ada      	lsrs	r2, r3, #11
1000046e:	2a1c      	cmp	r2, #28
10000470:	d106      	bne.n	10000480 <resolve_j_16+0x18>
10000472:	055b      	lsls	r3, r3, #21
10000474:	d40b      	bmi.n	1000048e <resolve_j_16+0x26>
10000476:	155b      	asrs	r3, r3, #21
10000478:	3302      	adds	r3, #2
1000047a:	eb00 0043 	add.w	r0, r0, r3, lsl #1
1000047e:	bd08      	pop	{r3, pc}
10000480:	4b06      	ldr	r3, [pc, #24]	@ (1000049c <resolve_j_16+0x34>)
10000482:	4a07      	ldr	r2, [pc, #28]	@ (100004a0 <resolve_j_16+0x38>)
10000484:	f44f 71a0 	mov.w	r1, #320	@ 0x140
10000488:	4806      	ldr	r0, [pc, #24]	@ (100004a4 <resolve_j_16+0x3c>)
1000048a:	f002 fc13 	bl	10002cb4 <__assert_func>
1000048e:	f503 13ff 	add.w	r3, r3, #2088960	@ 0x1fe000
10000492:	f503 53ff 	add.w	r3, r3, #8160	@ 0x1fe0
10000496:	331f      	adds	r3, #31
10000498:	e7ed      	b.n	10000476 <resolve_j_16+0xe>
1000049a:	bf00      	nop
1000049c:	10005c68 	.word	0x10005c68
100004a0:	100064cc 	.word	0x100064cc
100004a4:	10005c80 	.word	0x10005c80

100004a8 <make_j_16>:
100004a8:	b508      	push	{r3, lr}
100004aa:	1a09      	subs	r1, r1, r0
100004ac:	f201 72fc 	addw	r2, r1, #2044	@ 0x7fc
100004b0:	f640 73fe 	movw	r3, #4094	@ 0xffe
100004b4:	429a      	cmp	r2, r3
100004b6:	d808      	bhi.n	100004ca <make_j_16+0x22>
100004b8:	1f08      	subs	r0, r1, #4
100004ba:	f011 0f01 	tst.w	r1, #1
100004be:	d104      	bne.n	100004ca <make_j_16+0x22>
100004c0:	f3c0 004a 	ubfx	r0, r0, #1, #11
100004c4:	f440 4060 	orr.w	r0, r0, #57344	@ 0xe000
100004c8:	bd08      	pop	{r3, pc}
100004ca:	4b03      	ldr	r3, [pc, #12]	@ (100004d8 <make_j_16+0x30>)
100004cc:	4a03      	ldr	r2, [pc, #12]	@ (100004dc <make_j_16+0x34>)
100004ce:	f44f 7199 	mov.w	r1, #306	@ 0x132
100004d2:	4803      	ldr	r0, [pc, #12]	@ (100004e0 <make_j_16+0x38>)
100004d4:	f002 fbee 	bl	10002cb4 <__assert_func>
100004d8:	10005cc4 	.word	0x10005cc4
100004dc:	100064c0 	.word	0x100064c0
100004e0:	10005c80 	.word	0x10005c80

100004e4 <irq_is_enabled>:
100004e4:	0942      	lsrs	r2, r0, #5
100004e6:	4b06      	ldr	r3, [pc, #24]	@ (10000500 <irq_is_enabled+0x1c>)
100004e8:	f853 2022 	ldr.w	r2, [r3, r2, lsl #2]
100004ec:	f000 001f 	and.w	r0, r0, #31
100004f0:	2301      	movs	r3, #1
100004f2:	4083      	lsls	r3, r0
100004f4:	421a      	tst	r2, r3
100004f6:	bf14      	ite	ne
100004f8:	2001      	movne	r0, #1
100004fa:	2000      	moveq	r0, #0
100004fc:	4770      	bx	lr
100004fe:	bf00      	nop
10000500:	e000e100 	.word	0xe000e100

10000504 <irq_set_mask_n_enabled>:
10000504:	b13a      	cbz	r2, 10000516 <irq_set_mask_n_enabled+0x12>
10000506:	4b06      	ldr	r3, [pc, #24]	@ (10000520 <irq_set_mask_n_enabled+0x1c>)
10000508:	f100 0260 	add.w	r2, r0, #96	@ 0x60
1000050c:	f843 1022 	str.w	r1, [r3, r2, lsl #2]
10000510:	f843 1020 	str.w	r1, [r3, r0, lsl #2]
10000514:	4770      	bx	lr
10000516:	3020      	adds	r0, #32
10000518:	4b01      	ldr	r3, [pc, #4]	@ (10000520 <irq_set_mask_n_enabled+0x1c>)
1000051a:	f843 1020 	str.w	r1, [r3, r0, lsl #2]
1000051e:	4770      	bx	lr
10000520:	e000e100 	.word	0xe000e100

10000524 <irq_set_enabled>:
10000524:	b508      	push	{r3, lr}
10000526:	460a      	mov	r2, r1
10000528:	f000 031f 	and.w	r3, r0, #31
1000052c:	2101      	movs	r1, #1
1000052e:	4099      	lsls	r1, r3
10000530:	0940      	lsrs	r0, r0, #5
10000532:	f7ff ffe7 	bl	10000504 <irq_set_mask_n_enabled>
10000536:	bd08      	pop	{r3, pc}

10000538 <irq_set_pending>:
10000538:	f000 021f 	and.w	r2, r0, #31
1000053c:	0940      	lsrs	r0, r0, #5
1000053e:	2301      	movs	r3, #1
10000540:	4093      	lsls	r3, r2
10000542:	3040      	adds	r0, #64	@ 0x40
10000544:	4a01      	ldr	r2, [pc, #4]	@ (1000054c <irq_set_pending+0x14>)
10000546:	f842 3020 	str.w	r3, [r2, r0, lsl #2]
1000054a:	4770      	bx	lr
1000054c:	e000e100 	.word	0xe000e100

10000550 <irq_get_vtable_handler>:
10000550:	4b02      	ldr	r3, [pc, #8]	@ (1000055c <irq_get_vtable_handler+0xc>)
10000552:	689b      	ldr	r3, [r3, #8]
10000554:	3010      	adds	r0, #16
10000556:	f853 0020 	ldr.w	r0, [r3, r0, lsl #2]
1000055a:	4770      	bx	lr
1000055c:	e000ed00 	.word	0xe000ed00

10000560 <irq_has_shared_handler>:
10000560:	b508      	push	{r3, lr}
10000562:	f7ff fff5 	bl	10000550 <irq_get_vtable_handler>
10000566:	4b03      	ldr	r3, [pc, #12]	@ (10000574 <irq_has_shared_handler+0x14>)
10000568:	1ac0      	subs	r0, r0, r3
1000056a:	2847      	cmp	r0, #71	@ 0x47
1000056c:	bf8c      	ite	hi
1000056e:	2000      	movhi	r0, #0
10000570:	2001      	movls	r0, #1
10000572:	bd08      	pop	{r3, pc}
10000574:	20000e54 	.word	0x20000e54

10000578 <irq_set_exclusive_handler>:
10000578:	b570      	push	{r4, r5, r6, lr}
1000057a:	4605      	mov	r5, r0
1000057c:	460c      	mov	r4, r1
1000057e:	f3ef 8310 	mrs	r3, PRIMASK
10000582:	b672      	cpsid	i
10000584:	461e      	mov	r6, r3
10000586:	4b10      	ldr	r3, [pc, #64]	@ (100005c8 <irq_set_exclusive_handler+0x50>)
10000588:	e8d3 1fcf 	ldaexb	r1, [r3]
1000058c:	2201      	movs	r2, #1
1000058e:	2900      	cmp	r1, #0
10000590:	d1fa      	bne.n	10000588 <irq_set_exclusive_handler+0x10>
10000592:	e8c3 2f41 	strexb	r1, r2, [r3]
10000596:	2900      	cmp	r1, #0
10000598:	d1f6      	bne.n	10000588 <irq_set_exclusive_handler+0x10>
1000059a:	f3bf 8f5f 	dmb	sy
1000059e:	f7ff ffd7 	bl	10000550 <irq_get_vtable_handler>
100005a2:	4b0a      	ldr	r3, [pc, #40]	@ (100005cc <irq_set_exclusive_handler+0x54>)
100005a4:	4298      	cmp	r0, r3
100005a6:	d001      	beq.n	100005ac <irq_set_exclusive_handler+0x34>
100005a8:	42a0      	cmp	r0, r4
100005aa:	d105      	bne.n	100005b8 <irq_set_exclusive_handler+0x40>
100005ac:	4632      	mov	r2, r6
100005ae:	4621      	mov	r1, r4
100005b0:	4628      	mov	r0, r5
100005b2:	f7ff ff35 	bl	10000420 <set_raw_irq_handler_and_unlock>
100005b6:	bd70      	pop	{r4, r5, r6, pc}
100005b8:	4b05      	ldr	r3, [pc, #20]	@ (100005d0 <irq_set_exclusive_handler+0x58>)
100005ba:	4a06      	ldr	r2, [pc, #24]	@ (100005d4 <irq_set_exclusive_handler+0x5c>)
100005bc:	f240 1111 	movw	r1, #273	@ 0x111
100005c0:	4805      	ldr	r0, [pc, #20]	@ (100005d8 <irq_set_exclusive_handler+0x60>)
100005c2:	f002 fb77 	bl	10002cb4 <__assert_func>
100005c6:	bf00      	nop
100005c8:	20001245 	.word	0x20001245
100005cc:	10000111 	.word	0x10000111
100005d0:	10005cf4 	.word	0x10005cf4
100005d4:	100064f4 	.word	0x100064f4
100005d8:	10005c80 	.word	0x10005c80

100005dc <irq_add_shared_handler>:
100005dc:	e92d 4ff0 	stmdb	sp!, {r4, r5, r6, r7, r8, r9, sl, fp, lr}
100005e0:	b087      	sub	sp, #28
100005e2:	9100      	str	r1, [sp, #0]
100005e4:	4615      	mov	r5, r2
100005e6:	f3ef 8310 	mrs	r3, PRIMASK
100005ea:	b672      	cpsid	i
100005ec:	469b      	mov	fp, r3
100005ee:	4b7c      	ldr	r3, [pc, #496]	@ (100007e0 <irq_add_shared_handler+0x204>)
100005f0:	e8d3 1fcf 	ldaexb	r1, [r3]
100005f4:	2201      	movs	r2, #1
100005f6:	2900      	cmp	r1, #0
100005f8:	d1fa      	bne.n	100005f0 <irq_add_shared_handler+0x14>
100005fa:	e8c3 2f41 	strexb	r1, r2, [r3]
100005fe:	2900      	cmp	r1, #0
10000600:	d1f6      	bne.n	100005f0 <irq_add_shared_handler+0x14>
10000602:	f3bf 8f5f 	dmb	sy
10000606:	4b77      	ldr	r3, [pc, #476]	@ (100007e4 <irq_add_shared_handler+0x208>)
10000608:	f993 4000 	ldrsb.w	r4, [r3]
1000060c:	2c00      	cmp	r4, #0
1000060e:	db44      	blt.n	1000069a <irq_add_shared_handler+0xbe>
10000610:	4680      	mov	r8, r0
10000612:	eb04 0744 	add.w	r7, r4, r4, lsl #1
10000616:	4b74      	ldr	r3, [pc, #464]	@ (100007e8 <irq_add_shared_handler+0x20c>)
10000618:	eb03 0787 	add.w	r7, r3, r7, lsl #2
1000061c:	f997 1006 	ldrsb.w	r1, [r7, #6]
10000620:	4a70      	ldr	r2, [pc, #448]	@ (100007e4 <irq_add_shared_handler+0x208>)
10000622:	7011      	strb	r1, [r2, #0]
10000624:	4a71      	ldr	r2, [pc, #452]	@ (100007ec <irq_add_shared_handler+0x210>)
10000626:	6892      	ldr	r2, [r2, #8]
10000628:	f100 0110 	add.w	r1, r0, #16
1000062c:	f852 9021 	ldr.w	r9, [r2, r1, lsl #2]
10000630:	eba9 0203 	sub.w	r2, r9, r3
10000634:	2a47      	cmp	r2, #71	@ 0x47
10000636:	d93e      	bls.n	100006b6 <irq_add_shared_handler+0xda>
10000638:	4b6d      	ldr	r3, [pc, #436]	@ (100007f0 <irq_add_shared_handler+0x214>)
1000063a:	4599      	cmp	r9, r3
1000063c:	d134      	bne.n	100006a8 <irq_add_shared_handler+0xcc>
1000063e:	f44f 4321 	mov.w	r3, #41216	@ 0xa100
10000642:	f8ad 300c 	strh.w	r3, [sp, #12]
10000646:	ea4f 0944 	mov.w	r9, r4, lsl #1
1000064a:	eb04 0044 	add.w	r0, r4, r4, lsl #1
1000064e:	4e66      	ldr	r6, [pc, #408]	@ (100007e8 <irq_add_shared_handler+0x20c>)
10000650:	eb06 0080 	add.w	r0, r6, r0, lsl #2
10000654:	4967      	ldr	r1, [pc, #412]	@ (100007f4 <irq_add_shared_handler+0x218>)
10000656:	3002      	adds	r0, #2
10000658:	f7ff ff26 	bl	100004a8 <make_j_16>
1000065c:	f8ad 000e 	strh.w	r0, [sp, #14]
10000660:	f64b 5301 	movw	r3, #48385	@ 0xbd01
10000664:	f8ad 3010 	strh.w	r3, [sp, #16]
10000668:	23ff      	movs	r3, #255	@ 0xff
1000066a:	f88d 3012 	strb.w	r3, [sp, #18]
1000066e:	f88d 5013 	strb.w	r5, [sp, #19]
10000672:	9b00      	ldr	r3, [sp, #0]
10000674:	9305      	str	r3, [sp, #20]
10000676:	44a1      	add	r9, r4
10000678:	eb06 0389 	add.w	r3, r6, r9, lsl #2
1000067c:	aa06      	add	r2, sp, #24
1000067e:	e912 0007 	ldmdb	r2, {r0, r1, r2}
10000682:	e883 0007 	stmia.w	r3, {r0, r1, r2}
10000686:	f047 0901 	orr.w	r9, r7, #1
1000068a:	465a      	mov	r2, fp
1000068c:	4649      	mov	r1, r9
1000068e:	4640      	mov	r0, r8
10000690:	f7ff fec6 	bl	10000420 <set_raw_irq_handler_and_unlock>
10000694:	b007      	add	sp, #28
10000696:	e8bd 8ff0 	ldmia.w	sp!, {r4, r5, r6, r7, r8, r9, sl, fp, pc}
1000069a:	4b57      	ldr	r3, [pc, #348]	@ (100007f8 <irq_add_shared_handler+0x21c>)
1000069c:	4a57      	ldr	r2, [pc, #348]	@ (100007fc <irq_add_shared_handler+0x220>)
1000069e:	f44f 71d0 	mov.w	r1, #416	@ 0x1a0
100006a2:	4857      	ldr	r0, [pc, #348]	@ (10000800 <irq_add_shared_handler+0x224>)
100006a4:	f002 fb06 	bl	10002cb4 <__assert_func>
100006a8:	4b56      	ldr	r3, [pc, #344]	@ (10000804 <irq_add_shared_handler+0x228>)
100006aa:	4a54      	ldr	r2, [pc, #336]	@ (100007fc <irq_add_shared_handler+0x220>)
100006ac:	f240 11a7 	movw	r1, #423	@ 0x1a7
100006b0:	4853      	ldr	r0, [pc, #332]	@ (10000800 <irq_add_shared_handler+0x224>)
100006b2:	f002 faff 	bl	10002cb4 <__assert_func>
100006b6:	f029 0201 	bic.w	r2, r9, #1
100006ba:	4692      	mov	sl, r2
100006bc:	1ad3      	subs	r3, r2, r3
100006be:	4a52      	ldr	r2, [pc, #328]	@ (10000808 <irq_add_shared_handler+0x22c>)
100006c0:	fba2 1203 	umull	r1, r2, r2, r3
100006c4:	08d2      	lsrs	r2, r2, #3
100006c6:	eb02 0242 	add.w	r2, r2, r2, lsl #1
100006ca:	ebb3 0f82 	cmp.w	r3, r2, lsl #2
100006ce:	d10f      	bne.n	100006f0 <irq_add_shared_handler+0x114>
100006d0:	4653      	mov	r3, sl
100006d2:	2600      	movs	r6, #0
100006d4:	79da      	ldrb	r2, [r3, #7]
100006d6:	42aa      	cmp	r2, r5
100006d8:	d912      	bls.n	10000700 <irq_add_shared_handler+0x124>
100006da:	f993 2006 	ldrsb.w	r2, [r3, #6]
100006de:	2a00      	cmp	r2, #0
100006e0:	db0d      	blt.n	100006fe <irq_add_shared_handler+0x122>
100006e2:	eb02 0242 	add.w	r2, r2, r2, lsl #1
100006e6:	461e      	mov	r6, r3
100006e8:	4b3f      	ldr	r3, [pc, #252]	@ (100007e8 <irq_add_shared_handler+0x20c>)
100006ea:	eb03 0382 	add.w	r3, r3, r2, lsl #2
100006ee:	e7f1      	b.n	100006d4 <irq_add_shared_handler+0xf8>
100006f0:	4b46      	ldr	r3, [pc, #280]	@ (1000080c <irq_add_shared_handler+0x230>)
100006f2:	4a42      	ldr	r2, [pc, #264]	@ (100007fc <irq_add_shared_handler+0x220>)
100006f4:	f44f 71dc 	mov.w	r1, #440	@ 0x1b8
100006f8:	4841      	ldr	r0, [pc, #260]	@ (10000800 <irq_add_shared_handler+0x224>)
100006fa:	f002 fadb 	bl	10002cb4 <__assert_func>
100006fe:	461e      	mov	r6, r3
10000700:	b3a6      	cbz	r6, 1000076c <irq_add_shared_handler+0x190>
10000702:	f644 0301 	movw	r3, #18433	@ 0x4801
10000706:	f8ad 300c 	strh.w	r3, [sp, #12]
1000070a:	f44f 438f 	mov.w	r3, #18304	@ 0x4780
1000070e:	f8ad 300e 	strh.w	r3, [sp, #14]
10000712:	f996 3006 	ldrsb.w	r3, [r6, #6]
10000716:	469a      	mov	sl, r3
10000718:	2b00      	cmp	r3, #0
1000071a:	da1a      	bge.n	10000752 <irq_add_shared_handler+0x176>
1000071c:	f64b 5001 	movw	r0, #48385	@ 0xbd01
10000720:	f8ad 0010 	strh.w	r0, [sp, #16]
10000724:	f88d a012 	strb.w	sl, [sp, #18]
10000728:	f88d 5013 	strb.w	r5, [sp, #19]
1000072c:	9b00      	ldr	r3, [sp, #0]
1000072e:	9305      	str	r3, [sp, #20]
10000730:	4639      	mov	r1, r7
10000732:	1d30      	adds	r0, r6, #4
10000734:	f7ff feb8 	bl	100004a8 <make_j_16>
10000738:	80b0      	strh	r0, [r6, #4]
1000073a:	71b4      	strb	r4, [r6, #6]
1000073c:	eb04 0444 	add.w	r4, r4, r4, lsl #1
10000740:	4b29      	ldr	r3, [pc, #164]	@ (100007e8 <irq_add_shared_handler+0x20c>)
10000742:	eb03 0384 	add.w	r3, r3, r4, lsl #2
10000746:	aa06      	add	r2, sp, #24
10000748:	e912 0007 	ldmdb	r2, {r0, r1, r2}
1000074c:	e883 0007 	stmia.w	r3, {r0, r1, r2}
10000750:	e79b      	b.n	1000068a <irq_add_shared_handler+0xae>
10000752:	1d30      	adds	r0, r6, #4
10000754:	f7ff fe88 	bl	10000468 <resolve_j_16>
10000758:	4601      	mov	r1, r0
1000075a:	eb04 0244 	add.w	r2, r4, r4, lsl #1
1000075e:	4b22      	ldr	r3, [pc, #136]	@ (100007e8 <irq_add_shared_handler+0x20c>)
10000760:	eb03 0382 	add.w	r3, r3, r2, lsl #2
10000764:	1d18      	adds	r0, r3, #4
10000766:	f7ff fe9f 	bl	100004a8 <make_j_16>
1000076a:	e7d9      	b.n	10000720 <irq_add_shared_handler+0x144>
1000076c:	f44f 4321 	mov.w	r3, #41216	@ 0xa100
10000770:	f8ad 300c 	strh.w	r3, [sp, #12]
10000774:	0063      	lsls	r3, r4, #1
10000776:	9301      	str	r3, [sp, #4]
10000778:	eb04 0644 	add.w	r6, r4, r4, lsl #1
1000077c:	f8df 9068 	ldr.w	r9, [pc, #104]	@ 100007e8 <irq_add_shared_handler+0x20c>
10000780:	eb09 0686 	add.w	r6, r9, r6, lsl #2
10000784:	491b      	ldr	r1, [pc, #108]	@ (100007f4 <irq_add_shared_handler+0x218>)
10000786:	1cb0      	adds	r0, r6, #2
10000788:	f7ff fe8e 	bl	100004a8 <make_j_16>
1000078c:	f8ad 000e 	strh.w	r0, [sp, #14]
10000790:	4651      	mov	r1, sl
10000792:	1d30      	adds	r0, r6, #4
10000794:	f7ff fe88 	bl	100004a8 <make_j_16>
10000798:	f8ad 0010 	strh.w	r0, [sp, #16]
1000079c:	f64a 23aa 	movw	r3, #43690	@ 0xaaaa
100007a0:	4652      	mov	r2, sl
100007a2:	4649      	mov	r1, r9
100007a4:	1a52      	subs	r2, r2, r1
100007a6:	4152      	adcs	r2, r2
100007a8:	4353      	muls	r3, r2
100007aa:	0d1b      	lsrs	r3, r3, #20
100007ac:	f88d 3012 	strb.w	r3, [sp, #18]
100007b0:	f88d 5013 	strb.w	r5, [sp, #19]
100007b4:	9900      	ldr	r1, [sp, #0]
100007b6:	9105      	str	r1, [sp, #20]
100007b8:	9b01      	ldr	r3, [sp, #4]
100007ba:	4423      	add	r3, r4
100007bc:	eb09 0983 	add.w	r9, r9, r3, lsl #2
100007c0:	ab06      	add	r3, sp, #24
100007c2:	e913 0007 	ldmdb	r3, {r0, r1, r2}
100007c6:	e889 0007 	stmia.w	r9, {r0, r1, r2}
100007ca:	f644 0301 	movw	r3, #18433	@ 0x4801
100007ce:	f8aa 3000 	strh.w	r3, [sl]
100007d2:	f44f 438f 	mov.w	r3, #18304	@ 0x4780
100007d6:	f8aa 3002 	strh.w	r3, [sl, #2]
100007da:	f047 0901 	orr.w	r9, r7, #1
100007de:	e754      	b.n	1000068a <irq_add_shared_handler+0xae>
100007e0:	20001245 	.word	0x20001245
100007e4:	20001844 	.word	0x20001844
100007e8:	20000e54 	.word	0x20000e54
100007ec:	e000ed00 	.word	0xe000ed00
100007f0:	10000111 	.word	0x10000111
100007f4:	20000e9c 	.word	0x20000e9c
100007f8:	10005d2c 	.word	0x10005d2c
100007fc:	100064dc 	.word	0x100064dc
10000800:	10005c80 	.word	0x10005c80
10000804:	10005d54 	.word	0x10005d54
10000808:	aaaaaaab 	.word	0xaaaaaaab
1000080c:	10005d7c 	.word	0x10005d7c

10000810 <irq_add_tail_to_free_list>:
10000810:	b538      	push	{r3, r4, r5, lr}
10000812:	f040 0401 	orr.w	r4, r0, #1
10000816:	4b34      	ldr	r3, [pc, #208]	@ (100008e8 <irq_add_tail_to_free_list+0xd8>)
10000818:	1ae3      	subs	r3, r4, r3
1000081a:	2b47      	cmp	r3, #71	@ 0x47
1000081c:	d835      	bhi.n	1000088a <irq_add_tail_to_free_list+0x7a>
1000081e:	f3ef 8105 	mrs	r1, IPSR
10000822:	b2c9      	uxtb	r1, r1
10000824:	2900      	cmp	r1, #0
10000826:	d037      	beq.n	10000898 <irq_add_tail_to_free_list+0x88>
10000828:	f3ef 8e10 	mrs	lr, PRIMASK
1000082c:	b672      	cpsid	i
1000082e:	4b2f      	ldr	r3, [pc, #188]	@ (100008ec <irq_add_tail_to_free_list+0xdc>)
10000830:	e8d3 cfcf 	ldaexb	ip, [r3]
10000834:	2201      	movs	r2, #1
10000836:	f1bc 0f00 	cmp.w	ip, #0
1000083a:	d1f9      	bne.n	10000830 <irq_add_tail_to_free_list+0x20>
1000083c:	e8c3 2f4c 	strexb	ip, r2, [r3]
10000840:	f1bc 0f00 	cmp.w	ip, #0
10000844:	d1f4      	bne.n	10000830 <irq_add_tail_to_free_list+0x20>
10000846:	f3bf 8f5f 	dmb	sy
1000084a:	f64a 23aa 	movw	r3, #43690	@ 0xaaaa
1000084e:	4602      	mov	r2, r0
10000850:	f8df c094 	ldr.w	ip, [pc, #148]	@ 100008e8 <irq_add_tail_to_free_list+0xd8>
10000854:	4665      	mov	r5, ip
10000856:	1b52      	subs	r2, r2, r5
10000858:	4152      	adcs	r2, r2
1000085a:	4353      	muls	r3, r2
1000085c:	0d1b      	lsrs	r3, r3, #20
1000085e:	fa4f fc83 	sxtb.w	ip, r3
10000862:	4b23      	ldr	r3, [pc, #140]	@ (100008f0 <irq_add_tail_to_free_list+0xe0>)
10000864:	689b      	ldr	r3, [r3, #8]
10000866:	f853 3021 	ldr.w	r3, [r3, r1, lsl #2]
1000086a:	42a3      	cmp	r3, r4
1000086c:	d01b      	beq.n	100008a6 <irq_add_tail_to_free_list+0x96>
1000086e:	2300      	movs	r3, #0
10000870:	2b05      	cmp	r3, #5
10000872:	d832      	bhi.n	100008da <irq_add_tail_to_free_list+0xca>
10000874:	eb03 0143 	add.w	r1, r3, r3, lsl #1
10000878:	4a1b      	ldr	r2, [pc, #108]	@ (100008e8 <irq_add_tail_to_free_list+0xd8>)
1000087a:	eb02 0281 	add.w	r2, r2, r1, lsl #2
1000087e:	f992 2006 	ldrsb.w	r2, [r2, #6]
10000882:	4562      	cmp	r2, ip
10000884:	d020      	beq.n	100008c8 <irq_add_tail_to_free_list+0xb8>
10000886:	3301      	adds	r3, #1
10000888:	e7f2      	b.n	10000870 <irq_add_tail_to_free_list+0x60>
1000088a:	4b1a      	ldr	r3, [pc, #104]	@ (100008f4 <irq_add_tail_to_free_list+0xe4>)
1000088c:	4a1a      	ldr	r2, [pc, #104]	@ (100008f8 <irq_add_tail_to_free_list+0xe8>)
1000088e:	f240 21a3 	movw	r1, #675	@ 0x2a3
10000892:	481a      	ldr	r0, [pc, #104]	@ (100008fc <irq_add_tail_to_free_list+0xec>)
10000894:	f002 fa0e 	bl	10002cb4 <__assert_func>
10000898:	4b19      	ldr	r3, [pc, #100]	@ (10000900 <irq_add_tail_to_free_list+0xf0>)
1000089a:	4a17      	ldr	r2, [pc, #92]	@ (100008f8 <irq_add_tail_to_free_list+0xe8>)
1000089c:	f240 21a6 	movw	r1, #678	@ 0x2a6
100008a0:	4816      	ldr	r0, [pc, #88]	@ (100008fc <irq_add_tail_to_free_list+0xec>)
100008a2:	f002 fa07 	bl	10002cb4 <__assert_func>
100008a6:	4b12      	ldr	r3, [pc, #72]	@ (100008f0 <irq_add_tail_to_free_list+0xe0>)
100008a8:	689b      	ldr	r3, [r3, #8]
100008aa:	4a16      	ldr	r2, [pc, #88]	@ (10000904 <irq_add_tail_to_free_list+0xf4>)
100008ac:	f843 2021 	str.w	r2, [r3, r1, lsl #2]
100008b0:	4b15      	ldr	r3, [pc, #84]	@ (10000908 <irq_add_tail_to_free_list+0xf8>)
100008b2:	781a      	ldrb	r2, [r3, #0]
100008b4:	7182      	strb	r2, [r0, #6]
100008b6:	f883 c000 	strb.w	ip, [r3]
100008ba:	2300      	movs	r3, #0
100008bc:	4a0b      	ldr	r2, [pc, #44]	@ (100008ec <irq_add_tail_to_free_list+0xdc>)
100008be:	e8c2 3f8f 	stlb	r3, [r2]
100008c2:	f38e 8810 	msr	PRIMASK, lr
100008c6:	bd38      	pop	{r3, r4, r5, pc}
100008c8:	4a07      	ldr	r2, [pc, #28]	@ (100008e8 <irq_add_tail_to_free_list+0xd8>)
100008ca:	eb02 0181 	add.w	r1, r2, r1, lsl #2
100008ce:	24ff      	movs	r4, #255	@ 0xff
100008d0:	718c      	strb	r4, [r1, #6]
100008d2:	f64b 5301 	movw	r3, #48385	@ 0xbd01
100008d6:	808b      	strh	r3, [r1, #4]
100008d8:	e7ea      	b.n	100008b0 <irq_add_tail_to_free_list+0xa0>
100008da:	4b0c      	ldr	r3, [pc, #48]	@ (1000090c <irq_add_tail_to_free_list+0xfc>)
100008dc:	4a06      	ldr	r2, [pc, #24]	@ (100008f8 <irq_add_tail_to_free_list+0xe8>)
100008de:	f240 21b7 	movw	r1, #695	@ 0x2b7
100008e2:	4806      	ldr	r0, [pc, #24]	@ (100008fc <irq_add_tail_to_free_list+0xec>)
100008e4:	f002 f9e6 	bl	10002cb4 <__assert_func>
100008e8:	20000e54 	.word	0x20000e54
100008ec:	20001245 	.word	0x20001245
100008f0:	e000ed00 	.word	0xe000ed00
100008f4:	10005e00 	.word	0x10005e00
100008f8:	100064a4 	.word	0x100064a4
100008fc:	10005c80 	.word	0x10005c80
10000900:	10005e28 	.word	0x10005e28
10000904:	10000111 	.word	0x10000111
10000908:	20001844 	.word	0x20001844
1000090c:	10005e34 	.word	0x10005e34

10000910 <user_irq_claim_unused>:
10000910:	b500      	push	{lr}
10000912:	b083      	sub	sp, #12
10000914:	4601      	mov	r1, r0
10000916:	4b06      	ldr	r3, [pc, #24]	@ (10000930 <user_irq_claim_unused+0x20>)
10000918:	9300      	str	r3, [sp, #0]
1000091a:	2305      	movs	r3, #5
1000091c:	2200      	movs	r2, #0
1000091e:	4805      	ldr	r0, [pc, #20]	@ (10000934 <user_irq_claim_unused+0x24>)
10000920:	f7ff fd23 	bl	1000036a <hw_claim_unused_from_range>
10000924:	2800      	cmp	r0, #0
10000926:	db01      	blt.n	1000092c <user_irq_claim_unused+0x1c>
10000928:	f1c0 0033 	rsb	r0, r0, #51	@ 0x33
1000092c:	b003      	add	sp, #12
1000092e:	bd00      	pop	{pc}
10000930:	10005e3c 	.word	0x10005e3c
10000934:	20001849 	.word	0x20001849

10000938 <lock_init>:
10000938:	4b01      	ldr	r3, [pc, #4]	@ (10000940 <lock_init+0x8>)
1000093a:	440b      	add	r3, r1
1000093c:	6003      	str	r3, [r0, #0]
1000093e:	4770      	bx	lr
10000940:	2000123c 	.word	0x2000123c

10000944 <mutex_init>:
10000944:	b510      	push	{r4, lr}
10000946:	4604      	mov	r4, r0
10000948:	f7ff fd36 	bl	100003b8 <next_striped_spin_lock_num>
1000094c:	4601      	mov	r1, r0
1000094e:	4620      	mov	r0, r4
10000950:	f7ff fff2 	bl	10000938 <lock_init>
10000954:	23ff      	movs	r3, #255	@ 0xff
10000956:	7123      	strb	r3, [r4, #4]
10000958:	f3bf 8f5f 	dmb	sy
1000095c:	bd10      	pop	{r4, pc}

1000095e <recursive_mutex_init>:
1000095e:	b510      	push	{r4, lr}
10000960:	4604      	mov	r4, r0
10000962:	f7ff fd29 	bl	100003b8 <next_striped_spin_lock_num>
10000966:	4601      	mov	r1, r0
10000968:	4620      	mov	r0, r4
1000096a:	f7ff ffe5 	bl	10000938 <lock_init>
1000096e:	23ff      	movs	r3, #255	@ 0xff
10000970:	7123      	strb	r3, [r4, #4]
10000972:	2300      	movs	r3, #0
10000974:	7163      	strb	r3, [r4, #5]
10000976:	f3bf 8f5f 	dmb	sy
1000097a:	bd10      	pop	{r4, pc}

1000097c <runtime_init_mutex>:
1000097c:	b510      	push	{r4, lr}
1000097e:	4c0d      	ldr	r4, [pc, #52]	@ (100009b4 <runtime_init_mutex+0x38>)
10000980:	e009      	b.n	10000996 <runtime_init_mutex+0x1a>
10000982:	4b0d      	ldr	r3, [pc, #52]	@ (100009b8 <runtime_init_mutex+0x3c>)
10000984:	4a0d      	ldr	r2, [pc, #52]	@ (100009bc <runtime_init_mutex+0x40>)
10000986:	211a      	movs	r1, #26
10000988:	480d      	ldr	r0, [pc, #52]	@ (100009c0 <runtime_init_mutex+0x44>)
1000098a:	f002 f993 	bl	10002cb4 <__assert_func>
1000098e:	4620      	mov	r0, r4
10000990:	f7ff ffd8 	bl	10000944 <mutex_init>
10000994:	3408      	adds	r4, #8
10000996:	4b0b      	ldr	r3, [pc, #44]	@ (100009c4 <runtime_init_mutex+0x48>)
10000998:	429c      	cmp	r4, r3
1000099a:	d209      	bcs.n	100009b0 <runtime_init_mutex+0x34>
1000099c:	6823      	ldr	r3, [r4, #0]
1000099e:	2b00      	cmp	r3, #0
100009a0:	d0f5      	beq.n	1000098e <runtime_init_mutex+0x12>
100009a2:	2b01      	cmp	r3, #1
100009a4:	d1ed      	bne.n	10000982 <runtime_init_mutex+0x6>
100009a6:	4620      	mov	r0, r4
100009a8:	f7ff ffd9 	bl	1000095e <recursive_mutex_init>
100009ac:	3408      	adds	r4, #8
100009ae:	e7f2      	b.n	10000996 <runtime_init_mutex+0x1a>
100009b0:	bd10      	pop	{r4, pc}
100009b2:	bf00      	nop
100009b4:	20000f04 	.word	0x20000f04
100009b8:	10005e58 	.word	0x10005e58
100009bc:	10006534 	.word	0x10006534
100009c0:	10005e78 	.word	0x10005e78
100009c4:	20000f0c 	.word	0x20000f0c

100009c8 <critical_section_init_with_lock_num>:
100009c8:	4b02      	ldr	r3, [pc, #8]	@ (100009d4 <critical_section_init_with_lock_num+0xc>)
100009ca:	440b      	add	r3, r1
100009cc:	6003      	str	r3, [r0, #0]
100009ce:	f3bf 8f5f 	dmb	sy
100009d2:	4770      	bx	lr
100009d4:	2000123c 	.word	0x2000123c

100009d8 <critical_section_init>:
100009d8:	b510      	push	{r4, lr}
100009da:	4604      	mov	r4, r0
100009dc:	2001      	movs	r0, #1
100009de:	f7ff fcf9 	bl	100003d4 <spin_lock_claim_unused>
100009e2:	4601      	mov	r1, r0
100009e4:	4620      	mov	r0, r4
100009e6:	f7ff ffef 	bl	100009c8 <critical_section_init_with_lock_num>
100009ea:	bd10      	pop	{r4, pc}

100009ec <ta_from_current_irq>:
100009ec:	4602      	mov	r2, r0
100009ee:	f3ef 8305 	mrs	r3, IPSR
100009f2:	b2db      	uxtb	r3, r3
100009f4:	3b10      	subs	r3, #16
100009f6:	0899      	lsrs	r1, r3, #2
100009f8:	d004      	beq.n	10000a04 <ta_from_current_irq+0x18>
100009fa:	4803      	ldr	r0, [pc, #12]	@ (10000a08 <ta_from_current_irq+0x1c>)
100009fc:	f003 0303 	and.w	r3, r3, #3
10000a00:	6013      	str	r3, [r2, #0]
10000a02:	4770      	bx	lr
10000a04:	4801      	ldr	r0, [pc, #4]	@ (10000a0c <ta_from_current_irq+0x20>)
10000a06:	e7f9      	b.n	100009fc <ta_from_current_irq+0x10>
10000a08:	400b8000 	.word	0x400b8000
10000a0c:	400b0000 	.word	0x400b0000

10000a10 <ta_set_timeout>:
10000a10:	b500      	push	{lr}
10000a12:	f8d0 c028 	ldr.w	ip, [r0, #40]	@ 0x28
10000a16:	eba2 0e0c 	sub.w	lr, r2, ip
10000a1a:	1d0b      	adds	r3, r1, #4
10000a1c:	f850 3023 	ldr.w	r3, [r0, r3, lsl #2]
10000a20:	eba3 030c 	sub.w	r3, r3, ip
10000a24:	459e      	cmp	lr, r3
10000a26:	d306      	bcc.n	10000a36 <ta_set_timeout+0x26>
10000a28:	f8d0 c020 	ldr.w	ip, [r0, #32]
10000a2c:	2301      	movs	r3, #1
10000a2e:	408b      	lsls	r3, r1
10000a30:	ea1c 0f03 	tst.w	ip, r3
10000a34:	d102      	bne.n	10000a3c <ta_set_timeout+0x2c>
10000a36:	3104      	adds	r1, #4
10000a38:	f840 2021 	str.w	r2, [r0, r1, lsl #2]
10000a3c:	bd00      	pop	{pc}

10000a3e <make_alarm_id>:
10000a3e:	ea41 4000 	orr.w	r0, r1, r0, lsl #16
10000a42:	4770      	bx	lr

10000a44 <sleep_until_callback>:
10000a44:	bf40      	sev
10000a46:	2000      	movs	r0, #0
10000a48:	2100      	movs	r1, #0
10000a4a:	4770      	bx	lr

10000a4c <alarm_pool_irq_handler>:
10000a4c:	e92d 4ff0 	stmdb	sp!, {r4, r5, r6, r7, r8, r9, sl, fp, lr}
10000a50:	b085      	sub	sp, #20
10000a52:	a803      	add	r0, sp, #12
10000a54:	f7ff ffca 	bl	100009ec <ta_from_current_irq>
10000a58:	4ba0      	ldr	r3, [pc, #640]	@ (10000cdc <alarm_pool_irq_handler+0x290>)
10000a5a:	4298      	cmp	r0, r3
10000a5c:	bf14      	ite	ne
10000a5e:	2300      	movne	r3, #0
10000a60:	2301      	moveq	r3, #1
10000a62:	9903      	ldr	r1, [sp, #12]
10000a64:	eb01 0383 	add.w	r3, r1, r3, lsl #2
10000a68:	4a9d      	ldr	r2, [pc, #628]	@ (10000ce0 <alarm_pool_irq_handler+0x294>)
10000a6a:	f852 4023 	ldr.w	r4, [r2, r3, lsl #2]
10000a6e:	7823      	ldrb	r3, [r4, #0]
10000a70:	4299      	cmp	r1, r3
10000a72:	d106      	bne.n	10000a82 <alarm_pool_irq_handler+0x36>
10000a74:	4605      	mov	r5, r0
10000a76:	2201      	movs	r2, #1
10000a78:	408a      	lsls	r2, r1
10000a7a:	f500 5341 	add.w	r3, r0, #12352	@ 0x3040
10000a7e:	605a      	str	r2, [r3, #4]
10000a80:	e077      	b.n	10000b72 <alarm_pool_irq_handler+0x126>
10000a82:	4b98      	ldr	r3, [pc, #608]	@ (10000ce4 <alarm_pool_irq_handler+0x298>)
10000a84:	4a98      	ldr	r2, [pc, #608]	@ (10000ce8 <alarm_pool_irq_handler+0x29c>)
10000a86:	21b9      	movs	r1, #185	@ 0xb9
10000a88:	4898      	ldr	r0, [pc, #608]	@ (10000cec <alarm_pool_irq_handler+0x2a0>)
10000a8a:	f002 f913 	bl	10002cb4 <__assert_func>
10000a8e:	f8d6 b014 	ldr.w	fp, [r6, #20]
10000a92:	f8db 3010 	ldr.w	r3, [fp, #16]
10000a96:	4658      	mov	r0, fp
10000a98:	4798      	blx	r3
10000a9a:	b338      	cbz	r0, 10000aec <alarm_pool_irq_handler+0xa0>
10000a9c:	f8db 3000 	ldr.w	r3, [fp]
10000aa0:	9301      	str	r3, [sp, #4]
10000aa2:	f8db b004 	ldr.w	fp, [fp, #4]
10000aa6:	e091      	b.n	10000bcc <alarm_pool_irq_handler+0x180>
10000aa8:	4628      	mov	r0, r5
10000aaa:	f000 fbb3 	bl	10001214 <timer_time_us_64>
10000aae:	9b01      	ldr	r3, [sp, #4]
10000ab0:	181a      	adds	r2, r3, r0
10000ab2:	eb4b 0901 	adc.w	r9, fp, r1
10000ab6:	e095      	b.n	10000be4 <alarm_pool_irq_handler+0x198>
10000ab8:	469c      	mov	ip, r3
10000aba:	f93e 6008 	ldrsh.w	r6, [lr, r8]
10000abe:	2e00      	cmp	r6, #0
10000ac0:	db0e      	blt.n	10000ae0 <alarm_pool_irq_handler+0x94>
10000ac2:	f9bc 3000 	ldrsh.w	r3, [ip]
10000ac6:	eb03 0343 	add.w	r3, r3, r3, lsl #1
10000aca:	ea4f 08c3 	mov.w	r8, r3, lsl #3
10000ace:	eb0e 03c3 	add.w	r3, lr, r3, lsl #3
10000ad2:	6898      	ldr	r0, [r3, #8]
10000ad4:	68d9      	ldr	r1, [r3, #12]
10000ad6:	1a10      	subs	r0, r2, r0
10000ad8:	eb69 0101 	sbc.w	r1, r9, r1
10000adc:	2900      	cmp	r1, #0
10000ade:	daeb      	bge.n	10000ab8 <alarm_pool_irq_handler+0x6c>
10000ae0:	9b00      	ldr	r3, [sp, #0]
10000ae2:	f82a 6003 	strh.w	r6, [sl, r3]
10000ae6:	f8ac 7000 	strh.w	r7, [ip]
10000aea:	e01d      	b.n	10000b28 <alarm_pool_irq_handler+0xdc>
10000aec:	9e00      	ldr	r6, [sp, #0]
10000aee:	f93a 3006 	ldrsh.w	r3, [sl, r6]
10000af2:	8123      	strh	r3, [r4, #8]
10000af4:	6923      	ldr	r3, [r4, #16]
10000af6:	f3ef 8210 	mrs	r2, PRIMASK
10000afa:	b672      	cpsid	i
10000afc:	e8d3 0fcf 	ldaexb	r0, [r3]
10000b00:	2101      	movs	r1, #1
10000b02:	2800      	cmp	r0, #0
10000b04:	d1fa      	bne.n	10000afc <alarm_pool_irq_handler+0xb0>
10000b06:	e8c3 1f40 	strexb	r0, r1, [r3]
10000b0a:	2800      	cmp	r0, #0
10000b0c:	d1f6      	bne.n	10000afc <alarm_pool_irq_handler+0xb0>
10000b0e:	f3bf 8f5f 	dmb	sy
10000b12:	f9b4 3002 	ldrsh.w	r3, [r4, #2]
10000b16:	f82a 3006 	strh.w	r3, [sl, r6]
10000b1a:	8067      	strh	r7, [r4, #2]
10000b1c:	6921      	ldr	r1, [r4, #16]
10000b1e:	2300      	movs	r3, #0
10000b20:	e8c1 3f8f 	stlb	r3, [r1]
10000b24:	f382 8810 	msr	PRIMASK, r2
10000b28:	88a3      	ldrh	r3, [r4, #4]
10000b2a:	f413 4f00 	tst.w	r3, #32768	@ 0x8000
10000b2e:	d072      	beq.n	10000c16 <alarm_pool_irq_handler+0x1ca>
10000b30:	f9b4 3008 	ldrsh.w	r3, [r4, #8]
10000b34:	2b00      	cmp	r3, #0
10000b36:	f2c0 80ba 	blt.w	10000cae <alarm_pool_irq_handler+0x262>
10000b3a:	6962      	ldr	r2, [r4, #20]
10000b3c:	eb03 0343 	add.w	r3, r3, r3, lsl #1
10000b40:	eb02 03c3 	add.w	r3, r2, r3, lsl #3
10000b44:	689f      	ldr	r7, [r3, #8]
10000b46:	68de      	ldr	r6, [r3, #12]
10000b48:	463a      	mov	r2, r7
10000b4a:	4633      	mov	r3, r6
10000b4c:	9903      	ldr	r1, [sp, #12]
10000b4e:	4628      	mov	r0, r5
10000b50:	f7ff ff5e 	bl	10000a10 <ta_set_timeout>
10000b54:	79a3      	ldrb	r3, [r4, #6]
10000b56:	2b00      	cmp	r3, #0
10000b58:	f040 80b9 	bne.w	10000cce <alarm_pool_irq_handler+0x282>
10000b5c:	4628      	mov	r0, r5
10000b5e:	f000 fb59 	bl	10001214 <timer_time_us_64>
10000b62:	1a3f      	subs	r7, r7, r0
10000b64:	eb66 0601 	sbc.w	r6, r6, r1
10000b68:	2f01      	cmp	r7, #1
10000b6a:	f176 0600 	sbcs.w	r6, r6, #0
10000b6e:	f280 80aa 	bge.w	10000cc6 <alarm_pool_irq_handler+0x27a>
10000b72:	9a03      	ldr	r2, [sp, #12]
10000b74:	2301      	movs	r3, #1
10000b76:	4093      	lsls	r3, r2
10000b78:	63eb      	str	r3, [r5, #60]	@ 0x3c
10000b7a:	f9b4 7008 	ldrsh.w	r7, [r4, #8]
10000b7e:	2f00      	cmp	r7, #0
10000b80:	dbd2      	blt.n	10000b28 <alarm_pool_irq_handler+0xdc>
10000b82:	f8d4 a014 	ldr.w	sl, [r4, #20]
10000b86:	eb07 0647 	add.w	r6, r7, r7, lsl #1
10000b8a:	00f3      	lsls	r3, r6, #3
10000b8c:	9300      	str	r3, [sp, #0]
10000b8e:	eb0a 06c6 	add.w	r6, sl, r6, lsl #3
10000b92:	f8d6 8008 	ldr.w	r8, [r6, #8]
10000b96:	f8d6 900c 	ldr.w	r9, [r6, #12]
10000b9a:	4628      	mov	r0, r5
10000b9c:	f000 fb3a 	bl	10001214 <timer_time_us_64>
10000ba0:	ebb0 0008 	subs.w	r0, r0, r8
10000ba4:	eb61 0309 	sbc.w	r3, r1, r9
10000ba8:	2b00      	cmp	r3, #0
10000baa:	dbbd      	blt.n	10000b28 <alarm_pool_irq_handler+0xdc>
10000bac:	f8d6 b010 	ldr.w	fp, [r6, #16]
10000bb0:	f1bb 0f02 	cmp.w	fp, #2
10000bb4:	f43f af6b 	beq.w	10000a8e <alarm_pool_irq_handler+0x42>
10000bb8:	8871      	ldrh	r1, [r6, #2]
10000bba:	b289      	uxth	r1, r1
10000bbc:	f9b4 0008 	ldrsh.w	r0, [r4, #8]
10000bc0:	f7ff ff3d 	bl	10000a3e <make_alarm_id>
10000bc4:	6971      	ldr	r1, [r6, #20]
10000bc6:	47d8      	blx	fp
10000bc8:	9001      	str	r0, [sp, #4]
10000bca:	468b      	mov	fp, r1
10000bcc:	9a01      	ldr	r2, [sp, #4]
10000bce:	ea52 030b 	orrs.w	r3, r2, fp
10000bd2:	d08b      	beq.n	10000aec <alarm_pool_irq_handler+0xa0>
10000bd4:	f1bb 0f00 	cmp.w	fp, #0
10000bd8:	f6bf af66 	bge.w	10000aa8 <alarm_pool_irq_handler+0x5c>
10000bdc:	ebb8 0202 	subs.w	r2, r8, r2
10000be0:	eb69 090b 	sbc.w	r9, r9, fp
10000be4:	60b2      	str	r2, [r6, #8]
10000be6:	f8c6 900c 	str.w	r9, [r6, #12]
10000bea:	9b00      	ldr	r3, [sp, #0]
10000bec:	f93a 6003 	ldrsh.w	r6, [sl, r3]
10000bf0:	2e00      	cmp	r6, #0
10000bf2:	db99      	blt.n	10000b28 <alarm_pool_irq_handler+0xdc>
10000bf4:	f8d4 e014 	ldr.w	lr, [r4, #20]
10000bf8:	eb06 0346 	add.w	r3, r6, r6, lsl #1
10000bfc:	eb0e 03c3 	add.w	r3, lr, r3, lsl #3
10000c00:	6899      	ldr	r1, [r3, #8]
10000c02:	68db      	ldr	r3, [r3, #12]
10000c04:	1a51      	subs	r1, r2, r1
10000c06:	eb69 0303 	sbc.w	r3, r9, r3
10000c0a:	2b00      	cmp	r3, #0
10000c0c:	db8c      	blt.n	10000b28 <alarm_pool_irq_handler+0xdc>
10000c0e:	46a4      	mov	ip, r4
10000c10:	f82c 6f08 	strh.w	r6, [ip, #8]!
10000c14:	e753      	b.n	10000abe <alarm_pool_irq_handler+0x72>
10000c16:	6923      	ldr	r3, [r4, #16]
10000c18:	f3ef 8210 	mrs	r2, PRIMASK
10000c1c:	b672      	cpsid	i
10000c1e:	e8d3 0fcf 	ldaexb	r0, [r3]
10000c22:	2101      	movs	r1, #1
10000c24:	2800      	cmp	r0, #0
10000c26:	d1fa      	bne.n	10000c1e <alarm_pool_irq_handler+0x1d2>
10000c28:	e8c3 1f40 	strexb	r0, r1, [r3]
10000c2c:	2800      	cmp	r0, #0
10000c2e:	d1f6      	bne.n	10000c1e <alarm_pool_irq_handler+0x1d2>
10000c30:	f3bf 8f5f 	dmb	sy
10000c34:	f8b4 8004 	ldrh.w	r8, [r4, #4]
10000c38:	fa0f f888 	sxth.w	r8, r8
10000c3c:	f64f 73ff 	movw	r3, #65535	@ 0xffff
10000c40:	80a3      	strh	r3, [r4, #4]
10000c42:	6921      	ldr	r1, [r4, #16]
10000c44:	2300      	movs	r3, #0
10000c46:	e8c1 3f8f 	stlb	r3, [r1]
10000c4a:	f382 8810 	msr	PRIMASK, r2
10000c4e:	e01a      	b.n	10000c86 <alarm_pool_irq_handler+0x23a>
10000c50:	461f      	mov	r7, r3
10000c52:	f930 600a 	ldrsh.w	r6, [r0, sl]
10000c56:	2e00      	cmp	r6, #0
10000c58:	db0f      	blt.n	10000c7a <alarm_pool_irq_handler+0x22e>
10000c5a:	f9b7 3000 	ldrsh.w	r3, [r7]
10000c5e:	eb03 0343 	add.w	r3, r3, r3, lsl #1
10000c62:	ea4f 0ac3 	mov.w	sl, r3, lsl #3
10000c66:	eb00 03c3 	add.w	r3, r0, r3, lsl #3
10000c6a:	6899      	ldr	r1, [r3, #8]
10000c6c:	68da      	ldr	r2, [r3, #12]
10000c6e:	ebbc 0101 	subs.w	r1, ip, r1
10000c72:	eb6e 0202 	sbc.w	r2, lr, r2
10000c76:	2a00      	cmp	r2, #0
10000c78:	daea      	bge.n	10000c50 <alarm_pool_irq_handler+0x204>
10000c7a:	f8a7 8000 	strh.w	r8, [r7]
10000c7e:	f930 8009 	ldrsh.w	r8, [r0, r9]
10000c82:	f820 6009 	strh.w	r6, [r0, r9]
10000c86:	f1b8 0f00 	cmp.w	r8, #0
10000c8a:	f6ff af51 	blt.w	10000b30 <alarm_pool_irq_handler+0xe4>
10000c8e:	6960      	ldr	r0, [r4, #20]
10000c90:	eb08 0348 	add.w	r3, r8, r8, lsl #1
10000c94:	ea4f 09c3 	mov.w	r9, r3, lsl #3
10000c98:	eb00 03c3 	add.w	r3, r0, r3, lsl #3
10000c9c:	f8d3 c008 	ldr.w	ip, [r3, #8]
10000ca0:	f8d3 e00c 	ldr.w	lr, [r3, #12]
10000ca4:	f104 0708 	add.w	r7, r4, #8
10000ca8:	f9b4 6008 	ldrsh.w	r6, [r4, #8]
10000cac:	e7d3      	b.n	10000c56 <alarm_pool_irq_handler+0x20a>
10000cae:	9c03      	ldr	r4, [sp, #12]
10000cb0:	4628      	mov	r0, r5
10000cb2:	f000 faaf 	bl	10001214 <timer_time_us_64>
10000cb6:	f110 4200 	adds.w	r2, r0, #2147483648	@ 0x80000000
10000cba:	f141 0300 	adc.w	r3, r1, #0
10000cbe:	4621      	mov	r1, r4
10000cc0:	4628      	mov	r0, r5
10000cc2:	f7ff fea5 	bl	10000a10 <ta_set_timeout>
10000cc6:	bf40      	sev
10000cc8:	b005      	add	sp, #20
10000cca:	e8bd 8ff0 	ldmia.w	sp!, {r4, r5, r6, r7, r8, r9, sl, fp, pc}
10000cce:	2300      	movs	r3, #0
10000cd0:	71a3      	strb	r3, [r4, #6]
10000cd2:	f104 0808 	add.w	r8, r4, #8
10000cd6:	f9b4 3008 	ldrsh.w	r3, [r4, #8]
10000cda:	e00b      	b.n	10000cf4 <alarm_pool_irq_handler+0x2a8>
10000cdc:	400b8000 	.word	0x400b8000
10000ce0:	20001800 	.word	0x20001800
10000ce4:	10005f0c 	.word	0x10005f0c
10000ce8:	10006560 	.word	0x10006560
10000cec:	10005f38 	.word	0x10005f38
10000cf0:	4680      	mov	r8, r0
10000cf2:	4613      	mov	r3, r2
10000cf4:	f1b3 3fff 	cmp.w	r3, #4294967295	@ 0xffffffff
10000cf8:	f43f af30 	beq.w	10000b5c <alarm_pool_irq_handler+0x110>
10000cfc:	6961      	ldr	r1, [r4, #20]
10000cfe:	eb03 0243 	add.w	r2, r3, r3, lsl #1
10000d02:	ea4f 0ec2 	mov.w	lr, r2, lsl #3
10000d06:	eb01 00c2 	add.w	r0, r1, r2, lsl #3
10000d0a:	f931 2032 	ldrsh.w	r2, [r1, r2, lsl #3]
10000d0e:	f8b0 c002 	ldrh.w	ip, [r0, #2]
10000d12:	f41c 4f00 	tst.w	ip, #32768	@ 0x8000
10000d16:	d0eb      	beq.n	10000cf0 <alarm_pool_irq_handler+0x2a4>
10000d18:	f8a8 2000 	strh.w	r2, [r8]
10000d1c:	6920      	ldr	r0, [r4, #16]
10000d1e:	f3ef 8c10 	mrs	ip, PRIMASK
10000d22:	b672      	cpsid	i
10000d24:	e8d0 afcf 	ldaexb	sl, [r0]
10000d28:	f05f 0901 	movs.w	r9, #1
10000d2c:	f1ba 0f00 	cmp.w	sl, #0
10000d30:	d1f8      	bne.n	10000d24 <alarm_pool_irq_handler+0x2d8>
10000d32:	e8c0 9f4a 	strexb	sl, r9, [r0]
10000d36:	f1ba 0f00 	cmp.w	sl, #0
10000d3a:	d1f3      	bne.n	10000d24 <alarm_pool_irq_handler+0x2d8>
10000d3c:	f3bf 8f5f 	dmb	sy
10000d40:	f9b4 0002 	ldrsh.w	r0, [r4, #2]
10000d44:	f821 000e 	strh.w	r0, [r1, lr]
10000d48:	8063      	strh	r3, [r4, #2]
10000d4a:	6921      	ldr	r1, [r4, #16]
10000d4c:	2300      	movs	r3, #0
10000d4e:	e8c1 3f8f 	stlb	r3, [r1]
10000d52:	f38c 8810 	msr	PRIMASK, ip
10000d56:	e7cc      	b.n	10000cf2 <alarm_pool_irq_handler+0x2a6>

10000d58 <ta_enable_irq_handler>:
10000d58:	b5f8      	push	{r3, r4, r5, r6, r7, lr}
10000d5a:	4604      	mov	r4, r0
10000d5c:	460d      	mov	r5, r1
10000d5e:	4611      	mov	r1, r2
10000d60:	4b0a      	ldr	r3, [pc, #40]	@ (10000d8c <ta_enable_irq_handler+0x34>)
10000d62:	4298      	cmp	r0, r3
10000d64:	d010      	beq.n	10000d88 <ta_enable_irq_handler+0x30>
10000d66:	2600      	movs	r6, #0
10000d68:	442e      	add	r6, r5
10000d6a:	2701      	movs	r7, #1
10000d6c:	fa07 f505 	lsl.w	r5, r7, r5
10000d70:	6225      	str	r5, [r4, #32]
10000d72:	4630      	mov	r0, r6
10000d74:	f7ff fc00 	bl	10000578 <irq_set_exclusive_handler>
10000d78:	4639      	mov	r1, r7
10000d7a:	4630      	mov	r0, r6
10000d7c:	f7ff fbd2 	bl	10000524 <irq_set_enabled>
10000d80:	f504 5401 	add.w	r4, r4, #8256	@ 0x2040
10000d84:	6025      	str	r5, [r4, #0]
10000d86:	bdf8      	pop	{r3, r4, r5, r6, r7, pc}
10000d88:	2604      	movs	r6, #4
10000d8a:	e7ed      	b.n	10000d68 <ta_enable_irq_handler+0x10>
10000d8c:	400b8000 	.word	0x400b8000

10000d90 <alarm_pool_post_alloc_init>:
10000d90:	b5f8      	push	{r3, r4, r5, r6, r7, lr}
10000d92:	4604      	mov	r4, r0
10000d94:	460e      	mov	r6, r1
10000d96:	4617      	mov	r7, r2
10000d98:	461d      	mov	r5, r3
10000d9a:	60c1      	str	r1, [r0, #12]
10000d9c:	f7ff fb0c 	bl	100003b8 <next_striped_spin_lock_num>
10000da0:	4b16      	ldr	r3, [pc, #88]	@ (10000dfc <alarm_pool_post_alloc_init+0x6c>)
10000da2:	4403      	add	r3, r0
10000da4:	6123      	str	r3, [r4, #16]
10000da6:	7027      	strb	r7, [r4, #0]
10000da8:	b2ab      	uxth	r3, r5
10000daa:	8163      	strh	r3, [r4, #10]
10000dac:	f04f 4250 	mov.w	r2, #3489660928	@ 0xd0000000
10000db0:	7812      	ldrb	r2, [r2, #0]
10000db2:	7062      	strb	r2, [r4, #1]
10000db4:	f64f 72ff 	movw	r2, #65535	@ 0xffff
10000db8:	8122      	strh	r2, [r4, #8]
10000dba:	80a2      	strh	r2, [r4, #4]
10000dbc:	3b01      	subs	r3, #1
10000dbe:	8063      	strh	r3, [r4, #2]
10000dc0:	f04f 0c00 	mov.w	ip, #0
10000dc4:	e008      	b.n	10000dd8 <alarm_pool_post_alloc_init+0x48>
10000dc6:	f10c 30ff 	add.w	r0, ip, #4294967295	@ 0xffffffff
10000dca:	eb0c 0e4c 	add.w	lr, ip, ip, lsl #1
10000dce:	6963      	ldr	r3, [r4, #20]
10000dd0:	f823 003e 	strh.w	r0, [r3, lr, lsl #3]
10000dd4:	f10c 0c01 	add.w	ip, ip, #1
10000dd8:	45ac      	cmp	ip, r5
10000dda:	d3f4      	bcc.n	10000dc6 <alarm_pool_post_alloc_init+0x36>
10000ddc:	4b08      	ldr	r3, [pc, #32]	@ (10000e00 <alarm_pool_post_alloc_init+0x70>)
10000dde:	429e      	cmp	r6, r3
10000de0:	bf14      	ite	ne
10000de2:	2300      	movne	r3, #0
10000de4:	2301      	moveq	r3, #1
10000de6:	eb07 0383 	add.w	r3, r7, r3, lsl #2
10000dea:	4a06      	ldr	r2, [pc, #24]	@ (10000e04 <alarm_pool_post_alloc_init+0x74>)
10000dec:	f842 4023 	str.w	r4, [r2, r3, lsl #2]
10000df0:	4a05      	ldr	r2, [pc, #20]	@ (10000e08 <alarm_pool_post_alloc_init+0x78>)
10000df2:	4639      	mov	r1, r7
10000df4:	4630      	mov	r0, r6
10000df6:	f7ff ffaf 	bl	10000d58 <ta_enable_irq_handler>
10000dfa:	bdf8      	pop	{r3, r4, r5, r6, r7, pc}
10000dfc:	2000123c 	.word	0x2000123c
10000e00:	400b8000 	.word	0x400b8000
10000e04:	20001800 	.word	0x20001800
10000e08:	10000a4d 	.word	0x10000a4d

10000e0c <alarm_pool_get_default>:
10000e0c:	b508      	push	{r3, lr}
10000e0e:	4b05      	ldr	r3, [pc, #20]	@ (10000e24 <alarm_pool_get_default+0x18>)
10000e10:	691b      	ldr	r3, [r3, #16]
10000e12:	b10b      	cbz	r3, 10000e18 <alarm_pool_get_default+0xc>
10000e14:	4803      	ldr	r0, [pc, #12]	@ (10000e24 <alarm_pool_get_default+0x18>)
10000e16:	bd08      	pop	{r3, pc}
10000e18:	4b03      	ldr	r3, [pc, #12]	@ (10000e28 <alarm_pool_get_default+0x1c>)
10000e1a:	4a04      	ldr	r2, [pc, #16]	@ (10000e2c <alarm_pool_get_default+0x20>)
10000e1c:	2172      	movs	r1, #114	@ 0x72
10000e1e:	4804      	ldr	r0, [pc, #16]	@ (10000e30 <alarm_pool_get_default+0x24>)
10000e20:	f001 ff48 	bl	10002cb4 <__assert_func>
10000e24:	20000eb4 	.word	0x20000eb4
10000e28:	10005f74 	.word	0x10005f74
10000e2c:	10006548 	.word	0x10006548
10000e30:	10005f38 	.word	0x10005f38

10000e34 <alarm_pool_add_alarm_at_force_in_context>:
10000e34:	b5f8      	push	{r3, r4, r5, r6, r7, lr}
10000e36:	4604      	mov	r4, r0
10000e38:	469e      	mov	lr, r3
10000e3a:	6900      	ldr	r0, [r0, #16]
10000e3c:	f3ef 8110 	mrs	r1, PRIMASK
10000e40:	b672      	cpsid	i
10000e42:	e8d0 6fcf 	ldaexb	r6, [r0]
10000e46:	2501      	movs	r5, #1
10000e48:	2e00      	cmp	r6, #0
10000e4a:	d1fa      	bne.n	10000e42 <alarm_pool_add_alarm_at_force_in_context+0xe>
10000e4c:	e8c0 5f46 	strexb	r6, r5, [r0]
10000e50:	2e00      	cmp	r6, #0
10000e52:	d1f6      	bne.n	10000e42 <alarm_pool_add_alarm_at_force_in_context+0xe>
10000e54:	f3bf 8f5f 	dmb	sy
10000e58:	f9b4 5002 	ldrsh.w	r5, [r4, #2]
10000e5c:	6966      	ldr	r6, [r4, #20]
10000e5e:	eb05 0045 	add.w	r0, r5, r5, lsl #1
10000e62:	00c7      	lsls	r7, r0, #3
10000e64:	eb06 00c0 	add.w	r0, r6, r0, lsl #3
10000e68:	2d00      	cmp	r5, #0
10000e6a:	db03      	blt.n	10000e74 <alarm_pool_add_alarm_at_force_in_context+0x40>
10000e6c:	f936 c007 	ldrsh.w	ip, [r6, r7]
10000e70:	f8a4 c002 	strh.w	ip, [r4, #2]
10000e74:	f04f 0c00 	mov.w	ip, #0
10000e78:	6923      	ldr	r3, [r4, #16]
10000e7a:	e8c3 cf8f 	stlb	ip, [r3]
10000e7e:	f381 8810 	msr	PRIMASK, r1
10000e82:	4565      	cmp	r5, ip
10000e84:	db33      	blt.n	10000eee <alarm_pool_add_alarm_at_force_in_context+0xba>
10000e86:	9906      	ldr	r1, [sp, #24]
10000e88:	6101      	str	r1, [r0, #16]
10000e8a:	9907      	ldr	r1, [sp, #28]
10000e8c:	6141      	str	r1, [r0, #20]
10000e8e:	6082      	str	r2, [r0, #8]
10000e90:	f8c0 e00c 	str.w	lr, [r0, #12]
10000e94:	8841      	ldrh	r1, [r0, #2]
10000e96:	b289      	uxth	r1, r1
10000e98:	3101      	adds	r1, #1
10000e9a:	f3c1 010e 	ubfx	r1, r1, #0, #15
10000e9e:	b901      	cbnz	r1, 10000ea2 <alarm_pool_add_alarm_at_force_in_context+0x6e>
10000ea0:	2101      	movs	r1, #1
10000ea2:	8041      	strh	r1, [r0, #2]
10000ea4:	4628      	mov	r0, r5
10000ea6:	f7ff fdca 	bl	10000a3e <make_alarm_id>
10000eaa:	6923      	ldr	r3, [r4, #16]
10000eac:	f3ef 8210 	mrs	r2, PRIMASK
10000eb0:	b672      	cpsid	i
10000eb2:	e8d3 cfcf 	ldaexb	ip, [r3]
10000eb6:	2101      	movs	r1, #1
10000eb8:	f1bc 0f00 	cmp.w	ip, #0
10000ebc:	d1f9      	bne.n	10000eb2 <alarm_pool_add_alarm_at_force_in_context+0x7e>
10000ebe:	e8c3 1f4c 	strexb	ip, r1, [r3]
10000ec2:	f1bc 0f00 	cmp.w	ip, #0
10000ec6:	d1f4      	bne.n	10000eb2 <alarm_pool_add_alarm_at_force_in_context+0x7e>
10000ec8:	f3bf 8f5f 	dmb	sy
10000ecc:	88a3      	ldrh	r3, [r4, #4]
10000ece:	53f3      	strh	r3, [r6, r7]
10000ed0:	80a5      	strh	r5, [r4, #4]
10000ed2:	6921      	ldr	r1, [r4, #16]
10000ed4:	2300      	movs	r3, #0
10000ed6:	e8c1 3f8f 	stlb	r3, [r1]
10000eda:	f382 8810 	msr	PRIMASK, r2
10000ede:	68e3      	ldr	r3, [r4, #12]
10000ee0:	7821      	ldrb	r1, [r4, #0]
10000ee2:	2201      	movs	r2, #1
10000ee4:	408a      	lsls	r2, r1
10000ee6:	f503 5301 	add.w	r3, r3, #8256	@ 0x2040
10000eea:	605a      	str	r2, [r3, #4]
10000eec:	bdf8      	pop	{r3, r4, r5, r6, r7, pc}
10000eee:	f04f 30ff 	mov.w	r0, #4294967295	@ 0xffffffff
10000ef2:	e7fb      	b.n	10000eec <alarm_pool_add_alarm_at_force_in_context+0xb8>

10000ef4 <alarm_pool_add_alarm_at>:
10000ef4:	b570      	push	{r4, r5, r6, lr}
10000ef6:	b082      	sub	sp, #8
10000ef8:	4606      	mov	r6, r0
10000efa:	4615      	mov	r5, r2
10000efc:	461c      	mov	r4, r3
10000efe:	f89d 3020 	ldrb.w	r3, [sp, #32]
10000f02:	b933      	cbnz	r3, 10000f12 <alarm_pool_add_alarm_at+0x1e>
10000f04:	f000 f99c 	bl	10001240 <time_us_64>
10000f08:	4285      	cmp	r5, r0
10000f0a:	eb64 0101 	sbc.w	r1, r4, r1
10000f0e:	2900      	cmp	r1, #0
10000f10:	db0a      	blt.n	10000f28 <alarm_pool_add_alarm_at+0x34>
10000f12:	9b07      	ldr	r3, [sp, #28]
10000f14:	9301      	str	r3, [sp, #4]
10000f16:	9b06      	ldr	r3, [sp, #24]
10000f18:	9300      	str	r3, [sp, #0]
10000f1a:	462a      	mov	r2, r5
10000f1c:	4623      	mov	r3, r4
10000f1e:	4630      	mov	r0, r6
10000f20:	f7ff ff88 	bl	10000e34 <alarm_pool_add_alarm_at_force_in_context>
10000f24:	b002      	add	sp, #8
10000f26:	bd70      	pop	{r4, r5, r6, pc}
10000f28:	2000      	movs	r0, #0
10000f2a:	e7fb      	b.n	10000f24 <alarm_pool_add_alarm_at+0x30>

10000f2c <add_alarm_at>:
10000f2c:	b5f0      	push	{r4, r5, r6, r7, lr}
10000f2e:	b085      	sub	sp, #20
10000f30:	4607      	mov	r7, r0
10000f32:	460e      	mov	r6, r1
10000f34:	4615      	mov	r5, r2
10000f36:	461c      	mov	r4, r3
10000f38:	f7ff ff68 	bl	10000e0c <alarm_pool_get_default>
10000f3c:	f89d 3028 	ldrb.w	r3, [sp, #40]	@ 0x28
10000f40:	9302      	str	r3, [sp, #8]
10000f42:	9401      	str	r4, [sp, #4]
10000f44:	9500      	str	r5, [sp, #0]
10000f46:	463a      	mov	r2, r7
10000f48:	4633      	mov	r3, r6
10000f4a:	f7ff ffd3 	bl	10000ef4 <alarm_pool_add_alarm_at>
10000f4e:	b005      	add	sp, #20
10000f50:	bdf0      	pop	{r4, r5, r6, r7, pc}

10000f52 <alarm_pool_cancel_alarm>:
10000f52:	4603      	mov	r3, r0
10000f54:	8940      	ldrh	r0, [r0, #10]
10000f56:	ebb0 4f21 	cmp.w	r0, r1, asr #16
10000f5a:	dd31      	ble.n	10000fc0 <alarm_pool_cancel_alarm+0x6e>
10000f5c:	b510      	push	{r4, lr}
10000f5e:	140a      	asrs	r2, r1, #16
10000f60:	6958      	ldr	r0, [r3, #20]
10000f62:	eb02 0242 	add.w	r2, r2, r2, lsl #1
10000f66:	eb00 00c2 	add.w	r0, r0, r2, lsl #3
10000f6a:	691a      	ldr	r2, [r3, #16]
10000f6c:	f3ef 8c10 	mrs	ip, PRIMASK
10000f70:	b672      	cpsid	i
10000f72:	e8d2 4fcf 	ldaexb	r4, [r2]
10000f76:	f05f 0e01 	movs.w	lr, #1
10000f7a:	2c00      	cmp	r4, #0
10000f7c:	d1f9      	bne.n	10000f72 <alarm_pool_cancel_alarm+0x20>
10000f7e:	e8c2 ef44 	strexb	r4, lr, [r2]
10000f82:	2c00      	cmp	r4, #0
10000f84:	d1f5      	bne.n	10000f72 <alarm_pool_cancel_alarm+0x20>
10000f86:	f3bf 8f5f 	dmb	sy
10000f8a:	8842      	ldrh	r2, [r0, #2]
10000f8c:	b292      	uxth	r2, r2
10000f8e:	b289      	uxth	r1, r1
10000f90:	428a      	cmp	r2, r1
10000f92:	d00f      	beq.n	10000fb4 <alarm_pool_cancel_alarm+0x62>
10000f94:	2000      	movs	r0, #0
10000f96:	6919      	ldr	r1, [r3, #16]
10000f98:	2200      	movs	r2, #0
10000f9a:	e8c1 2f8f 	stlb	r2, [r1]
10000f9e:	f38c 8810 	msr	PRIMASK, ip
10000fa2:	b130      	cbz	r0, 10000fb2 <alarm_pool_cancel_alarm+0x60>
10000fa4:	68da      	ldr	r2, [r3, #12]
10000fa6:	781b      	ldrb	r3, [r3, #0]
10000fa8:	2101      	movs	r1, #1
10000faa:	4099      	lsls	r1, r3
10000fac:	f502 5301 	add.w	r3, r2, #8256	@ 0x2040
10000fb0:	6059      	str	r1, [r3, #4]
10000fb2:	bd10      	pop	{r4, pc}
10000fb4:	f442 4200 	orr.w	r2, r2, #32768	@ 0x8000
10000fb8:	8042      	strh	r2, [r0, #2]
10000fba:	2001      	movs	r0, #1
10000fbc:	7198      	strb	r0, [r3, #6]
10000fbe:	e7ea      	b.n	10000f96 <alarm_pool_cancel_alarm+0x44>
10000fc0:	2000      	movs	r0, #0
10000fc2:	4770      	bx	lr

10000fc4 <cancel_alarm>:
10000fc4:	b510      	push	{r4, lr}
10000fc6:	4604      	mov	r4, r0
10000fc8:	f7ff ff20 	bl	10000e0c <alarm_pool_get_default>
10000fcc:	4621      	mov	r1, r4
10000fce:	f7ff ffc0 	bl	10000f52 <alarm_pool_cancel_alarm>
10000fd2:	bd10      	pop	{r4, pc}

10000fd4 <alarm_pool_core_num>:
10000fd4:	7840      	ldrb	r0, [r0, #1]
10000fd6:	4770      	bx	lr

10000fd8 <sleep_until>:
10000fd8:	b5f0      	push	{r4, r5, r6, r7, lr}
10000fda:	b083      	sub	sp, #12
10000fdc:	f3ef 8305 	mrs	r3, IPSR
10000fe0:	b2db      	uxtb	r3, r3
10000fe2:	b9cb      	cbnz	r3, 10001018 <sleep_until+0x40>
10000fe4:	4604      	mov	r4, r0
10000fe6:	460d      	mov	r5, r1
10000fe8:	1f86      	subs	r6, r0, #6
10000fea:	f141 37ff 	adc.w	r7, r1, #4294967295	@ 0xffffffff
10000fee:	42b0      	cmp	r0, r6
10000ff0:	eb71 0307 	sbcs.w	r3, r1, r7
10000ff4:	d201      	bcs.n	10000ffa <sleep_until+0x22>
10000ff6:	2600      	movs	r6, #0
10000ff8:	4637      	mov	r7, r6
10000ffa:	f000 f921 	bl	10001240 <time_us_64>
10000ffe:	1a30      	subs	r0, r6, r0
10001000:	eb67 0301 	sbc.w	r3, r7, r1
10001004:	2801      	cmp	r0, #1
10001006:	f173 0300 	sbcs.w	r3, r3, #0
1000100a:	da08      	bge.n	1000101e <sleep_until+0x46>
1000100c:	4620      	mov	r0, r4
1000100e:	4629      	mov	r1, r5
10001010:	f000 f91e 	bl	10001250 <busy_wait_until>
10001014:	b003      	add	sp, #12
10001016:	bdf0      	pop	{r4, r5, r6, r7, pc}
10001018:	480c      	ldr	r0, [pc, #48]	@ (1000104c <sleep_until+0x74>)
1000101a:	f7ff f959 	bl	100002d0 <panic>
1000101e:	2300      	movs	r3, #0
10001020:	9300      	str	r3, [sp, #0]
10001022:	4a0b      	ldr	r2, [pc, #44]	@ (10001050 <sleep_until+0x78>)
10001024:	4630      	mov	r0, r6
10001026:	4639      	mov	r1, r7
10001028:	f7ff ff80 	bl	10000f2c <add_alarm_at>
1000102c:	2800      	cmp	r0, #0
1000102e:	da01      	bge.n	10001034 <sleep_until+0x5c>
10001030:	e7ec      	b.n	1000100c <sleep_until+0x34>
10001032:	bf20      	wfe
10001034:	4b07      	ldr	r3, [pc, #28]	@ (10001054 <sleep_until+0x7c>)
10001036:	6a5b      	ldr	r3, [r3, #36]	@ 0x24
10001038:	429f      	cmp	r7, r3
1000103a:	d8fa      	bhi.n	10001032 <sleep_until+0x5a>
1000103c:	4a05      	ldr	r2, [pc, #20]	@ (10001054 <sleep_until+0x7c>)
1000103e:	6a92      	ldr	r2, [r2, #40]	@ 0x28
10001040:	42b2      	cmp	r2, r6
10001042:	d2e3      	bcs.n	1000100c <sleep_until+0x34>
10001044:	429f      	cmp	r7, r3
10001046:	d1e1      	bne.n	1000100c <sleep_until+0x34>
10001048:	e7f3      	b.n	10001032 <sleep_until+0x5a>
1000104a:	bf00      	nop
1000104c:	10005f98 	.word	0x10005f98
10001050:	10000a45 	.word	0x10000a45
10001054:	400b0000 	.word	0x400b0000

10001058 <sleep_us>:
10001058:	b538      	push	{r3, r4, r5, lr}
1000105a:	4605      	mov	r5, r0
1000105c:	460c      	mov	r4, r1
1000105e:	f000 f8ef 	bl	10001240 <time_us_64>
10001062:	1828      	adds	r0, r5, r0
10001064:	eb44 0101 	adc.w	r1, r4, r1
10001068:	2900      	cmp	r1, #0
1000106a:	db02      	blt.n	10001072 <sleep_us+0x1a>
1000106c:	f7ff ffb4 	bl	10000fd8 <sleep_until>
10001070:	bd38      	pop	{r3, r4, r5, pc}
10001072:	f04f 30ff 	mov.w	r0, #4294967295	@ 0xffffffff
10001076:	f06f 4100 	mvn.w	r1, #2147483648	@ 0x80000000
1000107a:	e7f7      	b.n	1000106c <sleep_us+0x14>

1000107c <sleep_ms>:
1000107c:	b508      	push	{r3, lr}
1000107e:	0ec3      	lsrs	r3, r0, #27
10001080:	0141      	lsls	r1, r0, #5
10001082:	1a09      	subs	r1, r1, r0
10001084:	f163 0300 	sbc.w	r3, r3, #0
10001088:	009b      	lsls	r3, r3, #2
1000108a:	ea43 7391 	orr.w	r3, r3, r1, lsr #30
1000108e:	0089      	lsls	r1, r1, #2
10001090:	1809      	adds	r1, r1, r0
10001092:	f143 0300 	adc.w	r3, r3, #0
10001096:	00db      	lsls	r3, r3, #3
10001098:	00c8      	lsls	r0, r1, #3
1000109a:	ea43 7151 	orr.w	r1, r3, r1, lsr #29
1000109e:	f7ff ffdb 	bl	10001058 <sleep_us>
100010a2:	bd08      	pop	{r3, pc}

100010a4 <best_effort_wfe_or_timeout>:
100010a4:	b5f0      	push	{r4, r5, r6, r7, lr}
100010a6:	b083      	sub	sp, #12
100010a8:	460c      	mov	r4, r1
100010aa:	f3ef 8305 	mrs	r3, IPSR
100010ae:	b2db      	uxtb	r3, r3
100010b0:	b193      	cbz	r3, 100010d8 <best_effort_wfe_or_timeout+0x34>
100010b2:	4b41      	ldr	r3, [pc, #260]	@ (100011b8 <best_effort_wfe_or_timeout+0x114>)
100010b4:	6a5b      	ldr	r3, [r3, #36]	@ 0x24
100010b6:	428b      	cmp	r3, r1
100010b8:	d309      	bcc.n	100010ce <best_effort_wfe_or_timeout+0x2a>
100010ba:	4a3f      	ldr	r2, [pc, #252]	@ (100011b8 <best_effort_wfe_or_timeout+0x114>)
100010bc:	6a92      	ldr	r2, [r2, #40]	@ 0x28
100010be:	4282      	cmp	r2, r0
100010c0:	d208      	bcs.n	100010d4 <best_effort_wfe_or_timeout+0x30>
100010c2:	42a3      	cmp	r3, r4
100010c4:	d001      	beq.n	100010ca <best_effort_wfe_or_timeout+0x26>
100010c6:	2001      	movs	r0, #1
100010c8:	e002      	b.n	100010d0 <best_effort_wfe_or_timeout+0x2c>
100010ca:	2000      	movs	r0, #0
100010cc:	e000      	b.n	100010d0 <best_effort_wfe_or_timeout+0x2c>
100010ce:	2000      	movs	r0, #0
100010d0:	b003      	add	sp, #12
100010d2:	bdf0      	pop	{r4, r5, r6, r7, pc}
100010d4:	2001      	movs	r0, #1
100010d6:	e7fb      	b.n	100010d0 <best_effort_wfe_or_timeout+0x2c>
100010d8:	4605      	mov	r5, r0
100010da:	f7ff fe97 	bl	10000e0c <alarm_pool_get_default>
100010de:	68c3      	ldr	r3, [r0, #12]
100010e0:	461f      	mov	r7, r3
100010e2:	7806      	ldrb	r6, [r0, #0]
100010e4:	4618      	mov	r0, r3
100010e6:	f000 f895 	bl	10001214 <timer_time_us_64>
100010ea:	1a2a      	subs	r2, r5, r0
100010ec:	eb64 0101 	sbc.w	r1, r4, r1
100010f0:	1d33      	adds	r3, r6, #4
100010f2:	f857 3023 	ldr.w	r3, [r7, r3, lsl #2]
100010f6:	1a1b      	subs	r3, r3, r0
100010f8:	429a      	cmp	r2, r3
100010fa:	f171 0100 	sbcs.w	r1, r1, #0
100010fe:	db1e      	blt.n	1000113e <best_effort_wfe_or_timeout+0x9a>
10001100:	4b2d      	ldr	r3, [pc, #180]	@ (100011b8 <best_effort_wfe_or_timeout+0x114>)
10001102:	6a5b      	ldr	r3, [r3, #36]	@ 0x24
10001104:	429c      	cmp	r4, r3
10001106:	d807      	bhi.n	10001118 <best_effort_wfe_or_timeout+0x74>
10001108:	4a2b      	ldr	r2, [pc, #172]	@ (100011b8 <best_effort_wfe_or_timeout+0x114>)
1000110a:	6a92      	ldr	r2, [r2, #40]	@ 0x28
1000110c:	42aa      	cmp	r2, r5
1000110e:	d250      	bcs.n	100011b2 <best_effort_wfe_or_timeout+0x10e>
10001110:	429c      	cmp	r4, r3
10001112:	d001      	beq.n	10001118 <best_effort_wfe_or_timeout+0x74>
10001114:	2001      	movs	r0, #1
10001116:	e7db      	b.n	100010d0 <best_effort_wfe_or_timeout+0x2c>
10001118:	bf20      	wfe
1000111a:	4b27      	ldr	r3, [pc, #156]	@ (100011b8 <best_effort_wfe_or_timeout+0x114>)
1000111c:	6a5b      	ldr	r3, [r3, #36]	@ 0x24
1000111e:	429c      	cmp	r4, r3
10001120:	d809      	bhi.n	10001136 <best_effort_wfe_or_timeout+0x92>
10001122:	4a25      	ldr	r2, [pc, #148]	@ (100011b8 <best_effort_wfe_or_timeout+0x114>)
10001124:	6a92      	ldr	r2, [r2, #40]	@ 0x28
10001126:	42aa      	cmp	r2, r5
10001128:	d207      	bcs.n	1000113a <best_effort_wfe_or_timeout+0x96>
1000112a:	429c      	cmp	r4, r3
1000112c:	d001      	beq.n	10001132 <best_effort_wfe_or_timeout+0x8e>
1000112e:	2001      	movs	r0, #1
10001130:	e7ce      	b.n	100010d0 <best_effort_wfe_or_timeout+0x2c>
10001132:	2000      	movs	r0, #0
10001134:	e7cc      	b.n	100010d0 <best_effort_wfe_or_timeout+0x2c>
10001136:	2000      	movs	r0, #0
10001138:	e7ca      	b.n	100010d0 <best_effort_wfe_or_timeout+0x2c>
1000113a:	2001      	movs	r0, #1
1000113c:	e7c8      	b.n	100010d0 <best_effort_wfe_or_timeout+0x2c>
1000113e:	2300      	movs	r3, #0
10001140:	9300      	str	r3, [sp, #0]
10001142:	4a1e      	ldr	r2, [pc, #120]	@ (100011bc <best_effort_wfe_or_timeout+0x118>)
10001144:	4628      	mov	r0, r5
10001146:	4621      	mov	r1, r4
10001148:	f7ff fef0 	bl	10000f2c <add_alarm_at>
1000114c:	2800      	cmp	r0, #0
1000114e:	dd18      	ble.n	10001182 <best_effort_wfe_or_timeout+0xde>
10001150:	4b19      	ldr	r3, [pc, #100]	@ (100011b8 <best_effort_wfe_or_timeout+0x114>)
10001152:	6a5b      	ldr	r3, [r3, #36]	@ 0x24
10001154:	429c      	cmp	r4, r3
10001156:	d805      	bhi.n	10001164 <best_effort_wfe_or_timeout+0xc0>
10001158:	4a17      	ldr	r2, [pc, #92]	@ (100011b8 <best_effort_wfe_or_timeout+0x114>)
1000115a:	6a92      	ldr	r2, [r2, #40]	@ 0x28
1000115c:	42aa      	cmp	r2, r5
1000115e:	d202      	bcs.n	10001166 <best_effort_wfe_or_timeout+0xc2>
10001160:	429c      	cmp	r4, r3
10001162:	d100      	bne.n	10001166 <best_effort_wfe_or_timeout+0xc2>
10001164:	bf20      	wfe
10001166:	f7ff ff2d 	bl	10000fc4 <cancel_alarm>
1000116a:	4b13      	ldr	r3, [pc, #76]	@ (100011b8 <best_effort_wfe_or_timeout+0x114>)
1000116c:	6a5b      	ldr	r3, [r3, #36]	@ 0x24
1000116e:	429c      	cmp	r4, r3
10001170:	d81b      	bhi.n	100011aa <best_effort_wfe_or_timeout+0x106>
10001172:	4a11      	ldr	r2, [pc, #68]	@ (100011b8 <best_effort_wfe_or_timeout+0x114>)
10001174:	6a92      	ldr	r2, [r2, #40]	@ 0x28
10001176:	42aa      	cmp	r2, r5
10001178:	d219      	bcs.n	100011ae <best_effort_wfe_or_timeout+0x10a>
1000117a:	429c      	cmp	r4, r3
1000117c:	d013      	beq.n	100011a6 <best_effort_wfe_or_timeout+0x102>
1000117e:	2001      	movs	r0, #1
10001180:	e7a6      	b.n	100010d0 <best_effort_wfe_or_timeout+0x2c>
10001182:	4b0d      	ldr	r3, [pc, #52]	@ (100011b8 <best_effort_wfe_or_timeout+0x114>)
10001184:	6a5b      	ldr	r3, [r3, #36]	@ 0x24
10001186:	429c      	cmp	r4, r3
10001188:	d809      	bhi.n	1000119e <best_effort_wfe_or_timeout+0xfa>
1000118a:	4a0b      	ldr	r2, [pc, #44]	@ (100011b8 <best_effort_wfe_or_timeout+0x114>)
1000118c:	6a92      	ldr	r2, [r2, #40]	@ 0x28
1000118e:	42aa      	cmp	r2, r5
10001190:	d207      	bcs.n	100011a2 <best_effort_wfe_or_timeout+0xfe>
10001192:	429c      	cmp	r4, r3
10001194:	d001      	beq.n	1000119a <best_effort_wfe_or_timeout+0xf6>
10001196:	2001      	movs	r0, #1
10001198:	e79a      	b.n	100010d0 <best_effort_wfe_or_timeout+0x2c>
1000119a:	2000      	movs	r0, #0
1000119c:	e798      	b.n	100010d0 <best_effort_wfe_or_timeout+0x2c>
1000119e:	2000      	movs	r0, #0
100011a0:	e796      	b.n	100010d0 <best_effort_wfe_or_timeout+0x2c>
100011a2:	2001      	movs	r0, #1
100011a4:	e794      	b.n	100010d0 <best_effort_wfe_or_timeout+0x2c>
100011a6:	2000      	movs	r0, #0
100011a8:	e792      	b.n	100010d0 <best_effort_wfe_or_timeout+0x2c>
100011aa:	2000      	movs	r0, #0
100011ac:	e790      	b.n	100010d0 <best_effort_wfe_or_timeout+0x2c>
100011ae:	2001      	movs	r0, #1
100011b0:	e78e      	b.n	100010d0 <best_effort_wfe_or_timeout+0x2c>
100011b2:	2001      	movs	r0, #1
100011b4:	e78c      	b.n	100010d0 <best_effort_wfe_or_timeout+0x2c>
100011b6:	bf00      	nop
100011b8:	400b0000 	.word	0x400b0000
100011bc:	10000a45 	.word	0x10000a45

100011c0 <alarm_pool_get_default_timer>:
100011c0:	4800      	ldr	r0, [pc, #0]	@ (100011c4 <alarm_pool_get_default_timer+0x4>)
100011c2:	4770      	bx	lr
100011c4:	400b0000 	.word	0x400b0000

100011c8 <runtime_init_default_alarm_pool>:
100011c8:	4b08      	ldr	r3, [pc, #32]	@ (100011ec <runtime_init_default_alarm_pool+0x24>)
100011ca:	691b      	ldr	r3, [r3, #16]
100011cc:	b103      	cbz	r3, 100011d0 <runtime_init_default_alarm_pool+0x8>
100011ce:	4770      	bx	lr
100011d0:	b510      	push	{r4, lr}
100011d2:	f7ff fff5 	bl	100011c0 <alarm_pool_get_default_timer>
100011d6:	4604      	mov	r4, r0
100011d8:	2103      	movs	r1, #3
100011da:	f000 f809 	bl	100011f0 <timer_hardware_alarm_claim>
100011de:	2310      	movs	r3, #16
100011e0:	2203      	movs	r2, #3
100011e2:	4621      	mov	r1, r4
100011e4:	4801      	ldr	r0, [pc, #4]	@ (100011ec <runtime_init_default_alarm_pool+0x24>)
100011e6:	f7ff fdd3 	bl	10000d90 <alarm_pool_post_alloc_init>
100011ea:	bd10      	pop	{r4, pc}
100011ec:	20000eb4 	.word	0x20000eb4

100011f0 <timer_hardware_alarm_claim>:
100011f0:	b508      	push	{r3, lr}
100011f2:	4a05      	ldr	r2, [pc, #20]	@ (10001208 <timer_hardware_alarm_claim+0x18>)
100011f4:	f8df c018 	ldr.w	ip, [pc, #24]	@ 10001210 <timer_hardware_alarm_claim+0x20>
100011f8:	4b04      	ldr	r3, [pc, #16]	@ (1000120c <timer_hardware_alarm_claim+0x1c>)
100011fa:	4560      	cmp	r0, ip
100011fc:	bf14      	ite	ne
100011fe:	4618      	movne	r0, r3
10001200:	1c58      	addeq	r0, r3, #1
10001202:	f7ff f899 	bl	10000338 <hw_claim_or_assert>
10001206:	bd08      	pop	{r3, pc}
10001208:	10005fe8 	.word	0x10005fe8
1000120c:	20001390 	.word	0x20001390
10001210:	400b8000 	.word	0x400b8000

10001214 <timer_time_us_64>:
10001214:	4602      	mov	r2, r0
10001216:	6a43      	ldr	r3, [r0, #36]	@ 0x24
10001218:	6a90      	ldr	r0, [r2, #40]	@ 0x28
1000121a:	4619      	mov	r1, r3
1000121c:	6a53      	ldr	r3, [r2, #36]	@ 0x24
1000121e:	4299      	cmp	r1, r3
10001220:	d1fa      	bne.n	10001218 <timer_time_us_64+0x4>
10001222:	4770      	bx	lr

10001224 <timer_busy_wait_until>:
10001224:	6a41      	ldr	r1, [r0, #36]	@ 0x24
10001226:	e000      	b.n	1000122a <timer_busy_wait_until+0x6>
10001228:	6a41      	ldr	r1, [r0, #36]	@ 0x24
1000122a:	4299      	cmp	r1, r3
1000122c:	d3fc      	bcc.n	10001228 <timer_busy_wait_until+0x4>
1000122e:	e000      	b.n	10001232 <timer_busy_wait_until+0xe>
10001230:	6a41      	ldr	r1, [r0, #36]	@ 0x24
10001232:	4299      	cmp	r1, r3
10001234:	d102      	bne.n	1000123c <timer_busy_wait_until+0x18>
10001236:	6a81      	ldr	r1, [r0, #40]	@ 0x28
10001238:	4291      	cmp	r1, r2
1000123a:	d3f9      	bcc.n	10001230 <timer_busy_wait_until+0xc>
1000123c:	4770      	bx	lr
	...

10001240 <time_us_64>:
10001240:	b508      	push	{r3, lr}
10001242:	4802      	ldr	r0, [pc, #8]	@ (1000124c <time_us_64+0xc>)
10001244:	f7ff ffe6 	bl	10001214 <timer_time_us_64>
10001248:	bd08      	pop	{r3, pc}
1000124a:	bf00      	nop
1000124c:	400b0000 	.word	0x400b0000

10001250 <busy_wait_until>:
10001250:	b508      	push	{r3, lr}
10001252:	4602      	mov	r2, r0
10001254:	460b      	mov	r3, r1
10001256:	4802      	ldr	r0, [pc, #8]	@ (10001260 <busy_wait_until+0x10>)
10001258:	f7ff ffe4 	bl	10001224 <timer_busy_wait_until>
1000125c:	bd08      	pop	{r3, pc}
1000125e:	bf00      	nop
10001260:	400b0000 	.word	0x400b0000

10001264 <clock_configure_internal>:
10001264:	b570      	push	{r4, r5, r6, lr}
10001266:	4615      	mov	r5, r2
10001268:	461e      	mov	r6, r3
1000126a:	eb00 0c40 	add.w	ip, r0, r0, lsl #1
1000126e:	ea4f 0c8c 	mov.w	ip, ip, lsl #2
10001272:	f10c 4c80 	add.w	ip, ip, #1073741824	@ 0x40000000
10001276:	f50c 3c80 	add.w	ip, ip, #65536	@ 0x10000
1000127a:	f8dc 3004 	ldr.w	r3, [ip, #4]
1000127e:	9a04      	ldr	r2, [sp, #16]
10001280:	4293      	cmp	r3, r2
10001282:	d201      	bcs.n	10001288 <clock_configure_internal+0x24>
10001284:	f8cc 2004 	str.w	r2, [ip, #4]
10001288:	1f04      	subs	r4, r0, #4
1000128a:	b2e4      	uxtb	r4, r4
1000128c:	2c01      	cmp	r4, #1
1000128e:	d92a      	bls.n	100012e6 <clock_configure_internal+0x82>
10001290:	f50c 5340 	add.w	r3, ip, #12288	@ 0x3000
10001294:	f44f 6200 	mov.w	r2, #2048	@ 0x800
10001298:	601a      	str	r2, [r3, #0]
1000129a:	4b20      	ldr	r3, [pc, #128]	@ (1000131c <clock_configure_internal+0xb8>)
1000129c:	f853 2020 	ldr.w	r2, [r3, r0, lsl #2]
100012a0:	b14a      	cbz	r2, 100012b6 <clock_configure_internal+0x52>
100012a2:	695b      	ldr	r3, [r3, #20]
100012a4:	fbb3 fef2 	udiv	lr, r3, r2
100012a8:	f10e 0e01 	add.w	lr, lr, #1
100012ac:	eb0e 0e4e 	add.w	lr, lr, lr, lsl #1
100012b0:	f1be 0e03 	subs.w	lr, lr, #3
100012b4:	d2fc      	bcs.n	100012b0 <clock_configure_internal+0x4c>
100012b6:	f8dc 2000 	ldr.w	r2, [ip]
100012ba:	ea82 1245 	eor.w	r2, r2, r5, lsl #5
100012be:	f002 02e0 	and.w	r2, r2, #224	@ 0xe0
100012c2:	f50c 5e80 	add.w	lr, ip, #4096	@ 0x1000
100012c6:	f8ce 2000 	str.w	r2, [lr]
100012ca:	2c01      	cmp	r4, #1
100012cc:	d917      	bls.n	100012fe <clock_configure_internal+0x9a>
100012ce:	f50c 5300 	add.w	r3, ip, #8192	@ 0x2000
100012d2:	f44f 6200 	mov.w	r2, #2048	@ 0x800
100012d6:	601a      	str	r2, [r3, #0]
100012d8:	9b04      	ldr	r3, [sp, #16]
100012da:	f8cc 3004 	str.w	r3, [ip, #4]
100012de:	4b0f      	ldr	r3, [pc, #60]	@ (1000131c <clock_configure_internal+0xb8>)
100012e0:	f843 6020 	str.w	r6, [r3, r0, lsl #2]
100012e4:	bd70      	pop	{r4, r5, r6, pc}
100012e6:	2901      	cmp	r1, #1
100012e8:	d1d2      	bne.n	10001290 <clock_configure_internal+0x2c>
100012ea:	f50c 5340 	add.w	r3, ip, #12288	@ 0x3000
100012ee:	2203      	movs	r2, #3
100012f0:	601a      	str	r2, [r3, #0]
100012f2:	f8dc 3008 	ldr.w	r3, [ip, #8]
100012f6:	f013 0f01 	tst.w	r3, #1
100012fa:	d0fa      	beq.n	100012f2 <clock_configure_internal+0x8e>
100012fc:	e7db      	b.n	100012b6 <clock_configure_internal+0x52>
100012fe:	f8dc 3000 	ldr.w	r3, [ip]
10001302:	404b      	eors	r3, r1
10001304:	f003 0303 	and.w	r3, r3, #3
10001308:	f8ce 3000 	str.w	r3, [lr]
1000130c:	f8dc 3008 	ldr.w	r3, [ip, #8]
10001310:	2201      	movs	r2, #1
10001312:	408a      	lsls	r2, r1
10001314:	4213      	tst	r3, r2
10001316:	d0f9      	beq.n	1000130c <clock_configure_internal+0xa8>
10001318:	e7d9      	b.n	100012ce <clock_configure_internal+0x6a>
1000131a:	bf00      	nop
1000131c:	20001394 	.word	0x20001394

10001320 <clock_configure_undivided>:
10001320:	b500      	push	{lr}
10001322:	b083      	sub	sp, #12
10001324:	f44f 3c80 	mov.w	ip, #65536	@ 0x10000
10001328:	f8cd c000 	str.w	ip, [sp]
1000132c:	f7ff ff9a 	bl	10001264 <clock_configure_internal>
10001330:	b003      	add	sp, #12
10001332:	bd00      	pop	{pc}

10001334 <clock_get_hz>:
10001334:	4b01      	ldr	r3, [pc, #4]	@ (1000133c <clock_get_hz+0x8>)
10001336:	f853 0020 	ldr.w	r0, [r3, r0, lsl #2]
1000133a:	4770      	bx	lr
1000133c:	20001394 	.word	0x20001394

10001340 <pll_init>:
10001340:	b538      	push	{r3, r4, r5, lr}
10001342:	468e      	mov	lr, r1
10001344:	4694      	mov	ip, r2
10001346:	9a04      	ldr	r2, [sp, #16]
10001348:	4933      	ldr	r1, [pc, #204]	@ (10001418 <pll_init+0xd8>)
1000134a:	fbb1 f1fe 	udiv	r1, r1, lr
1000134e:	4c33      	ldr	r4, [pc, #204]	@ (1000141c <pll_init+0xdc>)
10001350:	4464      	add	r4, ip
10001352:	4d33      	ldr	r5, [pc, #204]	@ (10001420 <pll_init+0xe0>)
10001354:	42ac      	cmp	r4, r5
10001356:	d834      	bhi.n	100013c2 <pll_init+0x82>
10001358:	fbbc f4f1 	udiv	r4, ip, r1
1000135c:	f1a4 0510 	sub.w	r5, r4, #16
10001360:	f5b5 7f98 	cmp.w	r5, #304	@ 0x130
10001364:	d833      	bhi.n	100013ce <pll_init+0x8e>
10001366:	1e5d      	subs	r5, r3, #1
10001368:	2d06      	cmp	r5, #6
1000136a:	d836      	bhi.n	100013da <pll_init+0x9a>
1000136c:	1e55      	subs	r5, r2, #1
1000136e:	2d06      	cmp	r5, #6
10001370:	d833      	bhi.n	100013da <pll_init+0x9a>
10001372:	ebb1 1f1c 	cmp.w	r1, ip, lsr #4
10001376:	d836      	bhi.n	100013e6 <pll_init+0xa6>
10001378:	0312      	lsls	r2, r2, #12
1000137a:	ea42 4103 	orr.w	r1, r2, r3, lsl #16
1000137e:	6803      	ldr	r3, [r0, #0]
10001380:	2b00      	cmp	r3, #0
10001382:	db36      	blt.n	100013f2 <pll_init+0xb2>
10001384:	4b27      	ldr	r3, [pc, #156]	@ (10001424 <pll_init+0xe4>)
10001386:	4298      	cmp	r0, r3
10001388:	d043      	beq.n	10001412 <pll_init+0xd2>
1000138a:	230e      	movs	r3, #14
1000138c:	2201      	movs	r2, #1
1000138e:	409a      	lsls	r2, r3
10001390:	4b25      	ldr	r3, [pc, #148]	@ (10001428 <pll_init+0xe8>)
10001392:	601a      	str	r2, [r3, #0]
10001394:	f503 5380 	add.w	r3, r3, #4096	@ 0x1000
10001398:	601a      	str	r2, [r3, #0]
1000139a:	4b24      	ldr	r3, [pc, #144]	@ (1000142c <pll_init+0xec>)
1000139c:	689b      	ldr	r3, [r3, #8]
1000139e:	ea32 0303 	bics.w	r3, r2, r3
100013a2:	d1fa      	bne.n	1000139a <pll_init+0x5a>
100013a4:	f8c0 e000 	str.w	lr, [r0]
100013a8:	6084      	str	r4, [r0, #8]
100013aa:	f500 5240 	add.w	r2, r0, #12288	@ 0x3000
100013ae:	3204      	adds	r2, #4
100013b0:	2321      	movs	r3, #33	@ 0x21
100013b2:	6013      	str	r3, [r2, #0]
100013b4:	6803      	ldr	r3, [r0, #0]
100013b6:	2b00      	cmp	r3, #0
100013b8:	dafc      	bge.n	100013b4 <pll_init+0x74>
100013ba:	60c1      	str	r1, [r0, #12]
100013bc:	2308      	movs	r3, #8
100013be:	6013      	str	r3, [r2, #0]
100013c0:	bd38      	pop	{r3, r4, r5, pc}
100013c2:	4b1b      	ldr	r3, [pc, #108]	@ (10001430 <pll_init+0xf0>)
100013c4:	4a1b      	ldr	r2, [pc, #108]	@ (10001434 <pll_init+0xf4>)
100013c6:	2111      	movs	r1, #17
100013c8:	481b      	ldr	r0, [pc, #108]	@ (10001438 <pll_init+0xf8>)
100013ca:	f001 fc73 	bl	10002cb4 <__assert_func>
100013ce:	4b1b      	ldr	r3, [pc, #108]	@ (1000143c <pll_init+0xfc>)
100013d0:	4a18      	ldr	r2, [pc, #96]	@ (10001434 <pll_init+0xf4>)
100013d2:	2119      	movs	r1, #25
100013d4:	4818      	ldr	r0, [pc, #96]	@ (10001438 <pll_init+0xf8>)
100013d6:	f001 fc6d 	bl	10002cb4 <__assert_func>
100013da:	4b19      	ldr	r3, [pc, #100]	@ (10001440 <pll_init+0x100>)
100013dc:	4a15      	ldr	r2, [pc, #84]	@ (10001434 <pll_init+0xf4>)
100013de:	211c      	movs	r1, #28
100013e0:	4815      	ldr	r0, [pc, #84]	@ (10001438 <pll_init+0xf8>)
100013e2:	f001 fc67 	bl	10002cb4 <__assert_func>
100013e6:	4b17      	ldr	r3, [pc, #92]	@ (10001444 <pll_init+0x104>)
100013e8:	4a12      	ldr	r2, [pc, #72]	@ (10001434 <pll_init+0xf4>)
100013ea:	2123      	movs	r1, #35	@ 0x23
100013ec:	4812      	ldr	r0, [pc, #72]	@ (10001438 <pll_init+0xf8>)
100013ee:	f001 fc61 	bl	10002cb4 <__assert_func>
100013f2:	6803      	ldr	r3, [r0, #0]
100013f4:	f003 033f 	and.w	r3, r3, #63	@ 0x3f
100013f8:	4573      	cmp	r3, lr
100013fa:	d1c3      	bne.n	10001384 <pll_init+0x44>
100013fc:	6883      	ldr	r3, [r0, #8]
100013fe:	f3c3 030b 	ubfx	r3, r3, #0, #12
10001402:	42a3      	cmp	r3, r4
10001404:	d1be      	bne.n	10001384 <pll_init+0x44>
10001406:	68c3      	ldr	r3, [r0, #12]
10001408:	f403 23ee 	and.w	r3, r3, #487424	@ 0x77000
1000140c:	428b      	cmp	r3, r1
1000140e:	d1b9      	bne.n	10001384 <pll_init+0x44>
10001410:	e7d6      	b.n	100013c0 <pll_init+0x80>
10001412:	230f      	movs	r3, #15
10001414:	e7ba      	b.n	1000138c <pll_init+0x4c>
10001416:	bf00      	nop
10001418:	00b71b00 	.word	0x00b71b00
1000141c:	d34be880 	.word	0xd34be880
10001420:	32a9f880 	.word	0x32a9f880
10001424:	40058000 	.word	0x40058000
10001428:	40022000 	.word	0x40022000
1000142c:	40020000 	.word	0x40020000
10001430:	1000600c 	.word	0x1000600c
10001434:	10006578 	.word	0x10006578
10001438:	1000605c 	.word	0x1000605c
1000143c:	100060a0 	.word	0x100060a0
10001440:	100060bc 	.word	0x100060bc
10001444:	10006108 	.word	0x10006108

10001448 <watchdog_update>:
10001448:	4b02      	ldr	r3, [pc, #8]	@ (10001454 <watchdog_update+0xc>)
1000144a:	681a      	ldr	r2, [r3, #0]
1000144c:	4b02      	ldr	r3, [pc, #8]	@ (10001458 <watchdog_update+0x10>)
1000144e:	605a      	str	r2, [r3, #4]
10001450:	4770      	bx	lr
10001452:	bf00      	nop
10001454:	200017f0 	.word	0x200017f0
10001458:	400d8000 	.word	0x400d8000

1000145c <_watchdog_enable>:
1000145c:	b508      	push	{r3, lr}
1000145e:	4b16      	ldr	r3, [pc, #88]	@ (100014b8 <_watchdog_enable+0x5c>)
10001460:	f04f 4280 	mov.w	r2, #1073741824	@ 0x40000000
10001464:	601a      	str	r2, [r3, #0]
10001466:	f5a3 2341 	sub.w	r3, r3, #790528	@ 0xc1000
1000146a:	4a14      	ldr	r2, [pc, #80]	@ (100014bc <_watchdog_enable+0x60>)
1000146c:	609a      	str	r2, [r3, #8]
1000146e:	b151      	cbz	r1, 10001486 <_watchdog_enable+0x2a>
10001470:	f503 2340 	add.w	r3, r3, #786432	@ 0xc0000
10001474:	f04f 62e0 	mov.w	r2, #117440512	@ 0x7000000
10001478:	601a      	str	r2, [r3, #0]
1000147a:	b948      	cbnz	r0, 10001490 <_watchdog_enable+0x34>
1000147c:	4b10      	ldr	r3, [pc, #64]	@ (100014c0 <_watchdog_enable+0x64>)
1000147e:	f04f 4200 	mov.w	r2, #2147483648	@ 0x80000000
10001482:	601a      	str	r2, [r3, #0]
10001484:	bd08      	pop	{r3, pc}
10001486:	4b0c      	ldr	r3, [pc, #48]	@ (100014b8 <_watchdog_enable+0x5c>)
10001488:	f04f 62e0 	mov.w	r2, #117440512	@ 0x7000000
1000148c:	601a      	str	r2, [r3, #0]
1000148e:	e7f4      	b.n	1000147a <_watchdog_enable+0x1e>
10001490:	f44f 737a 	mov.w	r3, #1000	@ 0x3e8
10001494:	fb03 f000 	mul.w	r0, r3, r0
10001498:	4b0a      	ldr	r3, [pc, #40]	@ (100014c4 <_watchdog_enable+0x68>)
1000149a:	6018      	str	r0, [r3, #0]
1000149c:	f1b0 7f80 	cmp.w	r0, #16777216	@ 0x1000000
100014a0:	d302      	bcc.n	100014a8 <_watchdog_enable+0x4c>
100014a2:	f06f 427f 	mvn.w	r2, #4278190080	@ 0xff000000
100014a6:	601a      	str	r2, [r3, #0]
100014a8:	f7ff ffce 	bl	10001448 <watchdog_update>
100014ac:	4b04      	ldr	r3, [pc, #16]	@ (100014c0 <_watchdog_enable+0x64>)
100014ae:	f04f 4280 	mov.w	r2, #1073741824	@ 0x40000000
100014b2:	601a      	str	r2, [r3, #0]
100014b4:	e7e6      	b.n	10001484 <_watchdog_enable+0x28>
100014b6:	bf00      	nop
100014b8:	400db000 	.word	0x400db000
100014bc:	01fffff3 	.word	0x01fffff3
100014c0:	400da000 	.word	0x400da000
100014c4:	200017f0 	.word	0x200017f0

100014c8 <watchdog_reboot>:
100014c8:	b508      	push	{r3, lr}
100014ca:	4b0e      	ldr	r3, [pc, #56]	@ (10001504 <watchdog_reboot+0x3c>)
100014cc:	f04f 4c80 	mov.w	ip, #1073741824	@ 0x40000000
100014d0:	f8c3 c000 	str.w	ip, [r3]
100014d4:	b198      	cbz	r0, 100014fe <watchdog_reboot+0x36>
100014d6:	f040 0301 	orr.w	r3, r0, #1
100014da:	480b      	ldr	r0, [pc, #44]	@ (10001508 <watchdog_reboot+0x40>)
100014dc:	f8df c02c 	ldr.w	ip, [pc, #44]	@ 1000150c <watchdog_reboot+0x44>
100014e0:	f8c0 c01c 	str.w	ip, [r0, #28]
100014e4:	f8df c028 	ldr.w	ip, [pc, #40]	@ 10001510 <watchdog_reboot+0x48>
100014e8:	ea83 0c0c 	eor.w	ip, r3, ip
100014ec:	f8c0 c020 	str.w	ip, [r0, #32]
100014f0:	6241      	str	r1, [r0, #36]	@ 0x24
100014f2:	6283      	str	r3, [r0, #40]	@ 0x28
100014f4:	2100      	movs	r1, #0
100014f6:	4610      	mov	r0, r2
100014f8:	f7ff ffb0 	bl	1000145c <_watchdog_enable>
100014fc:	bd08      	pop	{r3, pc}
100014fe:	4b02      	ldr	r3, [pc, #8]	@ (10001508 <watchdog_reboot+0x40>)
10001500:	61d8      	str	r0, [r3, #28]
10001502:	e7f7      	b.n	100014f4 <watchdog_reboot+0x2c>
10001504:	400db000 	.word	0x400db000
10001508:	400d8000 	.word	0x400d8000
1000150c:	b007c0d3 	.word	0xb007c0d3
10001510:	4ff83f2d 	.word	0x4ff83f2d

10001514 <tick_start>:
10001514:	4a05      	ldr	r2, [pc, #20]	@ (1000152c <tick_start+0x18>)
10001516:	eb00 0340 	add.w	r3, r0, r0, lsl #1
1000151a:	eb02 0383 	add.w	r3, r2, r3, lsl #2
1000151e:	6059      	str	r1, [r3, #4]
10001520:	eb00 0040 	add.w	r0, r0, r0, lsl #1
10001524:	0080      	lsls	r0, r0, #2
10001526:	2301      	movs	r3, #1
10001528:	5013      	str	r3, [r2, r0]
1000152a:	4770      	bx	lr
1000152c:	40108000 	.word	0x40108000

10001530 <rom_reboot>:
10001530:	e92d 41f0 	stmdb	sp!, {r4, r5, r6, r7, r8, lr}
10001534:	4606      	mov	r6, r0
10001536:	4617      	mov	r7, r2
10001538:	4698      	mov	r8, r3
1000153a:	460c      	mov	r4, r1
1000153c:	b909      	cbnz	r1, 10001542 <rom_reboot+0x12>
1000153e:	2301      	movs	r3, #1
10001540:	461c      	mov	r4, r3
10001542:	2300      	movs	r3, #0
10001544:	8adb      	ldrh	r3, [r3, #22]
10001546:	2200      	movs	r2, #0
10001548:	e842 f200 	tt	r2, r2
1000154c:	f412 0f80 	tst.w	r2, #4194304	@ 0x400000
10001550:	d10b      	bne.n	1000156a <rom_reboot+0x3a>
10001552:	2110      	movs	r1, #16
10001554:	f244 2052 	movw	r0, #16978	@ 0x4252
10001558:	4798      	blx	r3
1000155a:	4605      	mov	r5, r0
1000155c:	4643      	mov	r3, r8
1000155e:	463a      	mov	r2, r7
10001560:	4621      	mov	r1, r4
10001562:	4630      	mov	r0, r6
10001564:	47a8      	blx	r5
10001566:	e8bd 81f0 	ldmia.w	sp!, {r4, r5, r6, r7, r8, pc}
1000156a:	2104      	movs	r1, #4
1000156c:	f244 2052 	movw	r0, #16978	@ 0x4252
10001570:	4798      	blx	r3
10001572:	4605      	mov	r5, r0
10001574:	e7f2      	b.n	1000155c <rom_reboot+0x2c>

10001576 <rom_func_lookup>:
10001576:	b508      	push	{r3, lr}
10001578:	2300      	movs	r3, #0
1000157a:	8adb      	ldrh	r3, [r3, #22]
1000157c:	2200      	movs	r2, #0
1000157e:	e842 f200 	tt	r2, r2
10001582:	f412 0f80 	tst.w	r2, #4194304	@ 0x400000
10001586:	d102      	bne.n	1000158e <rom_func_lookup+0x18>
10001588:	2110      	movs	r1, #16
1000158a:	4798      	blx	r3
1000158c:	bd08      	pop	{r3, pc}
1000158e:	2104      	movs	r1, #4
10001590:	4798      	blx	r3
10001592:	e7fb      	b.n	1000158c <rom_func_lookup+0x16>

10001594 <rom_reset_usb_boot_extra>:
10001594:	b508      	push	{r3, lr}
10001596:	1e03      	subs	r3, r0, #0
10001598:	db0f      	blt.n	100015ba <rom_reset_usb_boot_extra+0x26>
1000159a:	f041 0020 	orr.w	r0, r1, #32
1000159e:	b182      	cbz	r2, 100015c2 <rom_reset_usb_boot_extra+0x2e>
100015a0:	f041 0130 	orr.w	r1, r1, #48	@ 0x30
100015a4:	2200      	movs	r2, #0
100015a6:	7cd2      	ldrb	r2, [r2, #19]
100015a8:	2a02      	cmp	r2, #2
100015aa:	d00c      	beq.n	100015c6 <rom_reset_usb_boot_extra+0x32>
100015ac:	460a      	mov	r2, r1
100015ae:	210a      	movs	r1, #10
100015b0:	f44f 7081 	mov.w	r0, #258	@ 0x102
100015b4:	f7ff ffbc 	bl	10001530 <rom_reboot>
100015b8:	e00b      	b.n	100015d2 <rom_reset_usb_boot_extra+0x3e>
100015ba:	f011 0f20 	tst.w	r1, #32
100015be:	d0f5      	beq.n	100015ac <rom_reset_usb_boot_extra+0x18>
100015c0:	e7f0      	b.n	100015a4 <rom_reset_usb_boot_extra+0x10>
100015c2:	4601      	mov	r1, r0
100015c4:	e7ee      	b.n	100015a4 <rom_reset_usb_boot_extra+0x10>
100015c6:	460a      	mov	r2, r1
100015c8:	210a      	movs	r1, #10
100015ca:	f44f 7091 	mov.w	r0, #290	@ 0x122
100015ce:	f7ff ffaf 	bl	10001530 <rom_reboot>
	...

100015d4 <runtime_init_bootrom_locking_enable>:
100015d4:	4b03      	ldr	r3, [pc, #12]	@ (100015e4 <runtime_init_bootrom_locking_enable+0x10>)
100015d6:	f8d3 3828 	ldr.w	r3, [r3, #2088]	@ 0x828
100015da:	2b00      	cmp	r3, #0
100015dc:	d0fa      	beq.n	100015d4 <runtime_init_bootrom_locking_enable>
100015de:	f3bf 8f5f 	dmb	sy
100015e2:	4770      	bx	lr
100015e4:	400e0000 	.word	0x400e0000

100015e8 <boot_locks_reset>:
100015e8:	2200      	movs	r2, #0
100015ea:	e007      	b.n	100015fc <boot_locks_reset+0x14>
100015ec:	4b05      	ldr	r3, [pc, #20]	@ (10001604 <boot_locks_reset+0x1c>)
100015ee:	4413      	add	r3, r2
100015f0:	009b      	lsls	r3, r3, #2
100015f2:	f3bf 8f5f 	dmb	sy
100015f6:	2100      	movs	r1, #0
100015f8:	6019      	str	r1, [r3, #0]
100015fa:	3201      	adds	r2, #1
100015fc:	2a07      	cmp	r2, #7
100015fe:	d9f5      	bls.n	100015ec <boot_locks_reset+0x4>
10001600:	4770      	bx	lr
10001602:	bf00      	nop
10001604:	10038203 	.word	0x10038203

10001608 <runtime_init_boot_locks_reset>:
10001608:	b508      	push	{r3, lr}
1000160a:	f7ff ffed 	bl	100015e8 <boot_locks_reset>
1000160e:	bd08      	pop	{r3, pc}

10001610 <xosc_init>:
10001610:	4b07      	ldr	r3, [pc, #28]	@ (10001630 <xosc_init+0x20>)
10001612:	f44f 622a 	mov.w	r2, #2720	@ 0xaa0
10001616:	601a      	str	r2, [r3, #0]
10001618:	f44f 728d 	mov.w	r2, #282	@ 0x11a
1000161c:	60da      	str	r2, [r3, #12]
1000161e:	f503 5300 	add.w	r3, r3, #8192	@ 0x2000
10001622:	4a04      	ldr	r2, [pc, #16]	@ (10001634 <xosc_init+0x24>)
10001624:	601a      	str	r2, [r3, #0]
10001626:	4b02      	ldr	r3, [pc, #8]	@ (10001630 <xosc_init+0x20>)
10001628:	685b      	ldr	r3, [r3, #4]
1000162a:	2b00      	cmp	r3, #0
1000162c:	dafb      	bge.n	10001626 <xosc_init+0x16>
1000162e:	4770      	bx	lr
10001630:	40048000 	.word	0x40048000
10001634:	00fab000 	.word	0x00fab000

10001638 <runtime_run_initializers_from>:
10001638:	b510      	push	{r4, lr}
1000163a:	4604      	mov	r4, r0
1000163c:	e002      	b.n	10001644 <runtime_run_initializers_from+0xc>
1000163e:	f854 3b04 	ldr.w	r3, [r4], #4
10001642:	4798      	blx	r3
10001644:	4b01      	ldr	r3, [pc, #4]	@ (1000164c <runtime_run_initializers_from+0x14>)
10001646:	429c      	cmp	r4, r3
10001648:	d3f9      	bcc.n	1000163e <runtime_run_initializers_from+0x6>
1000164a:	bd10      	pop	{r4, pc}
1000164c:	10005ba8 	.word	0x10005ba8

10001650 <first_per_core_initializer>:
10001650:	4770      	bx	lr
	...

10001654 <runtime_run_initializers>:
10001654:	b508      	push	{r3, lr}
10001656:	4802      	ldr	r0, [pc, #8]	@ (10001660 <runtime_run_initializers+0xc>)
10001658:	f7ff ffee 	bl	10001638 <runtime_run_initializers_from>
1000165c:	bd08      	pop	{r3, pc}
1000165e:	bf00      	nop
10001660:	10005b68 	.word	0x10005b68

10001664 <runtime_init_early_resets>:
10001664:	4b06      	ldr	r3, [pc, #24]	@ (10001680 <runtime_init_early_resets+0x1c>)
10001666:	4a07      	ldr	r2, [pc, #28]	@ (10001684 <runtime_init_early_resets+0x20>)
10001668:	601a      	str	r2, [r3, #0]
1000166a:	f503 5380 	add.w	r3, r3, #4096	@ 0x1000
1000166e:	4a06      	ldr	r2, [pc, #24]	@ (10001688 <runtime_init_early_resets+0x24>)
10001670:	601a      	str	r2, [r3, #0]
10001672:	4b06      	ldr	r3, [pc, #24]	@ (1000168c <runtime_init_early_resets+0x28>)
10001674:	689a      	ldr	r2, [r3, #8]
10001676:	4b04      	ldr	r3, [pc, #16]	@ (10001688 <runtime_init_early_resets+0x24>)
10001678:	4393      	bics	r3, r2
1000167a:	d1fa      	bne.n	10001672 <runtime_init_early_resets+0xe>
1000167c:	4770      	bx	lr
1000167e:	bf00      	nop
10001680:	40022000 	.word	0x40022000
10001684:	efef3b7f 	.word	0xefef3b7f
10001688:	03f3fff6 	.word	0x03f3fff6
1000168c:	40020000 	.word	0x40020000

10001690 <runtime_init_usb_power_down>:
10001690:	4b05      	ldr	r3, [pc, #20]	@ (100016a8 <runtime_init_usb_power_down+0x18>)
10001692:	6cdb      	ldr	r3, [r3, #76]	@ 0x4c
10001694:	f5b3 4f00 	cmp.w	r3, #32768	@ 0x8000
10001698:	d000      	beq.n	1000169c <runtime_init_usb_power_down+0xc>
1000169a:	4770      	bx	lr
1000169c:	4b03      	ldr	r3, [pc, #12]	@ (100016ac <runtime_init_usb_power_down+0x1c>)
1000169e:	f44f 2280 	mov.w	r2, #262144	@ 0x40000
100016a2:	64da      	str	r2, [r3, #76]	@ 0x4c
100016a4:	e7f9      	b.n	1000169a <runtime_init_usb_power_down+0xa>
100016a6:	bf00      	nop
100016a8:	50110000 	.word	0x50110000
100016ac:	50112000 	.word	0x50112000

100016b0 <runtime_init_per_core_enable_coprocessors>:
100016b0:	f04f 22e0 	mov.w	r2, #3758153728	@ 0xe000e000
100016b4:	f8d2 1d88 	ldr.w	r1, [r2, #3464]	@ 0xd88
100016b8:	4b03      	ldr	r3, [pc, #12]	@ (100016c8 <runtime_init_per_core_enable_coprocessors+0x18>)
100016ba:	430b      	orrs	r3, r1
100016bc:	f8c2 3d88 	str.w	r3, [r2, #3464]	@ 0xd88
100016c0:	ee10 0430 			dcp_rcmp r0
100016c4:	4770      	bx	lr
100016c6:	bf00      	nop
100016c8:	00300303 	.word	0x00300303

100016cc <runtime_init_post_clock_resets>:
100016cc:	4b05      	ldr	r3, [pc, #20]	@ (100016e4 <runtime_init_post_clock_resets+0x18>)
100016ce:	f06f 4260 	mvn.w	r2, #3758096384	@ 0xe0000000
100016d2:	601a      	str	r2, [r3, #0]
100016d4:	4b04      	ldr	r3, [pc, #16]	@ (100016e8 <runtime_init_post_clock_resets+0x1c>)
100016d6:	689b      	ldr	r3, [r3, #8]
100016d8:	43db      	mvns	r3, r3
100016da:	f033 4360 	bics.w	r3, r3, #3758096384	@ 0xe0000000
100016de:	d1f9      	bne.n	100016d4 <runtime_init_post_clock_resets+0x8>
100016e0:	4770      	bx	lr
100016e2:	bf00      	nop
100016e4:	40023000 	.word	0x40023000
100016e8:	40020000 	.word	0x40020000

100016ec <runtime_init_bootrom_reset>:
100016ec:	b508      	push	{r3, lr}
100016ee:	f245 2053 	movw	r0, #21075	@ 0x5253
100016f2:	f7ff ff40 	bl	10001576 <rom_func_lookup>
100016f6:	4603      	mov	r3, r0
100016f8:	2004      	movs	r0, #4
100016fa:	4798      	blx	r3
100016fc:	bd08      	pop	{r3, pc}

100016fe <runtime_init_per_core_bootrom_reset>:
100016fe:	b508      	push	{r3, lr}
10001700:	f245 2053 	movw	r0, #21075	@ 0x5253
10001704:	f7ff ff37 	bl	10001576 <rom_func_lookup>
10001708:	4603      	mov	r3, r0
1000170a:	2001      	movs	r0, #1
1000170c:	4798      	blx	r3
1000170e:	bd08      	pop	{r3, pc}

10001710 <runtime_init_spin_locks_reset>:
10001710:	b508      	push	{r3, lr}
10001712:	f7fe fe77 	bl	10000404 <spin_locks_reset>
10001716:	bd08      	pop	{r3, pc}

10001718 <runtime_init_install_ram_vector_table>:
10001718:	b510      	push	{r4, lr}
1000171a:	490c      	ldr	r1, [pc, #48]	@ (1000174c <runtime_init_install_ram_vector_table+0x34>)
1000171c:	4c0c      	ldr	r4, [pc, #48]	@ (10001750 <runtime_init_install_ram_vector_table+0x38>)
1000171e:	1a64      	subs	r4, r4, r1
10001720:	08a4      	lsrs	r4, r4, #2
10001722:	4622      	mov	r2, r4
10001724:	2c44      	cmp	r4, #68	@ 0x44
10001726:	bf28      	it	cs
10001728:	2244      	movcs	r2, #68	@ 0x44
1000172a:	0092      	lsls	r2, r2, #2
1000172c:	4809      	ldr	r0, [pc, #36]	@ (10001754 <runtime_init_install_ram_vector_table+0x3c>)
1000172e:	f004 f94b 	bl	100059c8 <memcpy>
10001732:	e004      	b.n	1000173e <runtime_init_install_ram_vector_table+0x26>
10001734:	4a08      	ldr	r2, [pc, #32]	@ (10001758 <runtime_init_install_ram_vector_table+0x40>)
10001736:	4b07      	ldr	r3, [pc, #28]	@ (10001754 <runtime_init_install_ram_vector_table+0x3c>)
10001738:	f843 2024 	str.w	r2, [r3, r4, lsl #2]
1000173c:	3401      	adds	r4, #1
1000173e:	2c43      	cmp	r4, #67	@ 0x43
10001740:	d9f8      	bls.n	10001734 <runtime_init_install_ram_vector_table+0x1c>
10001742:	4a04      	ldr	r2, [pc, #16]	@ (10001754 <runtime_init_install_ram_vector_table+0x3c>)
10001744:	4b05      	ldr	r3, [pc, #20]	@ (1000175c <runtime_init_install_ram_vector_table+0x44>)
10001746:	609a      	str	r2, [r3, #8]
10001748:	bd10      	pop	{r4, pc}
1000174a:	bf00      	nop
1000174c:	10000000 	.word	0x10000000
10001750:	10000110 	.word	0x10000110
10001754:	20000000 	.word	0x20000000
10001758:	10000111 	.word	0x10000111
1000175c:	e000ed00 	.word	0xe000ed00

10001760 <start_all_ticks>:
10001760:	b538      	push	{r3, r4, r5, lr}
10001762:	2004      	movs	r0, #4
10001764:	f7ff fde6 	bl	10001334 <clock_get_hz>
10001768:	4b06      	ldr	r3, [pc, #24]	@ (10001784 <start_all_ticks+0x24>)
1000176a:	fba3 3500 	umull	r3, r5, r3, r0
1000176e:	0cad      	lsrs	r5, r5, #18
10001770:	2400      	movs	r4, #0
10001772:	e004      	b.n	1000177e <start_all_ticks+0x1e>
10001774:	4629      	mov	r1, r5
10001776:	b2e0      	uxtb	r0, r4
10001778:	f7ff fecc 	bl	10001514 <tick_start>
1000177c:	3401      	adds	r4, #1
1000177e:	2c05      	cmp	r4, #5
10001780:	ddf8      	ble.n	10001774 <start_all_ticks+0x14>
10001782:	bd38      	pop	{r3, r4, r5, pc}
10001784:	431bde83 	.word	0x431bde83

10001788 <runtime_init_clocks>:
10001788:	b530      	push	{r4, r5, lr}
1000178a:	b083      	sub	sp, #12
1000178c:	4b26      	ldr	r3, [pc, #152]	@ (10001828 <runtime_init_clocks+0xa0>)
1000178e:	2200      	movs	r2, #0
10001790:	f8c3 2084 	str.w	r2, [r3, #132]	@ 0x84
10001794:	f7ff ff3c 	bl	10001610 <xosc_init>
10001798:	4b24      	ldr	r3, [pc, #144]	@ (1000182c <runtime_init_clocks+0xa4>)
1000179a:	2201      	movs	r2, #1
1000179c:	63da      	str	r2, [r3, #60]	@ 0x3c
1000179e:	4b22      	ldr	r3, [pc, #136]	@ (10001828 <runtime_init_clocks+0xa0>)
100017a0:	6c5b      	ldr	r3, [r3, #68]	@ 0x44
100017a2:	2b01      	cmp	r3, #1
100017a4:	d1fb      	bne.n	1000179e <runtime_init_clocks+0x16>
100017a6:	4b21      	ldr	r3, [pc, #132]	@ (1000182c <runtime_init_clocks+0xa4>)
100017a8:	2203      	movs	r2, #3
100017aa:	631a      	str	r2, [r3, #48]	@ 0x30
100017ac:	4b1e      	ldr	r3, [pc, #120]	@ (10001828 <runtime_init_clocks+0xa0>)
100017ae:	6b9b      	ldr	r3, [r3, #56]	@ 0x38
100017b0:	2b01      	cmp	r3, #1
100017b2:	d1fb      	bne.n	100017ac <runtime_init_clocks+0x24>
100017b4:	2402      	movs	r4, #2
100017b6:	9400      	str	r4, [sp, #0]
100017b8:	2305      	movs	r3, #5
100017ba:	4a1d      	ldr	r2, [pc, #116]	@ (10001830 <runtime_init_clocks+0xa8>)
100017bc:	2101      	movs	r1, #1
100017be:	481d      	ldr	r0, [pc, #116]	@ (10001834 <runtime_init_clocks+0xac>)
100017c0:	f7ff fdbe 	bl	10001340 <pll_init>
100017c4:	2505      	movs	r5, #5
100017c6:	9500      	str	r5, [sp, #0]
100017c8:	462b      	mov	r3, r5
100017ca:	4a1b      	ldr	r2, [pc, #108]	@ (10001838 <runtime_init_clocks+0xb0>)
100017cc:	2101      	movs	r1, #1
100017ce:	481b      	ldr	r0, [pc, #108]	@ (1000183c <runtime_init_clocks+0xb4>)
100017d0:	f7ff fdb6 	bl	10001340 <pll_init>
100017d4:	4b1a      	ldr	r3, [pc, #104]	@ (10001840 <runtime_init_clocks+0xb8>)
100017d6:	2200      	movs	r2, #0
100017d8:	4621      	mov	r1, r4
100017da:	2004      	movs	r0, #4
100017dc:	f7ff fda0 	bl	10001320 <clock_configure_undivided>
100017e0:	4c18      	ldr	r4, [pc, #96]	@ (10001844 <runtime_init_clocks+0xbc>)
100017e2:	4623      	mov	r3, r4
100017e4:	2200      	movs	r2, #0
100017e6:	2101      	movs	r1, #1
100017e8:	4628      	mov	r0, r5
100017ea:	f7ff fd99 	bl	10001320 <clock_configure_undivided>
100017ee:	4d16      	ldr	r5, [pc, #88]	@ (10001848 <runtime_init_clocks+0xc0>)
100017f0:	462b      	mov	r3, r5
100017f2:	2200      	movs	r2, #0
100017f4:	4611      	mov	r1, r2
100017f6:	2008      	movs	r0, #8
100017f8:	f7ff fd92 	bl	10001320 <clock_configure_undivided>
100017fc:	462b      	mov	r3, r5
100017fe:	2200      	movs	r2, #0
10001800:	4611      	mov	r1, r2
10001802:	2009      	movs	r0, #9
10001804:	f7ff fd8c 	bl	10001320 <clock_configure_undivided>
10001808:	4623      	mov	r3, r4
1000180a:	2200      	movs	r2, #0
1000180c:	4611      	mov	r1, r2
1000180e:	2006      	movs	r0, #6
10001810:	f7ff fd86 	bl	10001320 <clock_configure_undivided>
10001814:	4623      	mov	r3, r4
10001816:	2200      	movs	r2, #0
10001818:	4611      	mov	r1, r2
1000181a:	2007      	movs	r0, #7
1000181c:	f7ff fd80 	bl	10001320 <clock_configure_undivided>
10001820:	f7ff ff9e 	bl	10001760 <start_all_ticks>
10001824:	b003      	add	sp, #12
10001826:	bd30      	pop	{r4, r5, pc}
10001828:	40010000 	.word	0x40010000
1000182c:	40013000 	.word	0x40013000
10001830:	59682f00 	.word	0x59682f00
10001834:	40050000 	.word	0x40050000
10001838:	47868c00 	.word	0x47868c00
1000183c:	40058000 	.word	0x40058000
10001840:	00b71b00 	.word	0x00b71b00
10001844:	08f0d180 	.word	0x08f0d180
10001848:	02dc6c00 	.word	0x02dc6c00

1000184c <generic_save_state>:
1000184c:	b086      	sub	sp, #24
1000184e:	b403      	push	{r0, r1}
10001850:	fc51 0408 	dcp_pxmd r0, r1
10001854:	e9cd 0102 	strd	r0, r1, [sp, #8]
10001858:	fc51 0409 	dcp_pymd r0, r1
1000185c:	e9cd 0104 	strd	r0, r1, [sp, #16]
10001860:	ec51 040a 	dcp_refd r0, r1
10001864:	e9cd 0106 	strd	r0, r1, [sp, #24]
10001868:	bc03      	pop	{r0, r1}
1000186a:	47f0      	blx	lr

1000186c <generic_restore_state>:
1000186c:	e8bd 5000 	ldmia.w	sp!, {ip, lr}
10001870:	ec4e c400 	dcp_wxmd ip, lr
10001874:	e8bd 5000 	ldmia.w	sp!, {ip, lr}
10001878:	ec4e c401 	dcp_wymd ip, lr
1000187c:	e8bd 5000 	ldmia.w	sp!, {ip, lr}
10001880:	ec4e c402 	dcp_wefd ip, lr
10001884:	bd00      	pop	{pc}
10001886:	0000      	movs	r0, r0
10001888:	b500      	push	{lr}
1000188a:	f7ff ffdf 	bl	1000184c <generic_save_state>
1000188e:	e002      	b.n	10001896 <__wrap___aeabi_dadd+0x6>

10001890 <__wrap___aeabi_dadd>:
10001890:	fe10 f430 	dcp_pcmp APSR_nzcv
10001894:	d4f8      	bmi.n	10001888 <generic_restore_state+0x1c>
10001896:	ec41 0410 	dcp_wxup r0, r1
1000189a:	ec43 2411 	dcp_wyup r2, r3
1000189e:	ee00 0401 			dcp_add0
100018a2:	ee10 0401 			dcp_add1
100018a6:	ee80 0420 			dcp_nrdd
100018aa:	ec51 0410 	dcp_rdda r0, r1
100018ae:	4770      	bx	lr
100018b0:	b500      	push	{lr}
100018b2:	f7ff ffcb 	bl	1000184c <generic_save_state>
100018b6:	e002      	b.n	100018be <__wrap___aeabi_dsub+0x6>

100018b8 <__wrap___aeabi_dsub>:
100018b8:	fe10 f430 	dcp_pcmp APSR_nzcv
100018bc:	d4f8      	bmi.n	100018b0 <__wrap___aeabi_dadd+0x20>
100018be:	ec41 0410 	dcp_wxup r0, r1
100018c2:	ec43 2411 	dcp_wyup r2, r3
100018c6:	ee00 0401 			dcp_add0
100018ca:	ee10 0421 			dcp_sub1
100018ce:	ee80 0420 			dcp_nrdd
100018d2:	ec51 0430 	dcp_rdds r0, r1
100018d6:	4770      	bx	lr
100018d8:	b500      	push	{lr}
100018da:	f7ff ffb7 	bl	1000184c <generic_save_state>
100018de:	e002      	b.n	100018e6 <__wrap___aeabi_dmul+0x6>

100018e0 <__wrap___aeabi_dmul>:
100018e0:	fe10 f430 	dcp_pcmp APSR_nzcv
100018e4:	d4f8      	bmi.n	100018d8 <__wrap___aeabi_dsub+0x20>
100018e6:	b510      	push	{r4, lr}
100018e8:	ec41 0410 	dcp_wxup r0, r1
100018ec:	ec43 2411 	dcp_wyup r2, r3
100018f0:	ec51 0404 	dcp_rxms r0, r1, #0x0
100018f4:	ec53 2405 	dcp_ryms r2, r3, #0x0
100018f8:	fba0 4c02 	umull	r4, ip, r0, r2
100018fc:	f05f 0e00 	movs.w	lr, #0
10001900:	fbe0 ce03 	umlal	ip, lr, r0, r3
10001904:	fbe1 ce02 	umlal	ip, lr, r1, r2
10001908:	ec4c 4420 	dcp_wxms r4, ip
1000190c:	2400      	movs	r4, #0
1000190e:	fbe1 e403 	umlal	lr, r4, r1, r3
10001912:	ec44 e430 	dcp_wxmo lr, r4
10001916:	ee80 0420 			dcp_nrdd
1000191a:	ec51 0450 	dcp_rddm r0, r1
1000191e:	bd10      	pop	{r4, pc}
10001920:	b500      	push	{lr}
10001922:	f7ff ff93 	bl	1000184c <generic_save_state>
10001926:	e002      	b.n	1000192e <__wrap___aeabi_ddiv+0x6>

10001928 <__wrap___aeabi_ddiv>:
10001928:	fe10 f430 	dcp_pcmp APSR_nzcv
1000192c:	d4f8      	bmi.n	10001920 <__wrap___aeabi_dmul+0x40>
1000192e:	ec41 0410 	dcp_wxup r0, r1
10001932:	ec43 2411 	dcp_wyup r2, r3
10001936:	ec51 0421 	dcp_rymr r0, r1
1000193a:	fba0 1201 	umull	r1, r2, r0, r1
1000193e:	ea6f 0282 	mvn.w	r2, r2, lsl #2
10001942:	fb52 0010 	smmlar	r0, r2, r0, r0
10001946:	fb52 f212 	smmulr	r2, r2, r2
1000194a:	fb52 0010 	smmlar	r0, r2, r0, r0
1000194e:	eba0 7cd0 	sub.w	ip, r0, r0, lsr #31
10001952:	ec53 2404 	dcp_rxms r2, r3, #0x0
10001956:	fb5c f113 	smmulr	r1, ip, r3
1000195a:	ec53 2415 	dcp_ryms r2, r3, #0x1
1000195e:	fba1 2002 	umull	r2, r0, r1, r2
10001962:	fb01 0003 	mla	r0, r1, r3, r0
10001966:	ec53 2444 	dcp_rxms r2, r3, #0x4
1000196a:	eba2 0000 	sub.w	r0, r2, r0
1000196e:	fb50 f21c 	smmulr	r2, r0, ip
10001972:	ea4f 1311 	mov.w	r3, r1, lsr #4
10001976:	eb12 7001 	adds.w	r0, r2, r1, lsl #28
1000197a:	eb43 71e2 	adc.w	r1, r3, r2, asr #31
1000197e:	ea40 5051 	orr.w	r0, r0, r1, lsr #21
10001982:	ea20 5091 	bic.w	r0, r0, r1, lsr #22
10001986:	f020 0007 	bic.w	r0, r0, #7
1000198a:	ec53 2475 	dcp_ryms r2, r3, #0x7
1000198e:	fba0 3c02 	umull	r3, ip, r0, r2
10001992:	ec53 2475 	dcp_ryms r2, r3, #0x7
10001996:	fb00 cc03 	mla	ip, r0, r3, ip
1000199a:	fb01 cc02 	mla	ip, r1, r2, ip
1000199e:	ec53 2404 	dcp_rxms r2, r3, #0x0
100019a2:	ebac 4c82 	sub.w	ip, ip, r2, lsl #18
100019a6:	ea40 705c 	orr.w	r0, r0, ip, lsr #29
100019aa:	f1a0 0001 	sub.w	r0, r0, #1
100019ae:	ec41 0440 	dcp_wxdd r0, r1
100019b2:	ee80 0420 			dcp_nrdd
100019b6:	ec51 0470 	dcp_rddd r0, r1
100019ba:	4770      	bx	lr
100019bc:	b500      	push	{lr}
100019be:	f7ff ff45 	bl	1000184c <generic_save_state>
100019c2:	e002      	b.n	100019ca <__wrap___aeabi_i2d+0x6>

100019c4 <__wrap___aeabi_i2d>:
100019c4:	fe10 f430 	dcp_pcmp APSR_nzcv
100019c8:	d4f8      	bmi.n	100019bc <__wrap___aeabi_ddiv+0x94>
100019ca:	ec40 0470 	dcp_wxic r0, r0
100019ce:	ee00 0401 			dcp_add0
100019d2:	ee10 0421 			dcp_sub1
100019d6:	ee80 0420 			dcp_nrdd
100019da:	ec51 0430 	dcp_rdds r0, r1
100019de:	4770      	bx	lr
100019e0:	b500      	push	{lr}
100019e2:	f7ff ff33 	bl	1000184c <generic_save_state>
100019e6:	e002      	b.n	100019ee <__wrap___aeabi_ui2d+0x6>

100019e8 <__wrap___aeabi_ui2d>:
100019e8:	fe10 f430 	dcp_pcmp APSR_nzcv
100019ec:	d4f8      	bmi.n	100019e0 <__wrap___aeabi_i2d+0x1c>
100019ee:	ec40 0460 	dcp_wxuc r0, r0
100019f2:	ee00 0401 			dcp_add0
100019f6:	ee10 0421 			dcp_sub1
100019fa:	ee80 0420 			dcp_nrdd
100019fe:	ec51 0430 	dcp_rdds r0, r1
10001a02:	4770      	bx	lr
10001a04:	b500      	push	{lr}
10001a06:	f7ff ff21 	bl	1000184c <generic_save_state>
10001a0a:	e002      	b.n	10001a12 <double2int_z_entry>

10001a0c <__wrap___aeabi_d2iz>:
10001a0c:	fe10 f430 	dcp_pcmp APSR_nzcv
10001a10:	d4f8      	bmi.n	10001a04 <__wrap___aeabi_ui2d+0x1c>

10001a12 <double2int_z_entry>:
10001a12:	ec41 0480 	dcp_wxdc r0, r1
10001a16:	ee00 0401 			dcp_add0
10001a1a:	ee10 0401 			dcp_add1
10001a1e:	ee80 0440 			dcp_ntdc
10001a22:	ee10 0413 			dcp_rdic r0
10001a26:	4770      	bx	lr
10001a28:	b500      	push	{lr}
10001a2a:	f7ff ff0f 	bl	1000184c <generic_save_state>
10001a2e:	e002      	b.n	10001a36 <double2uint_z_entry>

10001a30 <__wrap___aeabi_d2uiz>:
10001a30:	fe10 f430 	dcp_pcmp APSR_nzcv
10001a34:	d4f8      	bmi.n	10001a28 <double2int_z_entry+0x16>

10001a36 <double2uint_z_entry>:
10001a36:	ec41 0480 	dcp_wxdc r0, r1
10001a3a:	ee00 0401 			dcp_add0
10001a3e:	ee10 0401 			dcp_add1
10001a42:	ee80 0440 			dcp_ntdc
10001a46:	ee10 0433 			dcp_rduc r0
10001a4a:	4770      	bx	lr
10001a4c:	b500      	push	{lr}
10001a4e:	f7ff fefd 	bl	1000184c <generic_save_state>
10001a52:	e002      	b.n	10001a5a <__wrap___aeabi_dcmpun+0x6>

10001a54 <__wrap___aeabi_dcmpun>:
10001a54:	fe10 f430 	dcp_pcmp APSR_nzcv
10001a58:	d4f8      	bmi.n	10001a4c <double2uint_z_entry+0x16>
10001a5a:	ec41 0410 	dcp_wxup r0, r1
10001a5e:	ec43 2411 	dcp_wyup r2, r3
10001a62:	ee00 0401 			dcp_add0
10001a66:	ee10 0430 			dcp_rcmp r0
10001a6a:	f3c0 7000 	ubfx	r0, r0, #28, #1
10001a6e:	4770      	bx	lr
10001a70:	b500      	push	{lr}
10001a72:	f7ff feeb 	bl	1000184c <generic_save_state>
10001a76:	e002      	b.n	10001a7e <__wrap___aeabi_dcmplt+0x6>

10001a78 <__wrap___aeabi_dcmplt>:
10001a78:	fe10 f430 	dcp_pcmp APSR_nzcv
10001a7c:	d4f8      	bmi.n	10001a70 <__wrap___aeabi_dcmpun+0x1c>
10001a7e:	ec43 2410 	dcp_wxup r2, r3
10001a82:	ec41 0411 	dcp_wyup r0, r1
10001a86:	ee00 0401 			dcp_add0
10001a8a:	ee10 f430 			dcp_rcmp APSR_nzcv
10001a8e:	bf8c      	ite	hi
10001a90:	2001      	movhi	r0, #1
10001a92:	2000      	movls	r0, #0
10001a94:	4770      	bx	lr
10001a96:	bf00      	nop
10001a98:	b500      	push	{lr}
10001a9a:	f7ff fed7 	bl	1000184c <generic_save_state>
10001a9e:	e002      	b.n	10001aa6 <__wrap___aeabi_dcmple+0x6>

10001aa0 <__wrap___aeabi_dcmple>:
10001aa0:	fe10 f430 	dcp_pcmp APSR_nzcv
10001aa4:	d4f8      	bmi.n	10001a98 <__wrap___aeabi_dcmplt+0x20>
10001aa6:	ec43 2410 	dcp_wxup r2, r3
10001aaa:	ec41 0411 	dcp_wyup r0, r1
10001aae:	ee00 0401 			dcp_add0
10001ab2:	ee10 f430 			dcp_rcmp APSR_nzcv
10001ab6:	bf2c      	ite	cs
10001ab8:	2001      	movcs	r0, #1
10001aba:	2000      	movcc	r0, #0
10001abc:	4770      	bx	lr
10001abe:	bf00      	nop
10001ac0:	b500      	push	{lr}
10001ac2:	f7ff fec3 	bl	1000184c <generic_save_state>
10001ac6:	e002      	b.n	10001ace <__wrap___aeabi_dcmpge+0x6>

10001ac8 <__wrap___aeabi_dcmpge>:
10001ac8:	fe10 f430 	dcp_pcmp APSR_nzcv
10001acc:	d4f8      	bmi.n	10001ac0 <__wrap___aeabi_dcmple+0x20>
10001ace:	ec41 0410 	dcp_wxup r0, r1
10001ad2:	ec43 2411 	dcp_wyup r2, r3
10001ad6:	ee00 0401 			dcp_add0
10001ada:	ee10 f430 			dcp_rcmp APSR_nzcv
10001ade:	bf2c      	ite	cs
10001ae0:	2001      	movcs	r0, #1
10001ae2:	2000      	movcc	r0, #0
10001ae4:	4770      	bx	lr
10001ae6:	bf00      	nop
10001ae8:	b500      	push	{lr}
10001aea:	f7ff feaf 	bl	1000184c <generic_save_state>
10001aee:	e002      	b.n	10001af6 <__wrap___aeabi_dcmpgt+0x6>

10001af0 <__wrap___aeabi_dcmpgt>:
10001af0:	fe10 f430 	dcp_pcmp APSR_nzcv
10001af4:	d4f8      	bmi.n	10001ae8 <__wrap___aeabi_dcmpge+0x20>
10001af6:	ec41 0410 	dcp_wxup r0, r1
10001afa:	ec43 2411 	dcp_wyup r2, r3
10001afe:	ee00 0401 			dcp_add0
10001b02:	ee10 f430 			dcp_rcmp APSR_nzcv
10001b06:	bf8c      	ite	hi
10001b08:	2001      	movhi	r0, #1
10001b0a:	2000      	movls	r0, #0
10001b0c:	4770      	bx	lr
10001b0e:	bf00      	nop

10001b10 <_out_null>:
10001b10:	4770      	bx	lr

10001b12 <_out_fct>:
10001b12:	b120      	cbz	r0, 10001b1e <_out_fct+0xc>
10001b14:	b508      	push	{r3, lr}
10001b16:	680a      	ldr	r2, [r1, #0]
10001b18:	6849      	ldr	r1, [r1, #4]
10001b1a:	4790      	blx	r2
10001b1c:	bd08      	pop	{r3, pc}
10001b1e:	4770      	bx	lr

10001b20 <_atoi>:
10001b20:	4601      	mov	r1, r0
10001b22:	2000      	movs	r0, #0
10001b24:	e008      	b.n	10001b38 <_atoi+0x18>
10001b26:	eb00 0080 	add.w	r0, r0, r0, lsl #2
10001b2a:	1c53      	adds	r3, r2, #1
10001b2c:	600b      	str	r3, [r1, #0]
10001b2e:	7813      	ldrb	r3, [r2, #0]
10001b30:	eb03 0340 	add.w	r3, r3, r0, lsl #1
10001b34:	f1a3 0030 	sub.w	r0, r3, #48	@ 0x30
10001b38:	680a      	ldr	r2, [r1, #0]
10001b3a:	7813      	ldrb	r3, [r2, #0]
10001b3c:	3b30      	subs	r3, #48	@ 0x30
10001b3e:	b2db      	uxtb	r3, r3
10001b40:	2b09      	cmp	r3, #9
10001b42:	d9f0      	bls.n	10001b26 <_atoi+0x6>
10001b44:	4770      	bx	lr

10001b46 <_out_rev>:
10001b46:	e92d 4ff0 	stmdb	sp!, {r4, r5, r6, r7, r8, r9, sl, fp, lr}
10001b4a:	b083      	sub	sp, #12
10001b4c:	4605      	mov	r5, r0
10001b4e:	460e      	mov	r6, r1
10001b50:	4693      	mov	fp, r2
10001b52:	461f      	mov	r7, r3
10001b54:	f8dd 8030 	ldr.w	r8, [sp, #48]	@ 0x30
10001b58:	9c0d      	ldr	r4, [sp, #52]	@ 0x34
10001b5a:	f8dd 9038 	ldr.w	r9, [sp, #56]	@ 0x38
10001b5e:	9b0f      	ldr	r3, [sp, #60]	@ 0x3c
10001b60:	f013 0202 	ands.w	r2, r3, #2
10001b64:	9200      	str	r2, [sp, #0]
10001b66:	d128      	bne.n	10001bba <_out_rev+0x74>
10001b68:	f013 0f01 	tst.w	r3, #1
10001b6c:	d00f      	beq.n	10001b8e <_out_rev+0x48>
10001b6e:	465a      	mov	r2, fp
10001b70:	e01b      	b.n	10001baa <_out_rev+0x64>
10001b72:	f102 0b01 	add.w	fp, r2, #1
10001b76:	463b      	mov	r3, r7
10001b78:	4631      	mov	r1, r6
10001b7a:	2020      	movs	r0, #32
10001b7c:	47a8      	blx	r5
10001b7e:	f10a 0a01 	add.w	sl, sl, #1
10001b82:	465a      	mov	r2, fp
10001b84:	45ca      	cmp	sl, r9
10001b86:	d3f4      	bcc.n	10001b72 <_out_rev+0x2c>
10001b88:	f8dd b004 	ldr.w	fp, [sp, #4]
10001b8c:	e00d      	b.n	10001baa <_out_rev+0x64>
10001b8e:	46a2      	mov	sl, r4
10001b90:	465a      	mov	r2, fp
10001b92:	f8cd b004 	str.w	fp, [sp, #4]
10001b96:	e7f5      	b.n	10001b84 <_out_rev+0x3e>
10001b98:	3c01      	subs	r4, #1
10001b9a:	f102 0a01 	add.w	sl, r2, #1
10001b9e:	463b      	mov	r3, r7
10001ba0:	4631      	mov	r1, r6
10001ba2:	f818 0004 	ldrb.w	r0, [r8, r4]
10001ba6:	47a8      	blx	r5
10001ba8:	4652      	mov	r2, sl
10001baa:	2c00      	cmp	r4, #0
10001bac:	d1f4      	bne.n	10001b98 <_out_rev+0x52>
10001bae:	9b00      	ldr	r3, [sp, #0]
10001bb0:	b95b      	cbnz	r3, 10001bca <_out_rev+0x84>
10001bb2:	4610      	mov	r0, r2
10001bb4:	b003      	add	sp, #12
10001bb6:	e8bd 8ff0 	ldmia.w	sp!, {r4, r5, r6, r7, r8, r9, sl, fp, pc}
10001bba:	465a      	mov	r2, fp
10001bbc:	e7f5      	b.n	10001baa <_out_rev+0x64>
10001bbe:	1c54      	adds	r4, r2, #1
10001bc0:	463b      	mov	r3, r7
10001bc2:	4631      	mov	r1, r6
10001bc4:	2020      	movs	r0, #32
10001bc6:	47a8      	blx	r5
10001bc8:	4622      	mov	r2, r4
10001bca:	eba2 030b 	sub.w	r3, r2, fp
10001bce:	454b      	cmp	r3, r9
10001bd0:	d3f5      	bcc.n	10001bbe <_out_rev+0x78>
10001bd2:	e7ee      	b.n	10001bb2 <_out_rev+0x6c>

10001bd4 <_ntoa_format>:
10001bd4:	e92d 41f0 	stmdb	sp!, {r4, r5, r6, r7, r8, lr}
10001bd8:	b084      	sub	sp, #16
10001bda:	4604      	mov	r4, r0
10001bdc:	460d      	mov	r5, r1
10001bde:	4616      	mov	r6, r2
10001be0:	461f      	mov	r7, r3
10001be2:	f8dd e028 	ldr.w	lr, [sp, #40]	@ 0x28
10001be6:	f8dd c02c 	ldr.w	ip, [sp, #44]	@ 0x2c
10001bea:	f89d 3030 	ldrb.w	r3, [sp, #48]	@ 0x30
10001bee:	461a      	mov	r2, r3
10001bf0:	4698      	mov	r8, r3
10001bf2:	980e      	ldr	r0, [sp, #56]	@ 0x38
10001bf4:	990f      	ldr	r1, [sp, #60]	@ 0x3c
10001bf6:	9b10      	ldr	r3, [sp, #64]	@ 0x40
10001bf8:	f013 0f02 	tst.w	r3, #2
10001bfc:	d121      	bne.n	10001c42 <_ntoa_format+0x6e>
10001bfe:	b169      	cbz	r1, 10001c1c <_ntoa_format+0x48>
10001c00:	f013 0f01 	tst.w	r3, #1
10001c04:	d00a      	beq.n	10001c1c <_ntoa_format+0x48>
10001c06:	b912      	cbnz	r2, 10001c0e <_ntoa_format+0x3a>
10001c08:	f013 0f0c 	tst.w	r3, #12
10001c0c:	d006      	beq.n	10001c1c <_ntoa_format+0x48>
10001c0e:	3901      	subs	r1, #1
10001c10:	e004      	b.n	10001c1c <_ntoa_format+0x48>
10001c12:	2230      	movs	r2, #48	@ 0x30
10001c14:	f80e 200c 	strb.w	r2, [lr, ip]
10001c18:	f10c 0c01 	add.w	ip, ip, #1
10001c1c:	4584      	cmp	ip, r0
10001c1e:	d202      	bcs.n	10001c26 <_ntoa_format+0x52>
10001c20:	f1bc 0f1f 	cmp.w	ip, #31
10001c24:	d9f5      	bls.n	10001c12 <_ntoa_format+0x3e>
10001c26:	f013 0f01 	tst.w	r3, #1
10001c2a:	d00a      	beq.n	10001c42 <_ntoa_format+0x6e>
10001c2c:	458c      	cmp	ip, r1
10001c2e:	d208      	bcs.n	10001c42 <_ntoa_format+0x6e>
10001c30:	f1bc 0f1f 	cmp.w	ip, #31
10001c34:	d805      	bhi.n	10001c42 <_ntoa_format+0x6e>
10001c36:	2230      	movs	r2, #48	@ 0x30
10001c38:	f80e 200c 	strb.w	r2, [lr, ip]
10001c3c:	f10c 0c01 	add.w	ip, ip, #1
10001c40:	e7f1      	b.n	10001c26 <_ntoa_format+0x52>
10001c42:	f013 0f10 	tst.w	r3, #16
10001c46:	d017      	beq.n	10001c78 <_ntoa_format+0xa4>
10001c48:	f413 6f80 	tst.w	r3, #1024	@ 0x400
10001c4c:	d106      	bne.n	10001c5c <_ntoa_format+0x88>
10001c4e:	f1bc 0f00 	cmp.w	ip, #0
10001c52:	d003      	beq.n	10001c5c <_ntoa_format+0x88>
10001c54:	4584      	cmp	ip, r0
10001c56:	d029      	beq.n	10001cac <_ntoa_format+0xd8>
10001c58:	458c      	cmp	ip, r1
10001c5a:	d027      	beq.n	10001cac <_ntoa_format+0xd8>
10001c5c:	9a0d      	ldr	r2, [sp, #52]	@ 0x34
10001c5e:	2a10      	cmp	r2, #16
10001c60:	d03c      	beq.n	10001cdc <_ntoa_format+0x108>
10001c62:	9a0d      	ldr	r2, [sp, #52]	@ 0x34
10001c64:	2a02      	cmp	r2, #2
10001c66:	d047      	beq.n	10001cf8 <_ntoa_format+0x124>
10001c68:	f1bc 0f1f 	cmp.w	ip, #31
10001c6c:	d80f      	bhi.n	10001c8e <_ntoa_format+0xba>
10001c6e:	2230      	movs	r2, #48	@ 0x30
10001c70:	f80e 200c 	strb.w	r2, [lr, ip]
10001c74:	f10c 0c01 	add.w	ip, ip, #1
10001c78:	f1bc 0f1f 	cmp.w	ip, #31
10001c7c:	d807      	bhi.n	10001c8e <_ntoa_format+0xba>
10001c7e:	4642      	mov	r2, r8
10001c80:	2a00      	cmp	r2, #0
10001c82:	d042      	beq.n	10001d0a <_ntoa_format+0x136>
10001c84:	222d      	movs	r2, #45	@ 0x2d
10001c86:	f80e 200c 	strb.w	r2, [lr, ip]
10001c8a:	f10c 0c01 	add.w	ip, ip, #1
10001c8e:	9303      	str	r3, [sp, #12]
10001c90:	9102      	str	r1, [sp, #8]
10001c92:	f8cd c004 	str.w	ip, [sp, #4]
10001c96:	f8cd e000 	str.w	lr, [sp]
10001c9a:	463b      	mov	r3, r7
10001c9c:	4632      	mov	r2, r6
10001c9e:	4629      	mov	r1, r5
10001ca0:	4620      	mov	r0, r4
10001ca2:	f7ff ff50 	bl	10001b46 <_out_rev>
10001ca6:	b004      	add	sp, #16
10001ca8:	e8bd 81f0 	ldmia.w	sp!, {r4, r5, r6, r7, r8, pc}
10001cac:	f1bc 0201 	subs.w	r2, ip, #1
10001cb0:	d020      	beq.n	10001cf4 <_ntoa_format+0x120>
10001cb2:	980d      	ldr	r0, [sp, #52]	@ 0x34
10001cb4:	2810      	cmp	r0, #16
10001cb6:	d00f      	beq.n	10001cd8 <_ntoa_format+0x104>
10001cb8:	4694      	mov	ip, r2
10001cba:	9a0d      	ldr	r2, [sp, #52]	@ 0x34
10001cbc:	2a10      	cmp	r2, #16
10001cbe:	d1d0      	bne.n	10001c62 <_ntoa_format+0x8e>
10001cc0:	f013 0f20 	tst.w	r3, #32
10001cc4:	d0cd      	beq.n	10001c62 <_ntoa_format+0x8e>
10001cc6:	f1bc 0f1f 	cmp.w	ip, #31
10001cca:	d8ca      	bhi.n	10001c62 <_ntoa_format+0x8e>
10001ccc:	2258      	movs	r2, #88	@ 0x58
10001cce:	f80e 200c 	strb.w	r2, [lr, ip]
10001cd2:	f10c 0c01 	add.w	ip, ip, #1
10001cd6:	e7c7      	b.n	10001c68 <_ntoa_format+0x94>
10001cd8:	f1ac 0c02 	sub.w	ip, ip, #2
10001cdc:	f013 0f20 	tst.w	r3, #32
10001ce0:	d1eb      	bne.n	10001cba <_ntoa_format+0xe6>
10001ce2:	f1bc 0f1f 	cmp.w	ip, #31
10001ce6:	d8e8      	bhi.n	10001cba <_ntoa_format+0xe6>
10001ce8:	2278      	movs	r2, #120	@ 0x78
10001cea:	f80e 200c 	strb.w	r2, [lr, ip]
10001cee:	f10c 0c01 	add.w	ip, ip, #1
10001cf2:	e7b9      	b.n	10001c68 <_ntoa_format+0x94>
10001cf4:	4694      	mov	ip, r2
10001cf6:	e7b1      	b.n	10001c5c <_ntoa_format+0x88>
10001cf8:	f1bc 0f1f 	cmp.w	ip, #31
10001cfc:	d8c7      	bhi.n	10001c8e <_ntoa_format+0xba>
10001cfe:	2262      	movs	r2, #98	@ 0x62
10001d00:	f80e 200c 	strb.w	r2, [lr, ip]
10001d04:	f10c 0c01 	add.w	ip, ip, #1
10001d08:	e7ae      	b.n	10001c68 <_ntoa_format+0x94>
10001d0a:	f013 0f04 	tst.w	r3, #4
10001d0e:	d005      	beq.n	10001d1c <_ntoa_format+0x148>
10001d10:	222b      	movs	r2, #43	@ 0x2b
10001d12:	f80e 200c 	strb.w	r2, [lr, ip]
10001d16:	f10c 0c01 	add.w	ip, ip, #1
10001d1a:	e7b8      	b.n	10001c8e <_ntoa_format+0xba>
10001d1c:	f013 0f08 	tst.w	r3, #8
10001d20:	d0b5      	beq.n	10001c8e <_ntoa_format+0xba>
10001d22:	2220      	movs	r2, #32
10001d24:	f80e 200c 	strb.w	r2, [lr, ip]
10001d28:	f10c 0c01 	add.w	ip, ip, #1
10001d2c:	e7af      	b.n	10001c8e <_ntoa_format+0xba>

10001d2e <_ntoa_long>:
10001d2e:	b5f0      	push	{r4, r5, r6, r7, lr}
10001d30:	b091      	sub	sp, #68	@ 0x44
10001d32:	460d      	mov	r5, r1
10001d34:	4616      	mov	r6, r2
10001d36:	461f      	mov	r7, r3
10001d38:	9b16      	ldr	r3, [sp, #88]	@ 0x58
10001d3a:	9a18      	ldr	r2, [sp, #96]	@ 0x60
10001d3c:	991b      	ldr	r1, [sp, #108]	@ 0x6c
10001d3e:	b90b      	cbnz	r3, 10001d44 <_ntoa_long+0x16>
10001d40:	f021 0110 	bic.w	r1, r1, #16
10001d44:	f411 6e80 	ands.w	lr, r1, #1024	@ 0x400
10001d48:	d01d      	beq.n	10001d86 <_ntoa_long+0x58>
10001d4a:	b363      	cbz	r3, 10001da6 <_ntoa_long+0x78>
10001d4c:	f04f 0e00 	mov.w	lr, #0
10001d50:	e019      	b.n	10001d86 <_ntoa_long+0x58>
10001d52:	f011 0f20 	tst.w	r1, #32
10001d56:	d024      	beq.n	10001da2 <_ntoa_long+0x74>
10001d58:	2441      	movs	r4, #65	@ 0x41
10001d5a:	44a4      	add	ip, r4
10001d5c:	fa5f fc8c 	uxtb.w	ip, ip
10001d60:	f1ac 0c0a 	sub.w	ip, ip, #10
10001d64:	fa5f fc8c 	uxtb.w	ip, ip
10001d68:	f10e 0401 	add.w	r4, lr, #1
10001d6c:	f10e 0e40 	add.w	lr, lr, #64	@ 0x40
10001d70:	44ee      	add	lr, sp
10001d72:	f80e cc20 	strb.w	ip, [lr, #-32]
10001d76:	fbb3 fcf2 	udiv	ip, r3, r2
10001d7a:	4293      	cmp	r3, r2
10001d7c:	d314      	bcc.n	10001da8 <_ntoa_long+0x7a>
10001d7e:	2c1f      	cmp	r4, #31
10001d80:	d812      	bhi.n	10001da8 <_ntoa_long+0x7a>
10001d82:	46a6      	mov	lr, r4
10001d84:	4663      	mov	r3, ip
10001d86:	fbb3 fcf2 	udiv	ip, r3, r2
10001d8a:	fb02 3c1c 	mls	ip, r2, ip, r3
10001d8e:	fa5f fc8c 	uxtb.w	ip, ip
10001d92:	f1bc 0f09 	cmp.w	ip, #9
10001d96:	d8dc      	bhi.n	10001d52 <_ntoa_long+0x24>
10001d98:	f10c 0c30 	add.w	ip, ip, #48	@ 0x30
10001d9c:	fa5f fc8c 	uxtb.w	ip, ip
10001da0:	e7e2      	b.n	10001d68 <_ntoa_long+0x3a>
10001da2:	2461      	movs	r4, #97	@ 0x61
10001da4:	e7d9      	b.n	10001d5a <_ntoa_long+0x2c>
10001da6:	461c      	mov	r4, r3
10001da8:	9106      	str	r1, [sp, #24]
10001daa:	9b1a      	ldr	r3, [sp, #104]	@ 0x68
10001dac:	9305      	str	r3, [sp, #20]
10001dae:	9b19      	ldr	r3, [sp, #100]	@ 0x64
10001db0:	9304      	str	r3, [sp, #16]
10001db2:	9203      	str	r2, [sp, #12]
10001db4:	f89d 305c 	ldrb.w	r3, [sp, #92]	@ 0x5c
10001db8:	9302      	str	r3, [sp, #8]
10001dba:	9401      	str	r4, [sp, #4]
10001dbc:	ab08      	add	r3, sp, #32
10001dbe:	9300      	str	r3, [sp, #0]
10001dc0:	463b      	mov	r3, r7
10001dc2:	4632      	mov	r2, r6
10001dc4:	4629      	mov	r1, r5
10001dc6:	f7ff ff05 	bl	10001bd4 <_ntoa_format>
10001dca:	b011      	add	sp, #68	@ 0x44
10001dcc:	bdf0      	pop	{r4, r5, r6, r7, pc}

10001dce <_ntoa_long_long>:
10001dce:	e92d 4ff0 	stmdb	sp!, {r4, r5, r6, r7, r8, r9, sl, fp, lr}
10001dd2:	b095      	sub	sp, #84	@ 0x54
10001dd4:	4683      	mov	fp, r0
10001dd6:	9109      	str	r1, [sp, #36]	@ 0x24
10001dd8:	920a      	str	r2, [sp, #40]	@ 0x28
10001dda:	930b      	str	r3, [sp, #44]	@ 0x2c
10001ddc:	9f1e      	ldr	r7, [sp, #120]	@ 0x78
10001dde:	9d1f      	ldr	r5, [sp, #124]	@ 0x7c
10001de0:	f8dd 8088 	ldr.w	r8, [sp, #136]	@ 0x88
10001de4:	f8dd 908c 	ldr.w	r9, [sp, #140]	@ 0x8c
10001de8:	f8dd a098 	ldr.w	sl, [sp, #152]	@ 0x98
10001dec:	ea57 0305 	orrs.w	r3, r7, r5
10001df0:	d101      	bne.n	10001df6 <_ntoa_long_long+0x28>
10001df2:	f02a 0a10 	bic.w	sl, sl, #16
10001df6:	f41a 6480 	ands.w	r4, sl, #1024	@ 0x400
10001dfa:	d022      	beq.n	10001e42 <_ntoa_long_long+0x74>
10001dfc:	ea57 0305 	orrs.w	r3, r7, r5
10001e00:	d02d      	beq.n	10001e5e <_ntoa_long_long+0x90>
10001e02:	2400      	movs	r4, #0
10001e04:	e01d      	b.n	10001e42 <_ntoa_long_long+0x74>
10001e06:	f01a 0f20 	tst.w	sl, #32
10001e0a:	d026      	beq.n	10001e5a <_ntoa_long_long+0x8c>
10001e0c:	2341      	movs	r3, #65	@ 0x41
10001e0e:	4413      	add	r3, r2
10001e10:	b2db      	uxtb	r3, r3
10001e12:	3b0a      	subs	r3, #10
10001e14:	b2db      	uxtb	r3, r3
10001e16:	1c66      	adds	r6, r4, #1
10001e18:	f104 0250 	add.w	r2, r4, #80	@ 0x50
10001e1c:	eb0d 0402 	add.w	r4, sp, r2
10001e20:	f804 3c20 	strb.w	r3, [r4, #-32]
10001e24:	4642      	mov	r2, r8
10001e26:	464b      	mov	r3, r9
10001e28:	4638      	mov	r0, r7
10001e2a:	4629      	mov	r1, r5
10001e2c:	f003 fe88 	bl	10005b40 <____aeabi_uldivmod_veneer>
10001e30:	4547      	cmp	r7, r8
10001e32:	eb75 0509 	sbcs.w	r5, r5, r9
10001e36:	d313      	bcc.n	10001e60 <_ntoa_long_long+0x92>
10001e38:	2e1f      	cmp	r6, #31
10001e3a:	d811      	bhi.n	10001e60 <_ntoa_long_long+0x92>
10001e3c:	4634      	mov	r4, r6
10001e3e:	4607      	mov	r7, r0
10001e40:	460d      	mov	r5, r1
10001e42:	4642      	mov	r2, r8
10001e44:	464b      	mov	r3, r9
10001e46:	4638      	mov	r0, r7
10001e48:	4629      	mov	r1, r5
10001e4a:	f003 fe79 	bl	10005b40 <____aeabi_uldivmod_veneer>
10001e4e:	b2d2      	uxtb	r2, r2
10001e50:	2a09      	cmp	r2, #9
10001e52:	d8d8      	bhi.n	10001e06 <_ntoa_long_long+0x38>
10001e54:	3230      	adds	r2, #48	@ 0x30
10001e56:	b2d3      	uxtb	r3, r2
10001e58:	e7dd      	b.n	10001e16 <_ntoa_long_long+0x48>
10001e5a:	2361      	movs	r3, #97	@ 0x61
10001e5c:	e7d7      	b.n	10001e0e <_ntoa_long_long+0x40>
10001e5e:	2600      	movs	r6, #0
10001e60:	f8cd a018 	str.w	sl, [sp, #24]
10001e64:	9b25      	ldr	r3, [sp, #148]	@ 0x94
10001e66:	9305      	str	r3, [sp, #20]
10001e68:	9b24      	ldr	r3, [sp, #144]	@ 0x90
10001e6a:	9304      	str	r3, [sp, #16]
10001e6c:	f8cd 800c 	str.w	r8, [sp, #12]
10001e70:	f89d 3080 	ldrb.w	r3, [sp, #128]	@ 0x80
10001e74:	9302      	str	r3, [sp, #8]
10001e76:	9601      	str	r6, [sp, #4]
10001e78:	ab0c      	add	r3, sp, #48	@ 0x30
10001e7a:	9300      	str	r3, [sp, #0]
10001e7c:	9b0b      	ldr	r3, [sp, #44]	@ 0x2c
10001e7e:	9a0a      	ldr	r2, [sp, #40]	@ 0x28
10001e80:	9909      	ldr	r1, [sp, #36]	@ 0x24
10001e82:	4658      	mov	r0, fp
10001e84:	f7ff fea6 	bl	10001bd4 <_ntoa_format>
10001e88:	b015      	add	sp, #84	@ 0x54
10001e8a:	e8bd 8ff0 	ldmia.w	sp!, {r4, r5, r6, r7, r8, r9, sl, fp, pc}
	...

10001e90 <_etoa>:
10001e90:	e92d 4ff0 	stmdb	sp!, {r4, r5, r6, r7, r8, r9, sl, fp, lr}
10001e94:	b093      	sub	sp, #76	@ 0x4c
10001e96:	4604      	mov	r4, r0
10001e98:	460d      	mov	r5, r1
10001e9a:	920e      	str	r2, [sp, #56]	@ 0x38
10001e9c:	461e      	mov	r6, r3
10001e9e:	e9dd 891c 	ldrd	r8, r9, [sp, #112]	@ 0x70
10001ea2:	4642      	mov	r2, r8
10001ea4:	464b      	mov	r3, r9
10001ea6:	4640      	mov	r0, r8
10001ea8:	4649      	mov	r1, r9
10001eaa:	f7ff fdd3 	bl	10001a54 <__wrap___aeabi_dcmpun>
10001eae:	2800      	cmp	r0, #0
10001eb0:	f040 80fe 	bne.w	100020b0 <_etoa+0x220>
10001eb4:	f04f 32ff 	mov.w	r2, #4294967295	@ 0xffffffff
10001eb8:	4bb5      	ldr	r3, [pc, #724]	@ (10002190 <_etoa+0x300>)
10001eba:	4640      	mov	r0, r8
10001ebc:	4649      	mov	r1, r9
10001ebe:	f7ff fe17 	bl	10001af0 <__wrap___aeabi_dcmpgt>
10001ec2:	2800      	cmp	r0, #0
10001ec4:	f040 80f4 	bne.w	100020b0 <_etoa+0x220>
10001ec8:	f04f 32ff 	mov.w	r2, #4294967295	@ 0xffffffff
10001ecc:	f46f 1380 	mvn.w	r3, #1048576	@ 0x100000
10001ed0:	4640      	mov	r0, r8
10001ed2:	4649      	mov	r1, r9
10001ed4:	f7ff fdd0 	bl	10001a78 <__wrap___aeabi_dcmplt>
10001ed8:	2800      	cmp	r0, #0
10001eda:	f040 80e9 	bne.w	100020b0 <_etoa+0x220>
10001ede:	2200      	movs	r2, #0
10001ee0:	2300      	movs	r3, #0
10001ee2:	4640      	mov	r0, r8
10001ee4:	4649      	mov	r1, r9
10001ee6:	f7ff fdc7 	bl	10001a78 <__wrap___aeabi_dcmplt>
10001eea:	2800      	cmp	r0, #0
10001eec:	f040 80f1 	bne.w	100020d2 <_etoa+0x242>
10001ef0:	e9cd 8906 	strd	r8, r9, [sp, #24]
10001ef4:	9b20      	ldr	r3, [sp, #128]	@ 0x80
10001ef6:	f413 6380 	ands.w	r3, r3, #1024	@ 0x400
10001efa:	930f      	str	r3, [sp, #60]	@ 0x3c
10001efc:	d101      	bne.n	10001f02 <_etoa+0x72>
10001efe:	2306      	movs	r3, #6
10001f00:	931e      	str	r3, [sp, #120]	@ 0x78
10001f02:	e9dd ab06 	ldrd	sl, fp, [sp, #24]
10001f06:	4652      	mov	r2, sl
10001f08:	465b      	mov	r3, fp
10001f0a:	e9cd 230a 	strd	r2, r3, [sp, #40]	@ 0x28
10001f0e:	9b07      	ldr	r3, [sp, #28]
10001f10:	ea5a 0103 	orrs.w	r1, sl, r3
10001f14:	f000 80e7 	beq.w	100020e6 <_etoa+0x256>
10001f18:	f3c3 500a 	ubfx	r0, r3, #20, #11
10001f1c:	f3c3 0313 	ubfx	r3, r3, #0, #20
10001f20:	f04f 0a00 	mov.w	sl, #0
10001f24:	f04f 0b00 	mov.w	fp, #0
10001f28:	e9cd ab08 	strd	sl, fp, [sp, #32]
10001f2c:	9208      	str	r2, [sp, #32]
10001f2e:	f043 537f 	orr.w	r3, r3, #1069547520	@ 0x3fc00000
10001f32:	9309      	str	r3, [sp, #36]	@ 0x24
10001f34:	f443 1340 	orr.w	r3, r3, #3145728	@ 0x300000
10001f38:	9309      	str	r3, [sp, #36]	@ 0x24
10001f3a:	f2a0 30ff 	subw	r0, r0, #1023	@ 0x3ff
10001f3e:	f7ff fd41 	bl	100019c4 <__wrap___aeabi_i2d>
10001f42:	a381      	add	r3, pc, #516	@ (adr r3, 10002148 <_etoa+0x2b8>)
10001f44:	e9d3 2300 	ldrd	r2, r3, [r3]
10001f48:	f7ff fcca 	bl	100018e0 <__wrap___aeabi_dmul>
10001f4c:	a380      	add	r3, pc, #512	@ (adr r3, 10002150 <_etoa+0x2c0>)
10001f4e:	e9d3 2300 	ldrd	r2, r3, [r3]
10001f52:	f7ff fc9d 	bl	10001890 <__wrap___aeabi_dadd>
10001f56:	4682      	mov	sl, r0
10001f58:	468b      	mov	fp, r1
10001f5a:	2200      	movs	r2, #0
10001f5c:	4b8d      	ldr	r3, [pc, #564]	@ (10002194 <_etoa+0x304>)
10001f5e:	e9dd 0108 	ldrd	r0, r1, [sp, #32]
10001f62:	f7ff fca9 	bl	100018b8 <__wrap___aeabi_dsub>
10001f66:	a37c      	add	r3, pc, #496	@ (adr r3, 10002158 <_etoa+0x2c8>)
10001f68:	e9d3 2300 	ldrd	r2, r3, [r3]
10001f6c:	f7ff fcb8 	bl	100018e0 <__wrap___aeabi_dmul>
10001f70:	4602      	mov	r2, r0
10001f72:	460b      	mov	r3, r1
10001f74:	4650      	mov	r0, sl
10001f76:	4659      	mov	r1, fp
10001f78:	f7ff fc8a 	bl	10001890 <__wrap___aeabi_dadd>
10001f7c:	f7ff fd46 	bl	10001a0c <__wrap___aeabi_d2iz>
10001f80:	9008      	str	r0, [sp, #32]
10001f82:	f7ff fd1f 	bl	100019c4 <__wrap___aeabi_i2d>
10001f86:	4682      	mov	sl, r0
10001f88:	468b      	mov	fp, r1
10001f8a:	a375      	add	r3, pc, #468	@ (adr r3, 10002160 <_etoa+0x2d0>)
10001f8c:	e9d3 2300 	ldrd	r2, r3, [r3]
10001f90:	f7ff fca6 	bl	100018e0 <__wrap___aeabi_dmul>
10001f94:	2200      	movs	r2, #0
10001f96:	4b80      	ldr	r3, [pc, #512]	@ (10002198 <_etoa+0x308>)
10001f98:	f7ff fc7a 	bl	10001890 <__wrap___aeabi_dadd>
10001f9c:	f7ff fd36 	bl	10001a0c <__wrap___aeabi_d2iz>
10001fa0:	4607      	mov	r7, r0
10001fa2:	a371      	add	r3, pc, #452	@ (adr r3, 10002168 <_etoa+0x2d8>)
10001fa4:	e9d3 2300 	ldrd	r2, r3, [r3]
10001fa8:	4650      	mov	r0, sl
10001faa:	4659      	mov	r1, fp
10001fac:	f7ff fc98 	bl	100018e0 <__wrap___aeabi_dmul>
10001fb0:	4682      	mov	sl, r0
10001fb2:	468b      	mov	fp, r1
10001fb4:	4638      	mov	r0, r7
10001fb6:	f7ff fd05 	bl	100019c4 <__wrap___aeabi_i2d>
10001fba:	a36d      	add	r3, pc, #436	@ (adr r3, 10002170 <_etoa+0x2e0>)
10001fbc:	e9d3 2300 	ldrd	r2, r3, [r3]
10001fc0:	f7ff fc8e 	bl	100018e0 <__wrap___aeabi_dmul>
10001fc4:	4602      	mov	r2, r0
10001fc6:	460b      	mov	r3, r1
10001fc8:	4650      	mov	r0, sl
10001fca:	4659      	mov	r1, fp
10001fcc:	f7ff fc74 	bl	100018b8 <__wrap___aeabi_dsub>
10001fd0:	4602      	mov	r2, r0
10001fd2:	460b      	mov	r3, r1
10001fd4:	4682      	mov	sl, r0
10001fd6:	468b      	mov	fp, r1
10001fd8:	f7ff fc82 	bl	100018e0 <__wrap___aeabi_dmul>
10001fdc:	e9cd 010c 	strd	r0, r1, [sp, #48]	@ 0x30
10001fe0:	f207 33ff 	addw	r3, r7, #1023	@ 0x3ff
10001fe4:	2100      	movs	r1, #0
10001fe6:	2200      	movs	r2, #0
10001fe8:	e9cd 120a 	strd	r1, r2, [sp, #40]	@ 0x28
10001fec:	051b      	lsls	r3, r3, #20
10001fee:	930b      	str	r3, [sp, #44]	@ 0x2c
10001ff0:	2300      	movs	r3, #0
10001ff2:	930a      	str	r3, [sp, #40]	@ 0x28
10001ff4:	4650      	mov	r0, sl
10001ff6:	4659      	mov	r1, fp
10001ff8:	4652      	mov	r2, sl
10001ffa:	465b      	mov	r3, fp
10001ffc:	f7ff fc48 	bl	10001890 <__wrap___aeabi_dadd>
10002000:	e9cd 0110 	strd	r0, r1, [sp, #64]	@ 0x40
10002004:	4652      	mov	r2, sl
10002006:	465b      	mov	r3, fp
10002008:	2000      	movs	r0, #0
1000200a:	f04f 4180 	mov.w	r1, #1073741824	@ 0x40000000
1000200e:	f7ff fc53 	bl	100018b8 <__wrap___aeabi_dsub>
10002012:	4682      	mov	sl, r0
10002014:	468b      	mov	fp, r1
10002016:	2200      	movs	r2, #0
10002018:	4b60      	ldr	r3, [pc, #384]	@ (1000219c <_etoa+0x30c>)
1000201a:	e9dd 010c 	ldrd	r0, r1, [sp, #48]	@ 0x30
1000201e:	f7ff fc83 	bl	10001928 <__wrap___aeabi_ddiv>
10002022:	2200      	movs	r2, #0
10002024:	4b5e      	ldr	r3, [pc, #376]	@ (100021a0 <_etoa+0x310>)
10002026:	f7ff fc33 	bl	10001890 <__wrap___aeabi_dadd>
1000202a:	4602      	mov	r2, r0
1000202c:	460b      	mov	r3, r1
1000202e:	e9dd 010c 	ldrd	r0, r1, [sp, #48]	@ 0x30
10002032:	f7ff fc79 	bl	10001928 <__wrap___aeabi_ddiv>
10002036:	2200      	movs	r2, #0
10002038:	4b5a      	ldr	r3, [pc, #360]	@ (100021a4 <_etoa+0x314>)
1000203a:	f7ff fc29 	bl	10001890 <__wrap___aeabi_dadd>
1000203e:	4602      	mov	r2, r0
10002040:	460b      	mov	r3, r1
10002042:	e9dd 010c 	ldrd	r0, r1, [sp, #48]	@ 0x30
10002046:	f7ff fc6f 	bl	10001928 <__wrap___aeabi_ddiv>
1000204a:	4602      	mov	r2, r0
1000204c:	460b      	mov	r3, r1
1000204e:	4650      	mov	r0, sl
10002050:	4659      	mov	r1, fp
10002052:	f7ff fc1d 	bl	10001890 <__wrap___aeabi_dadd>
10002056:	4602      	mov	r2, r0
10002058:	460b      	mov	r3, r1
1000205a:	e9dd 0110 	ldrd	r0, r1, [sp, #64]	@ 0x40
1000205e:	f7ff fc63 	bl	10001928 <__wrap___aeabi_ddiv>
10002062:	2200      	movs	r2, #0
10002064:	4b50      	ldr	r3, [pc, #320]	@ (100021a8 <_etoa+0x318>)
10002066:	f7ff fc13 	bl	10001890 <__wrap___aeabi_dadd>
1000206a:	e9dd 230a 	ldrd	r2, r3, [sp, #40]	@ 0x28
1000206e:	f7ff fc37 	bl	100018e0 <__wrap___aeabi_dmul>
10002072:	4602      	mov	r2, r0
10002074:	460b      	mov	r3, r1
10002076:	e9cd 230c 	strd	r2, r3, [sp, #48]	@ 0x30
1000207a:	e9dd ab0c 	ldrd	sl, fp, [sp, #48]	@ 0x30
1000207e:	e9cd ab0a 	strd	sl, fp, [sp, #40]	@ 0x28
10002082:	e9dd 2306 	ldrd	r2, r3, [sp, #24]
10002086:	f7ff fd33 	bl	10001af0 <__wrap___aeabi_dcmpgt>
1000208a:	b150      	cbz	r0, 100020a2 <_etoa+0x212>
1000208c:	9b08      	ldr	r3, [sp, #32]
1000208e:	3b01      	subs	r3, #1
10002090:	9308      	str	r3, [sp, #32]
10002092:	2200      	movs	r2, #0
10002094:	4b42      	ldr	r3, [pc, #264]	@ (100021a0 <_etoa+0x310>)
10002096:	e9dd 010c 	ldrd	r0, r1, [sp, #48]	@ 0x30
1000209a:	f7ff fc45 	bl	10001928 <__wrap___aeabi_ddiv>
1000209e:	e9cd 010a 	strd	r0, r1, [sp, #40]	@ 0x28
100020a2:	9b08      	ldr	r3, [sp, #32]
100020a4:	3363      	adds	r3, #99	@ 0x63
100020a6:	2bc6      	cmp	r3, #198	@ 0xc6
100020a8:	d848      	bhi.n	1000213c <_etoa+0x2ac>
100020aa:	2304      	movs	r3, #4
100020ac:	461f      	mov	r7, r3
100020ae:	e01e      	b.n	100020ee <_etoa+0x25e>
100020b0:	9b20      	ldr	r3, [sp, #128]	@ 0x80
100020b2:	9304      	str	r3, [sp, #16]
100020b4:	9b1f      	ldr	r3, [sp, #124]	@ 0x7c
100020b6:	9303      	str	r3, [sp, #12]
100020b8:	9b1e      	ldr	r3, [sp, #120]	@ 0x78
100020ba:	9302      	str	r3, [sp, #8]
100020bc:	e9cd 8900 	strd	r8, r9, [sp]
100020c0:	4633      	mov	r3, r6
100020c2:	9a0e      	ldr	r2, [sp, #56]	@ 0x38
100020c4:	4629      	mov	r1, r5
100020c6:	4620      	mov	r0, r4
100020c8:	f000 f902 	bl	100022d0 <_ftoa>
100020cc:	b013      	add	sp, #76	@ 0x4c
100020ce:	e8bd 8ff0 	ldmia.w	sp!, {r4, r5, r6, r7, r8, r9, sl, fp, pc}
100020d2:	ed9f 7b29 	vldr	d7, [pc, #164]	@ 10002178 <_etoa+0x2e8>
100020d6:	ed8d 7b06 	vstr	d7, [sp, #24]
100020da:	f8cd 8018 	str.w	r8, [sp, #24]
100020de:	f109 4300 	add.w	r3, r9, #2147483648	@ 0x80000000
100020e2:	9307      	str	r3, [sp, #28]
100020e4:	e706      	b.n	10001ef4 <_etoa+0x64>
100020e6:	2300      	movs	r3, #0
100020e8:	9308      	str	r3, [sp, #32]
100020ea:	2304      	movs	r3, #4
100020ec:	461f      	mov	r7, r3
100020ee:	9b20      	ldr	r3, [sp, #128]	@ 0x80
100020f0:	f413 6f00 	tst.w	r3, #2048	@ 0x800
100020f4:	d063      	beq.n	100021be <_etoa+0x32e>
100020f6:	e9dd 120a 	ldrd	r1, r2, [sp, #40]	@ 0x28
100020fa:	4613      	mov	r3, r2
100020fc:	430b      	orrs	r3, r1
100020fe:	d015      	beq.n	1000212c <_etoa+0x29c>
10002100:	a31f      	add	r3, pc, #124	@ (adr r3, 10002180 <_etoa+0x2f0>)
10002102:	e9d3 2300 	ldrd	r2, r3, [r3]
10002106:	e9dd ab06 	ldrd	sl, fp, [sp, #24]
1000210a:	4650      	mov	r0, sl
1000210c:	4659      	mov	r1, fp
1000210e:	f7ff fcdb 	bl	10001ac8 <__wrap___aeabi_dcmpge>
10002112:	2800      	cmp	r0, #0
10002114:	f000 80b6 	beq.w	10002284 <_etoa+0x3f4>
10002118:	a31b      	add	r3, pc, #108	@ (adr r3, 10002188 <_etoa+0x2f8>)
1000211a:	e9d3 2300 	ldrd	r2, r3, [r3]
1000211e:	4650      	mov	r0, sl
10002120:	4659      	mov	r1, fp
10002122:	f7ff fca9 	bl	10001a78 <__wrap___aeabi_dcmplt>
10002126:	2800      	cmp	r0, #0
10002128:	f000 80ac 	beq.w	10002284 <_etoa+0x3f4>
1000212c:	9a1e      	ldr	r2, [sp, #120]	@ 0x78
1000212e:	9b08      	ldr	r3, [sp, #32]
10002130:	429a      	cmp	r2, r3
10002132:	dd3b      	ble.n	100021ac <_etoa+0x31c>
10002134:	1ad3      	subs	r3, r2, r3
10002136:	3b01      	subs	r3, #1
10002138:	931e      	str	r3, [sp, #120]	@ 0x78
1000213a:	e039      	b.n	100021b0 <_etoa+0x320>
1000213c:	2305      	movs	r3, #5
1000213e:	461f      	mov	r7, r3
10002140:	e7d5      	b.n	100020ee <_etoa+0x25e>
10002142:	bf00      	nop
10002144:	f3af 8000 	nop.w
10002148:	509f79fb 	.word	0x509f79fb
1000214c:	3fd34413 	.word	0x3fd34413
10002150:	8b60c8b3 	.word	0x8b60c8b3
10002154:	3fc68a28 	.word	0x3fc68a28
10002158:	636f4361 	.word	0x636f4361
1000215c:	3fd287a7 	.word	0x3fd287a7
10002160:	0979a371 	.word	0x0979a371
10002164:	400a934f 	.word	0x400a934f
10002168:	bbb55516 	.word	0xbbb55516
1000216c:	40026bb1 	.word	0x40026bb1
10002170:	fefa39ef 	.word	0xfefa39ef
10002174:	3fe62e42 	.word	0x3fe62e42
	...
10002180:	eb1c432d 	.word	0xeb1c432d
10002184:	3f1a36e2 	.word	0x3f1a36e2
10002188:	00000000 	.word	0x00000000
1000218c:	412e8480 	.word	0x412e8480
10002190:	7fefffff 	.word	0x7fefffff
10002194:	3ff80000 	.word	0x3ff80000
10002198:	3fe00000 	.word	0x3fe00000
1000219c:	402c0000 	.word	0x402c0000
100021a0:	40240000 	.word	0x40240000
100021a4:	40180000 	.word	0x40180000
100021a8:	3ff00000 	.word	0x3ff00000
100021ac:	2300      	movs	r3, #0
100021ae:	931e      	str	r3, [sp, #120]	@ 0x78
100021b0:	9b20      	ldr	r3, [sp, #128]	@ 0x80
100021b2:	f443 6380 	orr.w	r3, r3, #1024	@ 0x400
100021b6:	9320      	str	r3, [sp, #128]	@ 0x80
100021b8:	2300      	movs	r3, #0
100021ba:	461f      	mov	r7, r3
100021bc:	9308      	str	r3, [sp, #32]
100021be:	9a1f      	ldr	r2, [sp, #124]	@ 0x7c
100021c0:	4297      	cmp	r7, r2
100021c2:	d269      	bcs.n	10002298 <_etoa+0x408>
100021c4:	1bd3      	subs	r3, r2, r7
100021c6:	469a      	mov	sl, r3
100021c8:	9b20      	ldr	r3, [sp, #128]	@ 0x80
100021ca:	f013 0302 	ands.w	r3, r3, #2
100021ce:	469b      	mov	fp, r3
100021d0:	d002      	beq.n	100021d8 <_etoa+0x348>
100021d2:	b10f      	cbz	r7, 100021d8 <_etoa+0x348>
100021d4:	2300      	movs	r3, #0
100021d6:	469a      	mov	sl, r3
100021d8:	9b08      	ldr	r3, [sp, #32]
100021da:	b13b      	cbz	r3, 100021ec <_etoa+0x35c>
100021dc:	e9dd 230a 	ldrd	r2, r3, [sp, #40]	@ 0x28
100021e0:	e9dd 0106 	ldrd	r0, r1, [sp, #24]
100021e4:	f7ff fba0 	bl	10001928 <__wrap___aeabi_ddiv>
100021e8:	e9cd 0106 	strd	r0, r1, [sp, #24]
100021ec:	2200      	movs	r2, #0
100021ee:	2300      	movs	r3, #0
100021f0:	4640      	mov	r0, r8
100021f2:	4649      	mov	r1, r9
100021f4:	f7ff fc40 	bl	10001a78 <__wrap___aeabi_dcmplt>
100021f8:	2800      	cmp	r0, #0
100021fa:	d150      	bne.n	1000229e <_etoa+0x40e>
100021fc:	9b20      	ldr	r3, [sp, #128]	@ 0x80
100021fe:	f423 6300 	bic.w	r3, r3, #2048	@ 0x800
10002202:	9304      	str	r3, [sp, #16]
10002204:	f8cd a00c 	str.w	sl, [sp, #12]
10002208:	9b1e      	ldr	r3, [sp, #120]	@ 0x78
1000220a:	9302      	str	r3, [sp, #8]
1000220c:	ed9d 7b06 	vldr	d7, [sp, #24]
10002210:	ed8d 7b00 	vstr	d7, [sp]
10002214:	4633      	mov	r3, r6
10002216:	9a0e      	ldr	r2, [sp, #56]	@ 0x38
10002218:	4629      	mov	r1, r5
1000221a:	4620      	mov	r0, r4
1000221c:	f000 f858 	bl	100022d0 <_ftoa>
10002220:	2f00      	cmp	r7, #0
10002222:	f43f af53 	beq.w	100020cc <_etoa+0x23c>
10002226:	9b20      	ldr	r3, [sp, #128]	@ 0x80
10002228:	f013 0f20 	tst.w	r3, #32
1000222c:	d03f      	beq.n	100022ae <_etoa+0x41e>
1000222e:	f04f 0c45 	mov.w	ip, #69	@ 0x45
10002232:	f100 0801 	add.w	r8, r0, #1
10002236:	4633      	mov	r3, r6
10002238:	4602      	mov	r2, r0
1000223a:	4629      	mov	r1, r5
1000223c:	4660      	mov	r0, ip
1000223e:	47a0      	blx	r4
10002240:	9908      	ldr	r1, [sp, #32]
10002242:	ea81 72e1 	eor.w	r2, r1, r1, asr #31
10002246:	eba2 72e1 	sub.w	r2, r2, r1, asr #31
1000224a:	2305      	movs	r3, #5
1000224c:	9305      	str	r3, [sp, #20]
1000224e:	1e7b      	subs	r3, r7, #1
10002250:	9304      	str	r3, [sp, #16]
10002252:	2300      	movs	r3, #0
10002254:	9303      	str	r3, [sp, #12]
10002256:	230a      	movs	r3, #10
10002258:	9302      	str	r3, [sp, #8]
1000225a:	0fcb      	lsrs	r3, r1, #31
1000225c:	9301      	str	r3, [sp, #4]
1000225e:	9200      	str	r2, [sp, #0]
10002260:	4633      	mov	r3, r6
10002262:	4642      	mov	r2, r8
10002264:	4629      	mov	r1, r5
10002266:	4620      	mov	r0, r4
10002268:	f7ff fd61 	bl	10001d2e <_ntoa_long>
1000226c:	465b      	mov	r3, fp
1000226e:	2b00      	cmp	r3, #0
10002270:	f43f af2c 	beq.w	100020cc <_etoa+0x23c>
10002274:	4602      	mov	r2, r0
10002276:	f8dd 9038 	ldr.w	r9, [sp, #56]	@ 0x38
1000227a:	4637      	mov	r7, r6
1000227c:	462e      	mov	r6, r5
1000227e:	4625      	mov	r5, r4
10002280:	9c1f      	ldr	r4, [sp, #124]	@ 0x7c
10002282:	e01e      	b.n	100022c2 <_etoa+0x432>
10002284:	9b1e      	ldr	r3, [sp, #120]	@ 0x78
10002286:	2b00      	cmp	r3, #0
10002288:	d099      	beq.n	100021be <_etoa+0x32e>
1000228a:	9b0f      	ldr	r3, [sp, #60]	@ 0x3c
1000228c:	2b00      	cmp	r3, #0
1000228e:	d096      	beq.n	100021be <_etoa+0x32e>
10002290:	9b1e      	ldr	r3, [sp, #120]	@ 0x78
10002292:	3b01      	subs	r3, #1
10002294:	931e      	str	r3, [sp, #120]	@ 0x78
10002296:	e792      	b.n	100021be <_etoa+0x32e>
10002298:	2300      	movs	r3, #0
1000229a:	469a      	mov	sl, r3
1000229c:	e794      	b.n	100021c8 <_etoa+0x338>
1000229e:	e9dd 0106 	ldrd	r0, r1, [sp, #24]
100022a2:	4602      	mov	r2, r0
100022a4:	f101 4300 	add.w	r3, r1, #2147483648	@ 0x80000000
100022a8:	e9cd 2306 	strd	r2, r3, [sp, #24]
100022ac:	e7a6      	b.n	100021fc <_etoa+0x36c>
100022ae:	f04f 0c65 	mov.w	ip, #101	@ 0x65
100022b2:	e7be      	b.n	10002232 <_etoa+0x3a2>
100022b4:	f102 0801 	add.w	r8, r2, #1
100022b8:	463b      	mov	r3, r7
100022ba:	4631      	mov	r1, r6
100022bc:	2020      	movs	r0, #32
100022be:	47a8      	blx	r5
100022c0:	4642      	mov	r2, r8
100022c2:	eba2 0309 	sub.w	r3, r2, r9
100022c6:	42a3      	cmp	r3, r4
100022c8:	d3f4      	bcc.n	100022b4 <_etoa+0x424>
100022ca:	4610      	mov	r0, r2
100022cc:	e6fe      	b.n	100020cc <_etoa+0x23c>
100022ce:	bf00      	nop

100022d0 <_ftoa>:
100022d0:	e92d 4ff0 	stmdb	sp!, {r4, r5, r6, r7, r8, r9, sl, fp, lr}
100022d4:	ed2d 8b02 	vpush	{d8}
100022d8:	b095      	sub	sp, #84	@ 0x54
100022da:	9007      	str	r0, [sp, #28]
100022dc:	9108      	str	r1, [sp, #32]
100022de:	9209      	str	r2, [sp, #36]	@ 0x24
100022e0:	930a      	str	r3, [sp, #40]	@ 0x28
100022e2:	e9dd 8920 	ldrd	r8, r9, [sp, #128]	@ 0x80
100022e6:	9d22      	ldr	r5, [sp, #136]	@ 0x88
100022e8:	4642      	mov	r2, r8
100022ea:	464b      	mov	r3, r9
100022ec:	4640      	mov	r0, r8
100022ee:	4649      	mov	r1, r9
100022f0:	f7ff fbb0 	bl	10001a54 <__wrap___aeabi_dcmpun>
100022f4:	2800      	cmp	r0, #0
100022f6:	d134      	bne.n	10002362 <_ftoa+0x92>
100022f8:	f04f 32ff 	mov.w	r2, #4294967295	@ 0xffffffff
100022fc:	f46f 1380 	mvn.w	r3, #1048576	@ 0x100000
10002300:	4640      	mov	r0, r8
10002302:	4649      	mov	r1, r9
10002304:	f7ff fbb8 	bl	10001a78 <__wrap___aeabi_dcmplt>
10002308:	2800      	cmp	r0, #0
1000230a:	d139      	bne.n	10002380 <_ftoa+0xb0>
1000230c:	f04f 32ff 	mov.w	r2, #4294967295	@ 0xffffffff
10002310:	4ba9      	ldr	r3, [pc, #676]	@ (100025b8 <_ftoa+0x2e8>)
10002312:	4640      	mov	r0, r8
10002314:	4649      	mov	r1, r9
10002316:	f7ff fbeb 	bl	10001af0 <__wrap___aeabi_dcmpgt>
1000231a:	2800      	cmp	r0, #0
1000231c:	d13f      	bne.n	1000239e <_ftoa+0xce>
1000231e:	a3a2      	add	r3, pc, #648	@ (adr r3, 100025a8 <_ftoa+0x2d8>)
10002320:	e9d3 2300 	ldrd	r2, r3, [r3]
10002324:	4640      	mov	r0, r8
10002326:	4649      	mov	r1, r9
10002328:	f7ff fbe2 	bl	10001af0 <__wrap___aeabi_dcmpgt>
1000232c:	2800      	cmp	r0, #0
1000232e:	d14c      	bne.n	100023ca <_ftoa+0xfa>
10002330:	a39f      	add	r3, pc, #636	@ (adr r3, 100025b0 <_ftoa+0x2e0>)
10002332:	e9d3 2300 	ldrd	r2, r3, [r3]
10002336:	4640      	mov	r0, r8
10002338:	4649      	mov	r1, r9
1000233a:	f7ff fb9d 	bl	10001a78 <__wrap___aeabi_dcmplt>
1000233e:	2800      	cmp	r0, #0
10002340:	d143      	bne.n	100023ca <_ftoa+0xfa>
10002342:	2200      	movs	r2, #0
10002344:	2300      	movs	r3, #0
10002346:	4640      	mov	r0, r8
10002348:	4649      	mov	r1, r9
1000234a:	f7ff fb95 	bl	10001a78 <__wrap___aeabi_dcmplt>
1000234e:	2800      	cmp	r0, #0
10002350:	d149      	bne.n	100023e6 <_ftoa+0x116>
10002352:	900b      	str	r0, [sp, #44]	@ 0x2c
10002354:	9b24      	ldr	r3, [sp, #144]	@ 0x90
10002356:	f413 6f80 	tst.w	r3, #1024	@ 0x400
1000235a:	f000 80b5 	beq.w	100024c8 <_ftoa+0x1f8>
1000235e:	2400      	movs	r4, #0
10002360:	e054      	b.n	1000240c <_ftoa+0x13c>
10002362:	9b24      	ldr	r3, [sp, #144]	@ 0x90
10002364:	9303      	str	r3, [sp, #12]
10002366:	9b23      	ldr	r3, [sp, #140]	@ 0x8c
10002368:	9302      	str	r3, [sp, #8]
1000236a:	2303      	movs	r3, #3
1000236c:	9301      	str	r3, [sp, #4]
1000236e:	4b93      	ldr	r3, [pc, #588]	@ (100025bc <_ftoa+0x2ec>)
10002370:	9300      	str	r3, [sp, #0]
10002372:	9b0a      	ldr	r3, [sp, #40]	@ 0x28
10002374:	9a09      	ldr	r2, [sp, #36]	@ 0x24
10002376:	9908      	ldr	r1, [sp, #32]
10002378:	9807      	ldr	r0, [sp, #28]
1000237a:	f7ff fbe4 	bl	10001b46 <_out_rev>
1000237e:	e150      	b.n	10002622 <_ftoa+0x352>
10002380:	9b24      	ldr	r3, [sp, #144]	@ 0x90
10002382:	9303      	str	r3, [sp, #12]
10002384:	9b23      	ldr	r3, [sp, #140]	@ 0x8c
10002386:	9302      	str	r3, [sp, #8]
10002388:	2304      	movs	r3, #4
1000238a:	9301      	str	r3, [sp, #4]
1000238c:	4b8c      	ldr	r3, [pc, #560]	@ (100025c0 <_ftoa+0x2f0>)
1000238e:	9300      	str	r3, [sp, #0]
10002390:	9b0a      	ldr	r3, [sp, #40]	@ 0x28
10002392:	9a09      	ldr	r2, [sp, #36]	@ 0x24
10002394:	9908      	ldr	r1, [sp, #32]
10002396:	9807      	ldr	r0, [sp, #28]
10002398:	f7ff fbd5 	bl	10001b46 <_out_rev>
1000239c:	e141      	b.n	10002622 <_ftoa+0x352>
1000239e:	9b24      	ldr	r3, [sp, #144]	@ 0x90
100023a0:	f013 0f04 	tst.w	r3, #4
100023a4:	d00e      	beq.n	100023c4 <_ftoa+0xf4>
100023a6:	4b87      	ldr	r3, [pc, #540]	@ (100025c4 <_ftoa+0x2f4>)
100023a8:	2204      	movs	r2, #4
100023aa:	9924      	ldr	r1, [sp, #144]	@ 0x90
100023ac:	9103      	str	r1, [sp, #12]
100023ae:	9923      	ldr	r1, [sp, #140]	@ 0x8c
100023b0:	9102      	str	r1, [sp, #8]
100023b2:	9201      	str	r2, [sp, #4]
100023b4:	9300      	str	r3, [sp, #0]
100023b6:	9b0a      	ldr	r3, [sp, #40]	@ 0x28
100023b8:	9a09      	ldr	r2, [sp, #36]	@ 0x24
100023ba:	9908      	ldr	r1, [sp, #32]
100023bc:	9807      	ldr	r0, [sp, #28]
100023be:	f7ff fbc2 	bl	10001b46 <_out_rev>
100023c2:	e12e      	b.n	10002622 <_ftoa+0x352>
100023c4:	4b80      	ldr	r3, [pc, #512]	@ (100025c8 <_ftoa+0x2f8>)
100023c6:	2203      	movs	r2, #3
100023c8:	e7ef      	b.n	100023aa <_ftoa+0xda>
100023ca:	9b24      	ldr	r3, [sp, #144]	@ 0x90
100023cc:	9304      	str	r3, [sp, #16]
100023ce:	9b23      	ldr	r3, [sp, #140]	@ 0x8c
100023d0:	9303      	str	r3, [sp, #12]
100023d2:	9502      	str	r5, [sp, #8]
100023d4:	e9cd 8900 	strd	r8, r9, [sp]
100023d8:	9b0a      	ldr	r3, [sp, #40]	@ 0x28
100023da:	9a09      	ldr	r2, [sp, #36]	@ 0x24
100023dc:	9908      	ldr	r1, [sp, #32]
100023de:	9807      	ldr	r0, [sp, #28]
100023e0:	f7ff fd56 	bl	10001e90 <_etoa>
100023e4:	e11d      	b.n	10002622 <_ftoa+0x352>
100023e6:	4642      	mov	r2, r8
100023e8:	464b      	mov	r3, r9
100023ea:	2000      	movs	r0, #0
100023ec:	2100      	movs	r1, #0
100023ee:	f7ff fa63 	bl	100018b8 <__wrap___aeabi_dsub>
100023f2:	4680      	mov	r8, r0
100023f4:	4689      	mov	r9, r1
100023f6:	2301      	movs	r3, #1
100023f8:	930b      	str	r3, [sp, #44]	@ 0x2c
100023fa:	e7ab      	b.n	10002354 <_ftoa+0x84>
100023fc:	f104 0350 	add.w	r3, r4, #80	@ 0x50
10002400:	446b      	add	r3, sp
10002402:	2230      	movs	r2, #48	@ 0x30
10002404:	f803 2c20 	strb.w	r2, [r3, #-32]
10002408:	3d01      	subs	r5, #1
1000240a:	3401      	adds	r4, #1
1000240c:	2c1f      	cmp	r4, #31
1000240e:	d801      	bhi.n	10002414 <_ftoa+0x144>
10002410:	2d09      	cmp	r5, #9
10002412:	d8f3      	bhi.n	100023fc <_ftoa+0x12c>
10002414:	4640      	mov	r0, r8
10002416:	4649      	mov	r1, r9
10002418:	f7ff faf8 	bl	10001a0c <__wrap___aeabi_d2iz>
1000241c:	4606      	mov	r6, r0
1000241e:	f7ff fad1 	bl	100019c4 <__wrap___aeabi_i2d>
10002422:	4602      	mov	r2, r0
10002424:	460b      	mov	r3, r1
10002426:	4640      	mov	r0, r8
10002428:	4649      	mov	r1, r9
1000242a:	f7ff fa45 	bl	100018b8 <__wrap___aeabi_dsub>
1000242e:	4b67      	ldr	r3, [pc, #412]	@ (100025cc <_ftoa+0x2fc>)
10002430:	eb03 03c5 	add.w	r3, r3, r5, lsl #3
10002434:	ed93 7b00 	vldr	d7, [r3]
10002438:	eeb0 8a47 	vmov.f32	s16, s14
1000243c:	eef0 8a67 	vmov.f32	s17, s15
10002440:	ec53 2b17 	vmov	r2, r3, d7
10002444:	f7ff fa4c 	bl	100018e0 <__wrap___aeabi_dmul>
10002448:	4682      	mov	sl, r0
1000244a:	468b      	mov	fp, r1
1000244c:	f7ff faf0 	bl	10001a30 <__wrap___aeabi_d2uiz>
10002450:	4607      	mov	r7, r0
10002452:	f7ff fac9 	bl	100019e8 <__wrap___aeabi_ui2d>
10002456:	4602      	mov	r2, r0
10002458:	460b      	mov	r3, r1
1000245a:	4650      	mov	r0, sl
1000245c:	4659      	mov	r1, fp
1000245e:	f7ff fa2b 	bl	100018b8 <__wrap___aeabi_dsub>
10002462:	4682      	mov	sl, r0
10002464:	468b      	mov	fp, r1
10002466:	2200      	movs	r2, #0
10002468:	4b59      	ldr	r3, [pc, #356]	@ (100025d0 <_ftoa+0x300>)
1000246a:	f7ff fb41 	bl	10001af0 <__wrap___aeabi_dcmpgt>
1000246e:	b368      	cbz	r0, 100024cc <_ftoa+0x1fc>
10002470:	3701      	adds	r7, #1
10002472:	4638      	mov	r0, r7
10002474:	f7ff fab8 	bl	100019e8 <__wrap___aeabi_ui2d>
10002478:	4602      	mov	r2, r0
1000247a:	460b      	mov	r3, r1
1000247c:	ec51 0b18 	vmov	r0, r1, d8
10002480:	f7ff fb0e 	bl	10001aa0 <__wrap___aeabi_dcmple>
10002484:	b108      	cbz	r0, 1000248a <_ftoa+0x1ba>
10002486:	3601      	adds	r6, #1
10002488:	2700      	movs	r7, #0
1000248a:	bb6d      	cbnz	r5, 100024e8 <_ftoa+0x218>
1000248c:	4630      	mov	r0, r6
1000248e:	f7ff fa99 	bl	100019c4 <__wrap___aeabi_i2d>
10002492:	4602      	mov	r2, r0
10002494:	460b      	mov	r3, r1
10002496:	4640      	mov	r0, r8
10002498:	4649      	mov	r1, r9
1000249a:	f7ff fa0d 	bl	100018b8 <__wrap___aeabi_dsub>
1000249e:	4680      	mov	r8, r0
100024a0:	4689      	mov	r9, r1
100024a2:	2200      	movs	r2, #0
100024a4:	4b4a      	ldr	r3, [pc, #296]	@ (100025d0 <_ftoa+0x300>)
100024a6:	f7ff fae7 	bl	10001a78 <__wrap___aeabi_dcmplt>
100024aa:	2800      	cmp	r0, #0
100024ac:	d14c      	bne.n	10002548 <_ftoa+0x278>
100024ae:	2200      	movs	r2, #0
100024b0:	4b47      	ldr	r3, [pc, #284]	@ (100025d0 <_ftoa+0x300>)
100024b2:	4640      	mov	r0, r8
100024b4:	4649      	mov	r1, r9
100024b6:	f7ff fb1b 	bl	10001af0 <__wrap___aeabi_dcmpgt>
100024ba:	2800      	cmp	r0, #0
100024bc:	d144      	bne.n	10002548 <_ftoa+0x278>
100024be:	f016 0f01 	tst.w	r6, #1
100024c2:	d041      	beq.n	10002548 <_ftoa+0x278>
100024c4:	3601      	adds	r6, #1
100024c6:	e03f      	b.n	10002548 <_ftoa+0x278>
100024c8:	2506      	movs	r5, #6
100024ca:	e748      	b.n	1000235e <_ftoa+0x8e>
100024cc:	2200      	movs	r2, #0
100024ce:	4b40      	ldr	r3, [pc, #256]	@ (100025d0 <_ftoa+0x300>)
100024d0:	4650      	mov	r0, sl
100024d2:	4659      	mov	r1, fp
100024d4:	f7ff fad0 	bl	10001a78 <__wrap___aeabi_dcmplt>
100024d8:	2800      	cmp	r0, #0
100024da:	d1d6      	bne.n	1000248a <_ftoa+0x1ba>
100024dc:	b117      	cbz	r7, 100024e4 <_ftoa+0x214>
100024de:	f017 0f01 	tst.w	r7, #1
100024e2:	d0d2      	beq.n	1000248a <_ftoa+0x1ba>
100024e4:	3701      	adds	r7, #1
100024e6:	e7d0      	b.n	1000248a <_ftoa+0x1ba>
100024e8:	2c1f      	cmp	r4, #31
100024ea:	d817      	bhi.n	1000251c <_ftoa+0x24c>
100024ec:	3d01      	subs	r5, #1
100024ee:	4b39      	ldr	r3, [pc, #228]	@ (100025d4 <_ftoa+0x304>)
100024f0:	fba3 2307 	umull	r2, r3, r3, r7
100024f4:	08db      	lsrs	r3, r3, #3
100024f6:	4619      	mov	r1, r3
100024f8:	eb03 0383 	add.w	r3, r3, r3, lsl #2
100024fc:	eba7 0343 	sub.w	r3, r7, r3, lsl #1
10002500:	1c62      	adds	r2, r4, #1
10002502:	3330      	adds	r3, #48	@ 0x30
10002504:	f104 0050 	add.w	r0, r4, #80	@ 0x50
10002508:	eb0d 0400 	add.w	r4, sp, r0
1000250c:	f804 3c20 	strb.w	r3, [r4, #-32]
10002510:	2f09      	cmp	r7, #9
10002512:	d902      	bls.n	1000251a <_ftoa+0x24a>
10002514:	460f      	mov	r7, r1
10002516:	4614      	mov	r4, r2
10002518:	e7e6      	b.n	100024e8 <_ftoa+0x218>
1000251a:	4614      	mov	r4, r2
1000251c:	2c1f      	cmp	r4, #31
1000251e:	d80a      	bhi.n	10002536 <_ftoa+0x266>
10002520:	1e6b      	subs	r3, r5, #1
10002522:	b145      	cbz	r5, 10002536 <_ftoa+0x266>
10002524:	f104 0250 	add.w	r2, r4, #80	@ 0x50
10002528:	446a      	add	r2, sp
1000252a:	2130      	movs	r1, #48	@ 0x30
1000252c:	f802 1c20 	strb.w	r1, [r2, #-32]
10002530:	461d      	mov	r5, r3
10002532:	3401      	adds	r4, #1
10002534:	e7f2      	b.n	1000251c <_ftoa+0x24c>
10002536:	2c1f      	cmp	r4, #31
10002538:	d806      	bhi.n	10002548 <_ftoa+0x278>
1000253a:	f104 0350 	add.w	r3, r4, #80	@ 0x50
1000253e:	446b      	add	r3, sp
10002540:	222e      	movs	r2, #46	@ 0x2e
10002542:	f803 2c20 	strb.w	r2, [r3, #-32]
10002546:	3401      	adds	r4, #1
10002548:	2c1f      	cmp	r4, #31
1000254a:	d817      	bhi.n	1000257c <_ftoa+0x2ac>
1000254c:	4a22      	ldr	r2, [pc, #136]	@ (100025d8 <_ftoa+0x308>)
1000254e:	fb82 3206 	smull	r3, r2, r2, r6
10002552:	17f3      	asrs	r3, r6, #31
10002554:	ebc3 03a2 	rsb	r3, r3, r2, asr #2
10002558:	461a      	mov	r2, r3
1000255a:	eb03 0383 	add.w	r3, r3, r3, lsl #2
1000255e:	eba6 0343 	sub.w	r3, r6, r3, lsl #1
10002562:	1c61      	adds	r1, r4, #1
10002564:	3330      	adds	r3, #48	@ 0x30
10002566:	f104 0050 	add.w	r0, r4, #80	@ 0x50
1000256a:	eb0d 0400 	add.w	r4, sp, r0
1000256e:	f804 3c20 	strb.w	r3, [r4, #-32]
10002572:	4616      	mov	r6, r2
10002574:	b10a      	cbz	r2, 1000257a <_ftoa+0x2aa>
10002576:	460c      	mov	r4, r1
10002578:	e7e6      	b.n	10002548 <_ftoa+0x278>
1000257a:	460c      	mov	r4, r1
1000257c:	9b24      	ldr	r3, [sp, #144]	@ 0x90
1000257e:	f013 0f02 	tst.w	r3, #2
10002582:	d136      	bne.n	100025f2 <_ftoa+0x322>
10002584:	f013 0f01 	tst.w	r3, #1
10002588:	d033      	beq.n	100025f2 <_ftoa+0x322>
1000258a:	9b23      	ldr	r3, [sp, #140]	@ 0x8c
1000258c:	2b00      	cmp	r3, #0
1000258e:	d04d      	beq.n	1000262c <_ftoa+0x35c>
10002590:	9b0b      	ldr	r3, [sp, #44]	@ 0x2c
10002592:	b91b      	cbnz	r3, 1000259c <_ftoa+0x2cc>
10002594:	9b24      	ldr	r3, [sp, #144]	@ 0x90
10002596:	f013 0f0c 	tst.w	r3, #12
1000259a:	d049      	beq.n	10002630 <_ftoa+0x360>
1000259c:	9b23      	ldr	r3, [sp, #140]	@ 0x8c
1000259e:	3b01      	subs	r3, #1
100025a0:	9323      	str	r3, [sp, #140]	@ 0x8c
100025a2:	4619      	mov	r1, r3
100025a4:	e021      	b.n	100025ea <_ftoa+0x31a>
100025a6:	bf00      	nop
100025a8:	00000000 	.word	0x00000000
100025ac:	41cdcd65 	.word	0x41cdcd65
100025b0:	00000000 	.word	0x00000000
100025b4:	c1cdcd65 	.word	0xc1cdcd65
100025b8:	7fefffff 	.word	0x7fefffff
100025bc:	10006174 	.word	0x10006174
100025c0:	10006178 	.word	0x10006178
100025c4:	10006168 	.word	0x10006168
100025c8:	10006170 	.word	0x10006170
100025cc:	100065e8 	.word	0x100065e8
100025d0:	3fe00000 	.word	0x3fe00000
100025d4:	cccccccd 	.word	0xcccccccd
100025d8:	66666667 	.word	0x66666667
100025dc:	f104 0350 	add.w	r3, r4, #80	@ 0x50
100025e0:	446b      	add	r3, sp
100025e2:	2230      	movs	r2, #48	@ 0x30
100025e4:	f803 2c20 	strb.w	r2, [r3, #-32]
100025e8:	3401      	adds	r4, #1
100025ea:	428c      	cmp	r4, r1
100025ec:	d201      	bcs.n	100025f2 <_ftoa+0x322>
100025ee:	2c1f      	cmp	r4, #31
100025f0:	d9f4      	bls.n	100025dc <_ftoa+0x30c>
100025f2:	2c1f      	cmp	r4, #31
100025f4:	d808      	bhi.n	10002608 <_ftoa+0x338>
100025f6:	9b0b      	ldr	r3, [sp, #44]	@ 0x2c
100025f8:	b1e3      	cbz	r3, 10002634 <_ftoa+0x364>
100025fa:	f104 0350 	add.w	r3, r4, #80	@ 0x50
100025fe:	446b      	add	r3, sp
10002600:	222d      	movs	r2, #45	@ 0x2d
10002602:	f803 2c20 	strb.w	r2, [r3, #-32]
10002606:	3401      	adds	r4, #1
10002608:	9b24      	ldr	r3, [sp, #144]	@ 0x90
1000260a:	9303      	str	r3, [sp, #12]
1000260c:	9b23      	ldr	r3, [sp, #140]	@ 0x8c
1000260e:	9302      	str	r3, [sp, #8]
10002610:	9401      	str	r4, [sp, #4]
10002612:	ab0c      	add	r3, sp, #48	@ 0x30
10002614:	9300      	str	r3, [sp, #0]
10002616:	9b0a      	ldr	r3, [sp, #40]	@ 0x28
10002618:	9a09      	ldr	r2, [sp, #36]	@ 0x24
1000261a:	9908      	ldr	r1, [sp, #32]
1000261c:	9807      	ldr	r0, [sp, #28]
1000261e:	f7ff fa92 	bl	10001b46 <_out_rev>
10002622:	b015      	add	sp, #84	@ 0x54
10002624:	ecbd 8b02 	vpop	{d8}
10002628:	e8bd 8ff0 	ldmia.w	sp!, {r4, r5, r6, r7, r8, r9, sl, fp, pc}
1000262c:	9923      	ldr	r1, [sp, #140]	@ 0x8c
1000262e:	e7dc      	b.n	100025ea <_ftoa+0x31a>
10002630:	9923      	ldr	r1, [sp, #140]	@ 0x8c
10002632:	e7da      	b.n	100025ea <_ftoa+0x31a>
10002634:	9b24      	ldr	r3, [sp, #144]	@ 0x90
10002636:	f013 0f04 	tst.w	r3, #4
1000263a:	d007      	beq.n	1000264c <_ftoa+0x37c>
1000263c:	f104 0350 	add.w	r3, r4, #80	@ 0x50
10002640:	446b      	add	r3, sp
10002642:	222b      	movs	r2, #43	@ 0x2b
10002644:	f803 2c20 	strb.w	r2, [r3, #-32]
10002648:	3401      	adds	r4, #1
1000264a:	e7dd      	b.n	10002608 <_ftoa+0x338>
1000264c:	9b24      	ldr	r3, [sp, #144]	@ 0x90
1000264e:	f013 0f08 	tst.w	r3, #8
10002652:	d0d9      	beq.n	10002608 <_ftoa+0x338>
10002654:	f104 0350 	add.w	r3, r4, #80	@ 0x50
10002658:	446b      	add	r3, sp
1000265a:	2220      	movs	r2, #32
1000265c:	f803 2c20 	strb.w	r2, [r3, #-32]
10002660:	3401      	adds	r4, #1
10002662:	e7d1      	b.n	10002608 <_ftoa+0x338>

10002664 <_vsnprintf>:
10002664:	e92d 4ff0 	stmdb	sp!, {r4, r5, r6, r7, r8, r9, sl, fp, lr}
10002668:	b08f      	sub	sp, #60	@ 0x3c
1000266a:	4680      	mov	r8, r0
1000266c:	4617      	mov	r7, r2
1000266e:	930d      	str	r3, [sp, #52]	@ 0x34
10002670:	4689      	mov	r9, r1
10002672:	2900      	cmp	r1, #0
10002674:	f000 82f6 	beq.w	10002c64 <_vsnprintf+0x600>
10002678:	2600      	movs	r6, #0
1000267a:	9b0d      	ldr	r3, [sp, #52]	@ 0x34
1000267c:	7818      	ldrb	r0, [r3, #0]
1000267e:	2800      	cmp	r0, #0
10002680:	f000 82f3 	beq.w	10002c6a <_vsnprintf+0x606>
10002684:	2825      	cmp	r0, #37	@ 0x25
10002686:	d009      	beq.n	1000269c <_vsnprintf+0x38>
10002688:	1c74      	adds	r4, r6, #1
1000268a:	463b      	mov	r3, r7
1000268c:	4632      	mov	r2, r6
1000268e:	4649      	mov	r1, r9
10002690:	47c0      	blx	r8
10002692:	9b0d      	ldr	r3, [sp, #52]	@ 0x34
10002694:	3301      	adds	r3, #1
10002696:	930d      	str	r3, [sp, #52]	@ 0x34
10002698:	4626      	mov	r6, r4
1000269a:	e7ee      	b.n	1000267a <_vsnprintf+0x16>
1000269c:	3301      	adds	r3, #1
1000269e:	930d      	str	r3, [sp, #52]	@ 0x34
100026a0:	2500      	movs	r5, #0
100026a2:	e011      	b.n	100026c8 <_vsnprintf+0x64>
100026a4:	2a20      	cmp	r2, #32
100026a6:	d024      	beq.n	100026f2 <_vsnprintf+0x8e>
100026a8:	2a23      	cmp	r2, #35	@ 0x23
100026aa:	d105      	bne.n	100026b8 <_vsnprintf+0x54>
100026ac:	f045 0510 	orr.w	r5, r5, #16
100026b0:	3301      	adds	r3, #1
100026b2:	930d      	str	r3, [sp, #52]	@ 0x34
100026b4:	2301      	movs	r3, #1
100026b6:	e006      	b.n	100026c6 <_vsnprintf+0x62>
100026b8:	2300      	movs	r3, #0
100026ba:	e004      	b.n	100026c6 <_vsnprintf+0x62>
100026bc:	f045 0502 	orr.w	r5, r5, #2
100026c0:	3301      	adds	r3, #1
100026c2:	930d      	str	r3, [sp, #52]	@ 0x34
100026c4:	2301      	movs	r3, #1
100026c6:	b1e3      	cbz	r3, 10002702 <_vsnprintf+0x9e>
100026c8:	9b0d      	ldr	r3, [sp, #52]	@ 0x34
100026ca:	781a      	ldrb	r2, [r3, #0]
100026cc:	2a2b      	cmp	r2, #43	@ 0x2b
100026ce:	d00a      	beq.n	100026e6 <_vsnprintf+0x82>
100026d0:	d9e8      	bls.n	100026a4 <_vsnprintf+0x40>
100026d2:	2a2d      	cmp	r2, #45	@ 0x2d
100026d4:	d0f2      	beq.n	100026bc <_vsnprintf+0x58>
100026d6:	2a30      	cmp	r2, #48	@ 0x30
100026d8:	d111      	bne.n	100026fe <_vsnprintf+0x9a>
100026da:	f045 0501 	orr.w	r5, r5, #1
100026de:	3301      	adds	r3, #1
100026e0:	930d      	str	r3, [sp, #52]	@ 0x34
100026e2:	2301      	movs	r3, #1
100026e4:	e7ef      	b.n	100026c6 <_vsnprintf+0x62>
100026e6:	f045 0504 	orr.w	r5, r5, #4
100026ea:	3301      	adds	r3, #1
100026ec:	930d      	str	r3, [sp, #52]	@ 0x34
100026ee:	2301      	movs	r3, #1
100026f0:	e7e9      	b.n	100026c6 <_vsnprintf+0x62>
100026f2:	f045 0508 	orr.w	r5, r5, #8
100026f6:	3301      	adds	r3, #1
100026f8:	930d      	str	r3, [sp, #52]	@ 0x34
100026fa:	2301      	movs	r3, #1
100026fc:	e7e3      	b.n	100026c6 <_vsnprintf+0x62>
100026fe:	2300      	movs	r3, #0
10002700:	e7e1      	b.n	100026c6 <_vsnprintf+0x62>
10002702:	930a      	str	r3, [sp, #40]	@ 0x28
10002704:	9b0d      	ldr	r3, [sp, #52]	@ 0x34
10002706:	781a      	ldrb	r2, [r3, #0]
10002708:	f1a2 0330 	sub.w	r3, r2, #48	@ 0x30
1000270c:	b2db      	uxtb	r3, r3
1000270e:	2b09      	cmp	r3, #9
10002710:	d915      	bls.n	1000273e <_vsnprintf+0xda>
10002712:	2a2a      	cmp	r2, #42	@ 0x2a
10002714:	d018      	beq.n	10002748 <_vsnprintf+0xe4>
10002716:	f8dd b028 	ldr.w	fp, [sp, #40]	@ 0x28
1000271a:	9b0d      	ldr	r3, [sp, #52]	@ 0x34
1000271c:	781a      	ldrb	r2, [r3, #0]
1000271e:	2a2e      	cmp	r2, #46	@ 0x2e
10002720:	d022      	beq.n	10002768 <_vsnprintf+0x104>
10002722:	9b0d      	ldr	r3, [sp, #52]	@ 0x34
10002724:	781a      	ldrb	r2, [r3, #0]
10002726:	2a6c      	cmp	r2, #108	@ 0x6c
10002728:	d043      	beq.n	100027b2 <_vsnprintf+0x14e>
1000272a:	d939      	bls.n	100027a0 <_vsnprintf+0x13c>
1000272c:	2a74      	cmp	r2, #116	@ 0x74
1000272e:	d05c      	beq.n	100027ea <_vsnprintf+0x186>
10002730:	2a7a      	cmp	r2, #122	@ 0x7a
10002732:	d15e      	bne.n	100027f2 <_vsnprintf+0x18e>
10002734:	f445 7580 	orr.w	r5, r5, #256	@ 0x100
10002738:	3301      	adds	r3, #1
1000273a:	930d      	str	r3, [sp, #52]	@ 0x34
1000273c:	e059      	b.n	100027f2 <_vsnprintf+0x18e>
1000273e:	a80d      	add	r0, sp, #52	@ 0x34
10002740:	f7ff f9ee 	bl	10001b20 <_atoi>
10002744:	4683      	mov	fp, r0
10002746:	e7e8      	b.n	1000271a <_vsnprintf+0xb6>
10002748:	9b18      	ldr	r3, [sp, #96]	@ 0x60
1000274a:	1d1a      	adds	r2, r3, #4
1000274c:	9218      	str	r2, [sp, #96]	@ 0x60
1000274e:	681b      	ldr	r3, [r3, #0]
10002750:	2b00      	cmp	r3, #0
10002752:	db04      	blt.n	1000275e <_vsnprintf+0xfa>
10002754:	469b      	mov	fp, r3
10002756:	9b0d      	ldr	r3, [sp, #52]	@ 0x34
10002758:	3301      	adds	r3, #1
1000275a:	930d      	str	r3, [sp, #52]	@ 0x34
1000275c:	e7dd      	b.n	1000271a <_vsnprintf+0xb6>
1000275e:	f045 0502 	orr.w	r5, r5, #2
10002762:	f1c3 0b00 	rsb	fp, r3, #0
10002766:	e7f6      	b.n	10002756 <_vsnprintf+0xf2>
10002768:	f445 6580 	orr.w	r5, r5, #1024	@ 0x400
1000276c:	1c5a      	adds	r2, r3, #1
1000276e:	920d      	str	r2, [sp, #52]	@ 0x34
10002770:	785a      	ldrb	r2, [r3, #1]
10002772:	f1a2 0330 	sub.w	r3, r2, #48	@ 0x30
10002776:	b2db      	uxtb	r3, r3
10002778:	2b09      	cmp	r3, #9
1000277a:	d90c      	bls.n	10002796 <_vsnprintf+0x132>
1000277c:	2a2a      	cmp	r2, #42	@ 0x2a
1000277e:	d1d0      	bne.n	10002722 <_vsnprintf+0xbe>
10002780:	9b18      	ldr	r3, [sp, #96]	@ 0x60
10002782:	1d1a      	adds	r2, r3, #4
10002784:	9218      	str	r2, [sp, #96]	@ 0x60
10002786:	681c      	ldr	r4, [r3, #0]
10002788:	ea24 73e4 	bic.w	r3, r4, r4, asr #31
1000278c:	930a      	str	r3, [sp, #40]	@ 0x28
1000278e:	9b0d      	ldr	r3, [sp, #52]	@ 0x34
10002790:	3301      	adds	r3, #1
10002792:	930d      	str	r3, [sp, #52]	@ 0x34
10002794:	e7c5      	b.n	10002722 <_vsnprintf+0xbe>
10002796:	a80d      	add	r0, sp, #52	@ 0x34
10002798:	f7ff f9c2 	bl	10001b20 <_atoi>
1000279c:	900a      	str	r0, [sp, #40]	@ 0x28
1000279e:	e7c0      	b.n	10002722 <_vsnprintf+0xbe>
100027a0:	2a68      	cmp	r2, #104	@ 0x68
100027a2:	d014      	beq.n	100027ce <_vsnprintf+0x16a>
100027a4:	2a6a      	cmp	r2, #106	@ 0x6a
100027a6:	d124      	bne.n	100027f2 <_vsnprintf+0x18e>
100027a8:	f445 7500 	orr.w	r5, r5, #512	@ 0x200
100027ac:	3301      	adds	r3, #1
100027ae:	930d      	str	r3, [sp, #52]	@ 0x34
100027b0:	e01f      	b.n	100027f2 <_vsnprintf+0x18e>
100027b2:	f445 7180 	orr.w	r1, r5, #256	@ 0x100
100027b6:	1c5a      	adds	r2, r3, #1
100027b8:	920d      	str	r2, [sp, #52]	@ 0x34
100027ba:	785a      	ldrb	r2, [r3, #1]
100027bc:	2a6c      	cmp	r2, #108	@ 0x6c
100027be:	d001      	beq.n	100027c4 <_vsnprintf+0x160>
100027c0:	460d      	mov	r5, r1
100027c2:	e016      	b.n	100027f2 <_vsnprintf+0x18e>
100027c4:	f445 7540 	orr.w	r5, r5, #768	@ 0x300
100027c8:	3302      	adds	r3, #2
100027ca:	930d      	str	r3, [sp, #52]	@ 0x34
100027cc:	e011      	b.n	100027f2 <_vsnprintf+0x18e>
100027ce:	f045 0180 	orr.w	r1, r5, #128	@ 0x80
100027d2:	1c5a      	adds	r2, r3, #1
100027d4:	920d      	str	r2, [sp, #52]	@ 0x34
100027d6:	785a      	ldrb	r2, [r3, #1]
100027d8:	2a68      	cmp	r2, #104	@ 0x68
100027da:	d001      	beq.n	100027e0 <_vsnprintf+0x17c>
100027dc:	460d      	mov	r5, r1
100027de:	e008      	b.n	100027f2 <_vsnprintf+0x18e>
100027e0:	f045 05c0 	orr.w	r5, r5, #192	@ 0xc0
100027e4:	3302      	adds	r3, #2
100027e6:	930d      	str	r3, [sp, #52]	@ 0x34
100027e8:	e003      	b.n	100027f2 <_vsnprintf+0x18e>
100027ea:	f445 7580 	orr.w	r5, r5, #256	@ 0x100
100027ee:	3301      	adds	r3, #1
100027f0:	930d      	str	r3, [sp, #52]	@ 0x34
100027f2:	9b0d      	ldr	r3, [sp, #52]	@ 0x34
100027f4:	7818      	ldrb	r0, [r3, #0]
100027f6:	2865      	cmp	r0, #101	@ 0x65
100027f8:	d03d      	beq.n	10002876 <_vsnprintf+0x212>
100027fa:	d871      	bhi.n	100028e0 <_vsnprintf+0x27c>
100027fc:	2846      	cmp	r0, #70	@ 0x46
100027fe:	f000 8087 	beq.w	10002910 <_vsnprintf+0x2ac>
10002802:	d918      	bls.n	10002836 <_vsnprintf+0x1d2>
10002804:	2863      	cmp	r0, #99	@ 0x63
10002806:	d12f      	bne.n	10002868 <_vsnprintf+0x204>
10002808:	f015 0502 	ands.w	r5, r5, #2
1000280c:	f000 81a4 	beq.w	10002b58 <_vsnprintf+0x4f4>
10002810:	2401      	movs	r4, #1
10002812:	9818      	ldr	r0, [sp, #96]	@ 0x60
10002814:	1d03      	adds	r3, r0, #4
10002816:	9318      	str	r3, [sp, #96]	@ 0x60
10002818:	f106 0a01 	add.w	sl, r6, #1
1000281c:	463b      	mov	r3, r7
1000281e:	4632      	mov	r2, r6
10002820:	4649      	mov	r1, r9
10002822:	7800      	ldrb	r0, [r0, #0]
10002824:	47c0      	blx	r8
10002826:	2d00      	cmp	r5, #0
10002828:	f040 8199 	bne.w	10002b5e <_vsnprintf+0x4fa>
1000282c:	9b0d      	ldr	r3, [sp, #52]	@ 0x34
1000282e:	3301      	adds	r3, #1
10002830:	930d      	str	r3, [sp, #52]	@ 0x34
10002832:	4656      	mov	r6, sl
10002834:	e721      	b.n	1000267a <_vsnprintf+0x16>
10002836:	2825      	cmp	r0, #37	@ 0x25
10002838:	d10a      	bne.n	10002850 <_vsnprintf+0x1ec>
1000283a:	1c74      	adds	r4, r6, #1
1000283c:	463b      	mov	r3, r7
1000283e:	4632      	mov	r2, r6
10002840:	4649      	mov	r1, r9
10002842:	2025      	movs	r0, #37	@ 0x25
10002844:	47c0      	blx	r8
10002846:	9b0d      	ldr	r3, [sp, #52]	@ 0x34
10002848:	3301      	adds	r3, #1
1000284a:	930d      	str	r3, [sp, #52]	@ 0x34
1000284c:	4626      	mov	r6, r4
1000284e:	e714      	b.n	1000267a <_vsnprintf+0x16>
10002850:	2845      	cmp	r0, #69	@ 0x45
10002852:	d010      	beq.n	10002876 <_vsnprintf+0x212>
10002854:	1c74      	adds	r4, r6, #1
10002856:	463b      	mov	r3, r7
10002858:	4632      	mov	r2, r6
1000285a:	4649      	mov	r1, r9
1000285c:	47c0      	blx	r8
1000285e:	9b0d      	ldr	r3, [sp, #52]	@ 0x34
10002860:	3301      	adds	r3, #1
10002862:	930d      	str	r3, [sp, #52]	@ 0x34
10002864:	4626      	mov	r6, r4
10002866:	e708      	b.n	1000267a <_vsnprintf+0x16>
10002868:	d82c      	bhi.n	100028c4 <_vsnprintf+0x260>
1000286a:	2858      	cmp	r0, #88	@ 0x58
1000286c:	d02c      	beq.n	100028c8 <_vsnprintf+0x264>
1000286e:	2862      	cmp	r0, #98	@ 0x62
10002870:	d02a      	beq.n	100028c8 <_vsnprintf+0x264>
10002872:	2847      	cmp	r0, #71	@ 0x47
10002874:	d1ee      	bne.n	10002854 <_vsnprintf+0x1f0>
10002876:	2867      	cmp	r0, #103	@ 0x67
10002878:	d001      	beq.n	1000287e <_vsnprintf+0x21a>
1000287a:	2847      	cmp	r0, #71	@ 0x47
1000287c:	d101      	bne.n	10002882 <_vsnprintf+0x21e>
1000287e:	f445 6500 	orr.w	r5, r5, #2048	@ 0x800
10002882:	2845      	cmp	r0, #69	@ 0x45
10002884:	d001      	beq.n	1000288a <_vsnprintf+0x226>
10002886:	2847      	cmp	r0, #71	@ 0x47
10002888:	d101      	bne.n	1000288e <_vsnprintf+0x22a>
1000288a:	f045 0520 	orr.w	r5, r5, #32
1000288e:	9b18      	ldr	r3, [sp, #96]	@ 0x60
10002890:	3307      	adds	r3, #7
10002892:	f023 0307 	bic.w	r3, r3, #7
10002896:	f103 0208 	add.w	r2, r3, #8
1000289a:	9218      	str	r2, [sp, #96]	@ 0x60
1000289c:	9504      	str	r5, [sp, #16]
1000289e:	f8cd b00c 	str.w	fp, [sp, #12]
100028a2:	9a0a      	ldr	r2, [sp, #40]	@ 0x28
100028a4:	9202      	str	r2, [sp, #8]
100028a6:	e9d3 2300 	ldrd	r2, r3, [r3]
100028aa:	e9cd 2300 	strd	r2, r3, [sp]
100028ae:	463b      	mov	r3, r7
100028b0:	4632      	mov	r2, r6
100028b2:	4649      	mov	r1, r9
100028b4:	4640      	mov	r0, r8
100028b6:	f7ff faeb 	bl	10001e90 <_etoa>
100028ba:	4606      	mov	r6, r0
100028bc:	9b0d      	ldr	r3, [sp, #52]	@ 0x34
100028be:	3301      	adds	r3, #1
100028c0:	930d      	str	r3, [sp, #52]	@ 0x34
100028c2:	e6da      	b.n	1000267a <_vsnprintf+0x16>
100028c4:	2864      	cmp	r0, #100	@ 0x64
100028c6:	d1c5      	bne.n	10002854 <_vsnprintf+0x1f0>
100028c8:	2878      	cmp	r0, #120	@ 0x78
100028ca:	d04b      	beq.n	10002964 <_vsnprintf+0x300>
100028cc:	2858      	cmp	r0, #88	@ 0x58
100028ce:	d07c      	beq.n	100029ca <_vsnprintf+0x366>
100028d0:	286f      	cmp	r0, #111	@ 0x6f
100028d2:	d07c      	beq.n	100029ce <_vsnprintf+0x36a>
100028d4:	2862      	cmp	r0, #98	@ 0x62
100028d6:	d07c      	beq.n	100029d2 <_vsnprintf+0x36e>
100028d8:	f025 0510 	bic.w	r5, r5, #16
100028dc:	230a      	movs	r3, #10
100028de:	e042      	b.n	10002966 <_vsnprintf+0x302>
100028e0:	2870      	cmp	r0, #112	@ 0x70
100028e2:	f000 81a4 	beq.w	10002c2e <_vsnprintf+0x5ca>
100028e6:	d90e      	bls.n	10002906 <_vsnprintf+0x2a2>
100028e8:	2873      	cmp	r0, #115	@ 0x73
100028ea:	d134      	bne.n	10002956 <_vsnprintf+0x2f2>
100028ec:	9b18      	ldr	r3, [sp, #96]	@ 0x60
100028ee:	1d1a      	adds	r2, r3, #4
100028f0:	9218      	str	r2, [sp, #96]	@ 0x60
100028f2:	f8d3 a000 	ldr.w	sl, [r3]
100028f6:	9b0a      	ldr	r3, [sp, #40]	@ 0x28
100028f8:	2b00      	cmp	r3, #0
100028fa:	f040 815a 	bne.w	10002bb2 <_vsnprintf+0x54e>
100028fe:	f04f 32ff 	mov.w	r2, #4294967295	@ 0xffffffff
10002902:	4653      	mov	r3, sl
10002904:	e13b      	b.n	10002b7e <_vsnprintf+0x51a>
10002906:	2867      	cmp	r0, #103	@ 0x67
10002908:	d0b5      	beq.n	10002876 <_vsnprintf+0x212>
1000290a:	d81f      	bhi.n	1000294c <_vsnprintf+0x2e8>
1000290c:	2866      	cmp	r0, #102	@ 0x66
1000290e:	d1a1      	bne.n	10002854 <_vsnprintf+0x1f0>
10002910:	2846      	cmp	r0, #70	@ 0x46
10002912:	f000 8111 	beq.w	10002b38 <_vsnprintf+0x4d4>
10002916:	9b18      	ldr	r3, [sp, #96]	@ 0x60
10002918:	3307      	adds	r3, #7
1000291a:	f023 0307 	bic.w	r3, r3, #7
1000291e:	f103 0208 	add.w	r2, r3, #8
10002922:	9218      	str	r2, [sp, #96]	@ 0x60
10002924:	9504      	str	r5, [sp, #16]
10002926:	f8cd b00c 	str.w	fp, [sp, #12]
1000292a:	9a0a      	ldr	r2, [sp, #40]	@ 0x28
1000292c:	9202      	str	r2, [sp, #8]
1000292e:	e9d3 2300 	ldrd	r2, r3, [r3]
10002932:	e9cd 2300 	strd	r2, r3, [sp]
10002936:	463b      	mov	r3, r7
10002938:	4632      	mov	r2, r6
1000293a:	4649      	mov	r1, r9
1000293c:	4640      	mov	r0, r8
1000293e:	f7ff fcc7 	bl	100022d0 <_ftoa>
10002942:	4606      	mov	r6, r0
10002944:	9b0d      	ldr	r3, [sp, #52]	@ 0x34
10002946:	3301      	adds	r3, #1
10002948:	930d      	str	r3, [sp, #52]	@ 0x34
1000294a:	e696      	b.n	1000267a <_vsnprintf+0x16>
1000294c:	2869      	cmp	r0, #105	@ 0x69
1000294e:	d0bb      	beq.n	100028c8 <_vsnprintf+0x264>
10002950:	286f      	cmp	r0, #111	@ 0x6f
10002952:	d0b9      	beq.n	100028c8 <_vsnprintf+0x264>
10002954:	e77e      	b.n	10002854 <_vsnprintf+0x1f0>
10002956:	f4ff af7d 	bcc.w	10002854 <_vsnprintf+0x1f0>
1000295a:	2875      	cmp	r0, #117	@ 0x75
1000295c:	d0b4      	beq.n	100028c8 <_vsnprintf+0x264>
1000295e:	2878      	cmp	r0, #120	@ 0x78
10002960:	d0b2      	beq.n	100028c8 <_vsnprintf+0x264>
10002962:	e777      	b.n	10002854 <_vsnprintf+0x1f0>
10002964:	2310      	movs	r3, #16
10002966:	2858      	cmp	r0, #88	@ 0x58
10002968:	d035      	beq.n	100029d6 <_vsnprintf+0x372>
1000296a:	2869      	cmp	r0, #105	@ 0x69
1000296c:	d003      	beq.n	10002976 <_vsnprintf+0x312>
1000296e:	2864      	cmp	r0, #100	@ 0x64
10002970:	d001      	beq.n	10002976 <_vsnprintf+0x312>
10002972:	f025 050c 	bic.w	r5, r5, #12
10002976:	f415 6f80 	tst.w	r5, #1024	@ 0x400
1000297a:	d001      	beq.n	10002980 <_vsnprintf+0x31c>
1000297c:	f025 0501 	bic.w	r5, r5, #1
10002980:	2869      	cmp	r0, #105	@ 0x69
10002982:	d02b      	beq.n	100029dc <_vsnprintf+0x378>
10002984:	2864      	cmp	r0, #100	@ 0x64
10002986:	d029      	beq.n	100029dc <_vsnprintf+0x378>
10002988:	f415 7f00 	tst.w	r5, #512	@ 0x200
1000298c:	f040 8096 	bne.w	10002abc <_vsnprintf+0x458>
10002990:	f415 7f80 	tst.w	r5, #256	@ 0x100
10002994:	f040 80ae 	bne.w	10002af4 <_vsnprintf+0x490>
10002998:	f015 0f40 	tst.w	r5, #64	@ 0x40
1000299c:	f000 80bf 	beq.w	10002b1e <_vsnprintf+0x4ba>
100029a0:	9a18      	ldr	r2, [sp, #96]	@ 0x60
100029a2:	1d11      	adds	r1, r2, #4
100029a4:	9118      	str	r1, [sp, #96]	@ 0x60
100029a6:	7812      	ldrb	r2, [r2, #0]
100029a8:	9505      	str	r5, [sp, #20]
100029aa:	f8cd b010 	str.w	fp, [sp, #16]
100029ae:	990a      	ldr	r1, [sp, #40]	@ 0x28
100029b0:	9103      	str	r1, [sp, #12]
100029b2:	9302      	str	r3, [sp, #8]
100029b4:	2300      	movs	r3, #0
100029b6:	9301      	str	r3, [sp, #4]
100029b8:	9200      	str	r2, [sp, #0]
100029ba:	463b      	mov	r3, r7
100029bc:	4632      	mov	r2, r6
100029be:	4649      	mov	r1, r9
100029c0:	4640      	mov	r0, r8
100029c2:	f7ff f9b4 	bl	10001d2e <_ntoa_long>
100029c6:	4606      	mov	r6, r0
100029c8:	e029      	b.n	10002a1e <_vsnprintf+0x3ba>
100029ca:	2310      	movs	r3, #16
100029cc:	e7cb      	b.n	10002966 <_vsnprintf+0x302>
100029ce:	2308      	movs	r3, #8
100029d0:	e7c9      	b.n	10002966 <_vsnprintf+0x302>
100029d2:	2302      	movs	r3, #2
100029d4:	e7c7      	b.n	10002966 <_vsnprintf+0x302>
100029d6:	f045 0520 	orr.w	r5, r5, #32
100029da:	e7c6      	b.n	1000296a <_vsnprintf+0x306>
100029dc:	f415 7f00 	tst.w	r5, #512	@ 0x200
100029e0:	d121      	bne.n	10002a26 <_vsnprintf+0x3c2>
100029e2:	f415 7f80 	tst.w	r5, #256	@ 0x100
100029e6:	d142      	bne.n	10002a6e <_vsnprintf+0x40a>
100029e8:	f015 0f40 	tst.w	r5, #64	@ 0x40
100029ec:	d058      	beq.n	10002aa0 <_vsnprintf+0x43c>
100029ee:	9a18      	ldr	r2, [sp, #96]	@ 0x60
100029f0:	1d11      	adds	r1, r2, #4
100029f2:	9118      	str	r1, [sp, #96]	@ 0x60
100029f4:	7812      	ldrb	r2, [r2, #0]
100029f6:	ea82 71e2 	eor.w	r1, r2, r2, asr #31
100029fa:	eba1 71e2 	sub.w	r1, r1, r2, asr #31
100029fe:	9505      	str	r5, [sp, #20]
10002a00:	f8cd b010 	str.w	fp, [sp, #16]
10002a04:	980a      	ldr	r0, [sp, #40]	@ 0x28
10002a06:	9003      	str	r0, [sp, #12]
10002a08:	9302      	str	r3, [sp, #8]
10002a0a:	0fd2      	lsrs	r2, r2, #31
10002a0c:	9201      	str	r2, [sp, #4]
10002a0e:	9100      	str	r1, [sp, #0]
10002a10:	463b      	mov	r3, r7
10002a12:	4632      	mov	r2, r6
10002a14:	4649      	mov	r1, r9
10002a16:	4640      	mov	r0, r8
10002a18:	f7ff f989 	bl	10001d2e <_ntoa_long>
10002a1c:	4606      	mov	r6, r0
10002a1e:	9b0d      	ldr	r3, [sp, #52]	@ 0x34
10002a20:	3301      	adds	r3, #1
10002a22:	930d      	str	r3, [sp, #52]	@ 0x34
10002a24:	e629      	b.n	1000267a <_vsnprintf+0x16>
10002a26:	9a18      	ldr	r2, [sp, #96]	@ 0x60
10002a28:	3207      	adds	r2, #7
10002a2a:	f022 0207 	bic.w	r2, r2, #7
10002a2e:	f102 0108 	add.w	r1, r2, #8
10002a32:	9118      	str	r1, [sp, #96]	@ 0x60
10002a34:	6851      	ldr	r1, [r2, #4]
10002a36:	6812      	ldr	r2, [r2, #0]
10002a38:	4608      	mov	r0, r1
10002a3a:	2900      	cmp	r1, #0
10002a3c:	db13      	blt.n	10002a66 <_vsnprintf+0x402>
10002a3e:	9508      	str	r5, [sp, #32]
10002a40:	f8cd b01c 	str.w	fp, [sp, #28]
10002a44:	9c0a      	ldr	r4, [sp, #40]	@ 0x28
10002a46:	9406      	str	r4, [sp, #24]
10002a48:	9304      	str	r3, [sp, #16]
10002a4a:	2300      	movs	r3, #0
10002a4c:	9305      	str	r3, [sp, #20]
10002a4e:	0fc9      	lsrs	r1, r1, #31
10002a50:	9102      	str	r1, [sp, #8]
10002a52:	9200      	str	r2, [sp, #0]
10002a54:	9001      	str	r0, [sp, #4]
10002a56:	463b      	mov	r3, r7
10002a58:	4632      	mov	r2, r6
10002a5a:	4649      	mov	r1, r9
10002a5c:	4640      	mov	r0, r8
10002a5e:	f7ff f9b6 	bl	10001dce <_ntoa_long_long>
10002a62:	4606      	mov	r6, r0
10002a64:	e7db      	b.n	10002a1e <_vsnprintf+0x3ba>
10002a66:	4252      	negs	r2, r2
10002a68:	eb61 0041 	sbc.w	r0, r1, r1, lsl #1
10002a6c:	e7e7      	b.n	10002a3e <_vsnprintf+0x3da>
10002a6e:	9a18      	ldr	r2, [sp, #96]	@ 0x60
10002a70:	1d11      	adds	r1, r2, #4
10002a72:	9118      	str	r1, [sp, #96]	@ 0x60
10002a74:	6812      	ldr	r2, [r2, #0]
10002a76:	ea82 71e2 	eor.w	r1, r2, r2, asr #31
10002a7a:	eba1 71e2 	sub.w	r1, r1, r2, asr #31
10002a7e:	9505      	str	r5, [sp, #20]
10002a80:	f8cd b010 	str.w	fp, [sp, #16]
10002a84:	980a      	ldr	r0, [sp, #40]	@ 0x28
10002a86:	9003      	str	r0, [sp, #12]
10002a88:	9302      	str	r3, [sp, #8]
10002a8a:	0fd2      	lsrs	r2, r2, #31
10002a8c:	9201      	str	r2, [sp, #4]
10002a8e:	9100      	str	r1, [sp, #0]
10002a90:	463b      	mov	r3, r7
10002a92:	4632      	mov	r2, r6
10002a94:	4649      	mov	r1, r9
10002a96:	4640      	mov	r0, r8
10002a98:	f7ff f949 	bl	10001d2e <_ntoa_long>
10002a9c:	4606      	mov	r6, r0
10002a9e:	e7be      	b.n	10002a1e <_vsnprintf+0x3ba>
10002aa0:	f015 0f80 	tst.w	r5, #128	@ 0x80
10002aa4:	d005      	beq.n	10002ab2 <_vsnprintf+0x44e>
10002aa6:	9a18      	ldr	r2, [sp, #96]	@ 0x60
10002aa8:	1d11      	adds	r1, r2, #4
10002aaa:	9118      	str	r1, [sp, #96]	@ 0x60
10002aac:	f9b2 2000 	ldrsh.w	r2, [r2]
10002ab0:	e7a1      	b.n	100029f6 <_vsnprintf+0x392>
10002ab2:	9a18      	ldr	r2, [sp, #96]	@ 0x60
10002ab4:	1d11      	adds	r1, r2, #4
10002ab6:	9118      	str	r1, [sp, #96]	@ 0x60
10002ab8:	6812      	ldr	r2, [r2, #0]
10002aba:	e79c      	b.n	100029f6 <_vsnprintf+0x392>
10002abc:	9a18      	ldr	r2, [sp, #96]	@ 0x60
10002abe:	3207      	adds	r2, #7
10002ac0:	f022 0207 	bic.w	r2, r2, #7
10002ac4:	f102 0108 	add.w	r1, r2, #8
10002ac8:	9118      	str	r1, [sp, #96]	@ 0x60
10002aca:	9508      	str	r5, [sp, #32]
10002acc:	f8cd b01c 	str.w	fp, [sp, #28]
10002ad0:	990a      	ldr	r1, [sp, #40]	@ 0x28
10002ad2:	9106      	str	r1, [sp, #24]
10002ad4:	2100      	movs	r1, #0
10002ad6:	9304      	str	r3, [sp, #16]
10002ad8:	9105      	str	r1, [sp, #20]
10002ada:	9102      	str	r1, [sp, #8]
10002adc:	e9d2 2300 	ldrd	r2, r3, [r2]
10002ae0:	e9cd 2300 	strd	r2, r3, [sp]
10002ae4:	463b      	mov	r3, r7
10002ae6:	4632      	mov	r2, r6
10002ae8:	4649      	mov	r1, r9
10002aea:	4640      	mov	r0, r8
10002aec:	f7ff f96f 	bl	10001dce <_ntoa_long_long>
10002af0:	4606      	mov	r6, r0
10002af2:	e794      	b.n	10002a1e <_vsnprintf+0x3ba>
10002af4:	9a18      	ldr	r2, [sp, #96]	@ 0x60
10002af6:	1d11      	adds	r1, r2, #4
10002af8:	9118      	str	r1, [sp, #96]	@ 0x60
10002afa:	9505      	str	r5, [sp, #20]
10002afc:	f8cd b010 	str.w	fp, [sp, #16]
10002b00:	990a      	ldr	r1, [sp, #40]	@ 0x28
10002b02:	9103      	str	r1, [sp, #12]
10002b04:	9302      	str	r3, [sp, #8]
10002b06:	2300      	movs	r3, #0
10002b08:	9301      	str	r3, [sp, #4]
10002b0a:	6813      	ldr	r3, [r2, #0]
10002b0c:	9300      	str	r3, [sp, #0]
10002b0e:	463b      	mov	r3, r7
10002b10:	4632      	mov	r2, r6
10002b12:	4649      	mov	r1, r9
10002b14:	4640      	mov	r0, r8
10002b16:	f7ff f90a 	bl	10001d2e <_ntoa_long>
10002b1a:	4606      	mov	r6, r0
10002b1c:	e77f      	b.n	10002a1e <_vsnprintf+0x3ba>
10002b1e:	f015 0f80 	tst.w	r5, #128	@ 0x80
10002b22:	d004      	beq.n	10002b2e <_vsnprintf+0x4ca>
10002b24:	9a18      	ldr	r2, [sp, #96]	@ 0x60
10002b26:	1d11      	adds	r1, r2, #4
10002b28:	9118      	str	r1, [sp, #96]	@ 0x60
10002b2a:	8812      	ldrh	r2, [r2, #0]
10002b2c:	e73c      	b.n	100029a8 <_vsnprintf+0x344>
10002b2e:	9a18      	ldr	r2, [sp, #96]	@ 0x60
10002b30:	1d11      	adds	r1, r2, #4
10002b32:	9118      	str	r1, [sp, #96]	@ 0x60
10002b34:	6812      	ldr	r2, [r2, #0]
10002b36:	e737      	b.n	100029a8 <_vsnprintf+0x344>
10002b38:	f045 0520 	orr.w	r5, r5, #32
10002b3c:	e6eb      	b.n	10002916 <_vsnprintf+0x2b2>
10002b3e:	f102 0a01 	add.w	sl, r2, #1
10002b42:	463b      	mov	r3, r7
10002b44:	4649      	mov	r1, r9
10002b46:	2020      	movs	r0, #32
10002b48:	47c0      	blx	r8
10002b4a:	4623      	mov	r3, r4
10002b4c:	4652      	mov	r2, sl
10002b4e:	1c5c      	adds	r4, r3, #1
10002b50:	459b      	cmp	fp, r3
10002b52:	d8f4      	bhi.n	10002b3e <_vsnprintf+0x4da>
10002b54:	4616      	mov	r6, r2
10002b56:	e65c      	b.n	10002812 <_vsnprintf+0x1ae>
10002b58:	2301      	movs	r3, #1
10002b5a:	4632      	mov	r2, r6
10002b5c:	e7f7      	b.n	10002b4e <_vsnprintf+0x4ea>
10002b5e:	4652      	mov	r2, sl
10002b60:	e006      	b.n	10002b70 <_vsnprintf+0x50c>
10002b62:	1c56      	adds	r6, r2, #1
10002b64:	463b      	mov	r3, r7
10002b66:	4649      	mov	r1, r9
10002b68:	2020      	movs	r0, #32
10002b6a:	47c0      	blx	r8
10002b6c:	462c      	mov	r4, r5
10002b6e:	4632      	mov	r2, r6
10002b70:	1c65      	adds	r5, r4, #1
10002b72:	45a3      	cmp	fp, r4
10002b74:	d8f5      	bhi.n	10002b62 <_vsnprintf+0x4fe>
10002b76:	4692      	mov	sl, r2
10002b78:	e658      	b.n	1000282c <_vsnprintf+0x1c8>
10002b7a:	3301      	adds	r3, #1
10002b7c:	460a      	mov	r2, r1
10002b7e:	7819      	ldrb	r1, [r3, #0]
10002b80:	b111      	cbz	r1, 10002b88 <_vsnprintf+0x524>
10002b82:	1e51      	subs	r1, r2, #1
10002b84:	2a00      	cmp	r2, #0
10002b86:	d1f8      	bne.n	10002b7a <_vsnprintf+0x516>
10002b88:	eba3 030a 	sub.w	r3, r3, sl
10002b8c:	f415 6280 	ands.w	r2, r5, #1024	@ 0x400
10002b90:	920b      	str	r2, [sp, #44]	@ 0x2c
10002b92:	d003      	beq.n	10002b9c <_vsnprintf+0x538>
10002b94:	9a0a      	ldr	r2, [sp, #40]	@ 0x28
10002b96:	4293      	cmp	r3, r2
10002b98:	bf28      	it	cs
10002b9a:	4613      	movcs	r3, r2
10002b9c:	f015 0402 	ands.w	r4, r5, #2
10002ba0:	d009      	beq.n	10002bb6 <_vsnprintf+0x552>
10002ba2:	4632      	mov	r2, r6
10002ba4:	9e0b      	ldr	r6, [sp, #44]	@ 0x2c
10002ba6:	940b      	str	r4, [sp, #44]	@ 0x2c
10002ba8:	f8cd b030 	str.w	fp, [sp, #48]	@ 0x30
10002bac:	9d0a      	ldr	r5, [sp, #40]	@ 0x28
10002bae:	469b      	mov	fp, r3
10002bb0:	e01f      	b.n	10002bf2 <_vsnprintf+0x58e>
10002bb2:	9a0a      	ldr	r2, [sp, #40]	@ 0x28
10002bb4:	e6a5      	b.n	10002902 <_vsnprintf+0x29e>
10002bb6:	4632      	mov	r2, r6
10002bb8:	4626      	mov	r6, r4
10002bba:	e006      	b.n	10002bca <_vsnprintf+0x566>
10002bbc:	1c54      	adds	r4, r2, #1
10002bbe:	463b      	mov	r3, r7
10002bc0:	4649      	mov	r1, r9
10002bc2:	2020      	movs	r0, #32
10002bc4:	47c0      	blx	r8
10002bc6:	462b      	mov	r3, r5
10002bc8:	4622      	mov	r2, r4
10002bca:	1c5d      	adds	r5, r3, #1
10002bcc:	459b      	cmp	fp, r3
10002bce:	d8f5      	bhi.n	10002bbc <_vsnprintf+0x558>
10002bd0:	4634      	mov	r4, r6
10002bd2:	462b      	mov	r3, r5
10002bd4:	9e0b      	ldr	r6, [sp, #44]	@ 0x2c
10002bd6:	940b      	str	r4, [sp, #44]	@ 0x2c
10002bd8:	f8cd b030 	str.w	fp, [sp, #48]	@ 0x30
10002bdc:	9d0a      	ldr	r5, [sp, #40]	@ 0x28
10002bde:	469b      	mov	fp, r3
10002be0:	e007      	b.n	10002bf2 <_vsnprintf+0x58e>
10002be2:	461d      	mov	r5, r3
10002be4:	f10a 0a01 	add.w	sl, sl, #1
10002be8:	1c54      	adds	r4, r2, #1
10002bea:	463b      	mov	r3, r7
10002bec:	4649      	mov	r1, r9
10002bee:	47c0      	blx	r8
10002bf0:	4622      	mov	r2, r4
10002bf2:	f89a 0000 	ldrb.w	r0, [sl]
10002bf6:	b120      	cbz	r0, 10002c02 <_vsnprintf+0x59e>
10002bf8:	2e00      	cmp	r6, #0
10002bfa:	d0f3      	beq.n	10002be4 <_vsnprintf+0x580>
10002bfc:	1e6b      	subs	r3, r5, #1
10002bfe:	2d00      	cmp	r5, #0
10002c00:	d1ef      	bne.n	10002be2 <_vsnprintf+0x57e>
10002c02:	4616      	mov	r6, r2
10002c04:	9c0b      	ldr	r4, [sp, #44]	@ 0x2c
10002c06:	465b      	mov	r3, fp
10002c08:	f8dd b030 	ldr.w	fp, [sp, #48]	@ 0x30
10002c0c:	b954      	cbnz	r4, 10002c24 <_vsnprintf+0x5c0>
10002c0e:	9b0d      	ldr	r3, [sp, #52]	@ 0x34
10002c10:	3301      	adds	r3, #1
10002c12:	930d      	str	r3, [sp, #52]	@ 0x34
10002c14:	e531      	b.n	1000267a <_vsnprintf+0x16>
10002c16:	1c55      	adds	r5, r2, #1
10002c18:	463b      	mov	r3, r7
10002c1a:	4649      	mov	r1, r9
10002c1c:	2020      	movs	r0, #32
10002c1e:	47c0      	blx	r8
10002c20:	4623      	mov	r3, r4
10002c22:	462a      	mov	r2, r5
10002c24:	1c5c      	adds	r4, r3, #1
10002c26:	459b      	cmp	fp, r3
10002c28:	d8f5      	bhi.n	10002c16 <_vsnprintf+0x5b2>
10002c2a:	4616      	mov	r6, r2
10002c2c:	e7ef      	b.n	10002c0e <_vsnprintf+0x5aa>
10002c2e:	f045 0521 	orr.w	r5, r5, #33	@ 0x21
10002c32:	9b18      	ldr	r3, [sp, #96]	@ 0x60
10002c34:	1d1a      	adds	r2, r3, #4
10002c36:	9218      	str	r2, [sp, #96]	@ 0x60
10002c38:	681b      	ldr	r3, [r3, #0]
10002c3a:	9505      	str	r5, [sp, #20]
10002c3c:	2208      	movs	r2, #8
10002c3e:	9204      	str	r2, [sp, #16]
10002c40:	9a0a      	ldr	r2, [sp, #40]	@ 0x28
10002c42:	9203      	str	r2, [sp, #12]
10002c44:	2210      	movs	r2, #16
10002c46:	9202      	str	r2, [sp, #8]
10002c48:	2200      	movs	r2, #0
10002c4a:	9201      	str	r2, [sp, #4]
10002c4c:	9300      	str	r3, [sp, #0]
10002c4e:	463b      	mov	r3, r7
10002c50:	4632      	mov	r2, r6
10002c52:	4649      	mov	r1, r9
10002c54:	4640      	mov	r0, r8
10002c56:	f7ff f86a 	bl	10001d2e <_ntoa_long>
10002c5a:	4606      	mov	r6, r0
10002c5c:	9b0d      	ldr	r3, [sp, #52]	@ 0x34
10002c5e:	3301      	adds	r3, #1
10002c60:	930d      	str	r3, [sp, #52]	@ 0x34
10002c62:	e50a      	b.n	1000267a <_vsnprintf+0x16>
10002c64:	f8df 801c 	ldr.w	r8, [pc, #28]	@ 10002c84 <_vsnprintf+0x620>
10002c68:	e506      	b.n	10002678 <_vsnprintf+0x14>
10002c6a:	42be      	cmp	r6, r7
10002c6c:	d308      	bcc.n	10002c80 <_vsnprintf+0x61c>
10002c6e:	1e7a      	subs	r2, r7, #1
10002c70:	463b      	mov	r3, r7
10002c72:	4649      	mov	r1, r9
10002c74:	2000      	movs	r0, #0
10002c76:	47c0      	blx	r8
10002c78:	4630      	mov	r0, r6
10002c7a:	b00f      	add	sp, #60	@ 0x3c
10002c7c:	e8bd 8ff0 	ldmia.w	sp!, {r4, r5, r6, r7, r8, r9, sl, fp, pc}
10002c80:	4632      	mov	r2, r6
10002c82:	e7f5      	b.n	10002c70 <_vsnprintf+0x60c>
10002c84:	10001b11 	.word	0x10001b11

10002c88 <vfctprintf>:
10002c88:	b500      	push	{lr}
10002c8a:	b085      	sub	sp, #20
10002c8c:	9002      	str	r0, [sp, #8]
10002c8e:	9103      	str	r1, [sp, #12]
10002c90:	9300      	str	r3, [sp, #0]
10002c92:	4613      	mov	r3, r2
10002c94:	f04f 32ff 	mov.w	r2, #4294967295	@ 0xffffffff
10002c98:	a902      	add	r1, sp, #8
10002c9a:	4802      	ldr	r0, [pc, #8]	@ (10002ca4 <vfctprintf+0x1c>)
10002c9c:	f7ff fce2 	bl	10002664 <_vsnprintf>
10002ca0:	b005      	add	sp, #20
10002ca2:	bd00      	pop	{pc}
10002ca4:	10001b13 	.word	0x10001b13

10002ca8 <_exit>:
10002ca8:	be00      	bkpt	0x0000
10002caa:	e7fd      	b.n	10002ca8 <_exit>

10002cac <_fini>:
10002cac:	4770      	bx	lr

10002cae <exit>:
10002cae:	b508      	push	{r3, lr}
10002cb0:	f7ff fffa 	bl	10002ca8 <_exit>

10002cb4 <__assert_func>:
10002cb4:	b500      	push	{lr}
10002cb6:	b083      	sub	sp, #12
10002cb8:	468c      	mov	ip, r1
10002cba:	4619      	mov	r1, r3
10002cbc:	b162      	cbz	r2, 10002cd8 <__assert_func+0x24>
10002cbe:	4696      	mov	lr, r2
10002cc0:	4b07      	ldr	r3, [pc, #28]	@ (10002ce0 <__assert_func+0x2c>)
10002cc2:	f8cd e004 	str.w	lr, [sp, #4]
10002cc6:	9300      	str	r3, [sp, #0]
10002cc8:	4663      	mov	r3, ip
10002cca:	4602      	mov	r2, r0
10002ccc:	4805      	ldr	r0, [pc, #20]	@ (10002ce4 <__assert_func+0x30>)
10002cce:	f000 f94f 	bl	10002f70 <__wrap_printf>
10002cd2:	2001      	movs	r0, #1
10002cd4:	f7ff ffe8 	bl	10002ca8 <_exit>
10002cd8:	4b03      	ldr	r3, [pc, #12]	@ (10002ce8 <__assert_func+0x34>)
10002cda:	469e      	mov	lr, r3
10002cdc:	e7f1      	b.n	10002cc2 <__assert_func+0xe>
10002cde:	bf00      	nop
10002ce0:	10006180 	.word	0x10006180
10002ce4:	10006190 	.word	0x10006190
10002ce8:	10005c38 	.word	0x10005c38

10002cec <runtime_init>:
10002cec:	b510      	push	{r4, lr}
10002cee:	f3ef 8305 	mrs	r3, IPSR
10002cf2:	b2db      	uxtb	r3, r3
10002cf4:	b103      	cbz	r3, 10002cf8 <runtime_init+0xc>
10002cf6:	be00      	bkpt	0x0000
10002cf8:	f7fe fcac 	bl	10001654 <runtime_run_initializers>
10002cfc:	4c04      	ldr	r4, [pc, #16]	@ (10002d10 <runtime_init+0x24>)
10002cfe:	e002      	b.n	10002d06 <runtime_init+0x1a>
10002d00:	f854 3b04 	ldr.w	r3, [r4], #4
10002d04:	4798      	blx	r3
10002d06:	4b03      	ldr	r3, [pc, #12]	@ (10002d14 <runtime_init+0x28>)
10002d08:	429c      	cmp	r4, r3
10002d0a:	d3f9      	bcc.n	10002d00 <runtime_init+0x14>
10002d0c:	bd10      	pop	{r4, pc}
10002d0e:	bf00      	nop
10002d10:	10005ba8 	.word	0x10005ba8
10002d14:	10005bac 	.word	0x10005bac

10002d18 <stdio_out_chars_no_crlf>:
10002d18:	b508      	push	{r3, lr}
10002d1a:	4603      	mov	r3, r0
10002d1c:	4608      	mov	r0, r1
10002d1e:	681b      	ldr	r3, [r3, #0]
10002d20:	4611      	mov	r1, r2
10002d22:	4798      	blx	r3
10002d24:	bd08      	pop	{r3, pc}
	...

10002d28 <stdio_out_chars_crlf>:
10002d28:	b5f8      	push	{r3, r4, r5, r6, r7, lr}
10002d2a:	4607      	mov	r7, r0
10002d2c:	460d      	mov	r5, r1
10002d2e:	4616      	mov	r6, r2
10002d30:	7d43      	ldrb	r3, [r0, #21]
10002d32:	b113      	cbz	r3, 10002d3a <stdio_out_chars_crlf+0x12>
10002d34:	2400      	movs	r4, #0
10002d36:	4620      	mov	r0, r4
10002d38:	e00c      	b.n	10002d54 <stdio_out_chars_crlf+0x2c>
10002d3a:	6803      	ldr	r3, [r0, #0]
10002d3c:	4611      	mov	r1, r2
10002d3e:	4628      	mov	r0, r5
10002d40:	4798      	blx	r3
10002d42:	e02c      	b.n	10002d9e <stdio_out_chars_crlf+0x76>
10002d44:	7d3b      	ldrb	r3, [r7, #20]
10002d46:	e00f      	b.n	10002d68 <stdio_out_chars_crlf+0x40>
10002d48:	683b      	ldr	r3, [r7, #0]
10002d4a:	2102      	movs	r1, #2
10002d4c:	4814      	ldr	r0, [pc, #80]	@ (10002da0 <stdio_out_chars_crlf+0x78>)
10002d4e:	4798      	blx	r3
10002d50:	1c60      	adds	r0, r4, #1
10002d52:	3401      	adds	r4, #1
10002d54:	42b4      	cmp	r4, r6
10002d56:	da13      	bge.n	10002d80 <stdio_out_chars_crlf+0x58>
10002d58:	2c00      	cmp	r4, #0
10002d5a:	ddf3      	ble.n	10002d44 <stdio_out_chars_crlf+0x1c>
10002d5c:	1e63      	subs	r3, r4, #1
10002d5e:	5ceb      	ldrb	r3, [r5, r3]
10002d60:	2b0d      	cmp	r3, #13
10002d62:	bf14      	ite	ne
10002d64:	2300      	movne	r3, #0
10002d66:	2301      	moveq	r3, #1
10002d68:	5d2a      	ldrb	r2, [r5, r4]
10002d6a:	2a0a      	cmp	r2, #10
10002d6c:	d1f1      	bne.n	10002d52 <stdio_out_chars_crlf+0x2a>
10002d6e:	2b00      	cmp	r3, #0
10002d70:	d1ef      	bne.n	10002d52 <stdio_out_chars_crlf+0x2a>
10002d72:	42a0      	cmp	r0, r4
10002d74:	dae8      	bge.n	10002d48 <stdio_out_chars_crlf+0x20>
10002d76:	683b      	ldr	r3, [r7, #0]
10002d78:	1a21      	subs	r1, r4, r0
10002d7a:	4428      	add	r0, r5
10002d7c:	4798      	blx	r3
10002d7e:	e7e3      	b.n	10002d48 <stdio_out_chars_crlf+0x20>
10002d80:	42b0      	cmp	r0, r6
10002d82:	da03      	bge.n	10002d8c <stdio_out_chars_crlf+0x64>
10002d84:	683b      	ldr	r3, [r7, #0]
10002d86:	1a31      	subs	r1, r6, r0
10002d88:	4428      	add	r0, r5
10002d8a:	4798      	blx	r3
10002d8c:	2e00      	cmp	r6, #0
10002d8e:	dd06      	ble.n	10002d9e <stdio_out_chars_crlf+0x76>
10002d90:	3e01      	subs	r6, #1
10002d92:	5dab      	ldrb	r3, [r5, r6]
10002d94:	2b0d      	cmp	r3, #13
10002d96:	bf14      	ite	ne
10002d98:	2300      	movne	r3, #0
10002d9a:	2301      	moveq	r3, #1
10002d9c:	753b      	strb	r3, [r7, #20]
10002d9e:	bdf8      	pop	{r3, r4, r5, r6, r7, pc}
10002da0:	10006638 	.word	0x10006638

10002da4 <stdio_stack_buffer_flush>:
10002da4:	b538      	push	{r3, r4, r5, lr}
10002da6:	6803      	ldr	r3, [r0, #0]
10002da8:	b1b3      	cbz	r3, 10002dd8 <stdio_stack_buffer_flush+0x34>
10002daa:	4605      	mov	r5, r0
10002dac:	4b0b      	ldr	r3, [pc, #44]	@ (10002ddc <stdio_stack_buffer_flush+0x38>)
10002dae:	681c      	ldr	r4, [r3, #0]
10002db0:	e006      	b.n	10002dc0 <stdio_stack_buffer_flush+0x1c>
10002db2:	4629      	mov	r1, r5
10002db4:	f851 2b04 	ldr.w	r2, [r1], #4
10002db8:	4620      	mov	r0, r4
10002dba:	f7ff ffb5 	bl	10002d28 <stdio_out_chars_crlf>
10002dbe:	6924      	ldr	r4, [r4, #16]
10002dc0:	b14c      	cbz	r4, 10002dd6 <stdio_stack_buffer_flush+0x32>
10002dc2:	6823      	ldr	r3, [r4, #0]
10002dc4:	2b00      	cmp	r3, #0
10002dc6:	d0fa      	beq.n	10002dbe <stdio_stack_buffer_flush+0x1a>
10002dc8:	4b05      	ldr	r3, [pc, #20]	@ (10002de0 <stdio_stack_buffer_flush+0x3c>)
10002dca:	681b      	ldr	r3, [r3, #0]
10002dcc:	2b00      	cmp	r3, #0
10002dce:	d0f0      	beq.n	10002db2 <stdio_stack_buffer_flush+0xe>
10002dd0:	42a3      	cmp	r3, r4
10002dd2:	d1f4      	bne.n	10002dbe <stdio_stack_buffer_flush+0x1a>
10002dd4:	e7ed      	b.n	10002db2 <stdio_stack_buffer_flush+0xe>
10002dd6:	602c      	str	r4, [r5, #0]
10002dd8:	bd38      	pop	{r3, r4, r5, pc}
10002dda:	bf00      	nop
10002ddc:	200013e4 	.word	0x200013e4
10002de0:	200013ec 	.word	0x200013ec

10002de4 <stdio_buffered_printer>:
10002de4:	b508      	push	{r3, lr}
10002de6:	680b      	ldr	r3, [r1, #0]
10002de8:	1c5a      	adds	r2, r3, #1
10002dea:	600a      	str	r2, [r1, #0]
10002dec:	440b      	add	r3, r1
10002dee:	7118      	strb	r0, [r3, #4]
10002df0:	2a80      	cmp	r2, #128	@ 0x80
10002df2:	d000      	beq.n	10002df6 <stdio_buffered_printer+0x12>
10002df4:	bd08      	pop	{r3, pc}
10002df6:	4608      	mov	r0, r1
10002df8:	f7ff ffd4 	bl	10002da4 <stdio_stack_buffer_flush>
10002dfc:	e7fa      	b.n	10002df4 <stdio_buffered_printer+0x10>
	...

10002e00 <stdout_serialize_begin>:
10002e00:	b508      	push	{r3, lr}
10002e02:	f7fe fa1d 	bl	10001240 <time_us_64>
10002e06:	4a07      	ldr	r2, [pc, #28]	@ (10002e24 <stdout_serialize_begin+0x24>)
10002e08:	1882      	adds	r2, r0, r2
10002e0a:	f141 0300 	adc.w	r3, r1, #0
10002e0e:	2b00      	cmp	r3, #0
10002e10:	db03      	blt.n	10002e1a <stdout_serialize_begin+0x1a>
10002e12:	4805      	ldr	r0, [pc, #20]	@ (10002e28 <stdout_serialize_begin+0x28>)
10002e14:	f002 fe7c 	bl	10005b10 <__mutex_try_enter_block_until_veneer>
10002e18:	bd08      	pop	{r3, pc}
10002e1a:	f04f 32ff 	mov.w	r2, #4294967295	@ 0xffffffff
10002e1e:	f06f 4300 	mvn.w	r3, #2147483648	@ 0x80000000
10002e22:	e7f6      	b.n	10002e12 <stdout_serialize_begin+0x12>
10002e24:	000f4240 	.word	0x000f4240
10002e28:	20000f04 	.word	0x20000f04

10002e2c <stdout_serialize_end>:
10002e2c:	b508      	push	{r3, lr}
10002e2e:	4802      	ldr	r0, [pc, #8]	@ (10002e38 <stdout_serialize_end+0xc>)
10002e30:	f002 fe7a 	bl	10005b28 <__mutex_exit_veneer>
10002e34:	bd08      	pop	{r3, pc}
10002e36:	bf00      	nop
10002e38:	20000f04 	.word	0x20000f04

10002e3c <stdio_put_string>:
10002e3c:	e92d 43f0 	stmdb	sp!, {r4, r5, r6, r7, r8, r9, lr}
10002e40:	b083      	sub	sp, #12
10002e42:	4606      	mov	r6, r0
10002e44:	460d      	mov	r5, r1
10002e46:	4690      	mov	r8, r2
10002e48:	461c      	mov	r4, r3
10002e4a:	f7ff ffd9 	bl	10002e00 <stdout_serialize_begin>
10002e4e:	4681      	mov	r9, r0
10002e50:	f1b5 3fff 	cmp.w	r5, #4294967295	@ 0xffffffff
10002e54:	d004      	beq.n	10002e60 <stdio_put_string+0x24>
10002e56:	b144      	cbz	r4, 10002e6a <stdio_put_string+0x2e>
10002e58:	4f16      	ldr	r7, [pc, #88]	@ (10002eb4 <stdio_put_string+0x78>)
10002e5a:	4b17      	ldr	r3, [pc, #92]	@ (10002eb8 <stdio_put_string+0x7c>)
10002e5c:	681c      	ldr	r4, [r3, #0]
10002e5e:	e007      	b.n	10002e70 <stdio_put_string+0x34>
10002e60:	4630      	mov	r0, r6
10002e62:	f002 fe27 	bl	10005ab4 <strlen>
10002e66:	4605      	mov	r5, r0
10002e68:	e7f5      	b.n	10002e56 <stdio_put_string+0x1a>
10002e6a:	4f14      	ldr	r7, [pc, #80]	@ (10002ebc <stdio_put_string+0x80>)
10002e6c:	e7f5      	b.n	10002e5a <stdio_put_string+0x1e>
10002e6e:	6924      	ldr	r4, [r4, #16]
10002e70:	b1bc      	cbz	r4, 10002ea2 <stdio_put_string+0x66>
10002e72:	6823      	ldr	r3, [r4, #0]
10002e74:	2b00      	cmp	r3, #0
10002e76:	d0fa      	beq.n	10002e6e <stdio_put_string+0x32>
10002e78:	4b11      	ldr	r3, [pc, #68]	@ (10002ec0 <stdio_put_string+0x84>)
10002e7a:	681b      	ldr	r3, [r3, #0]
10002e7c:	b10b      	cbz	r3, 10002e82 <stdio_put_string+0x46>
10002e7e:	42a3      	cmp	r3, r4
10002e80:	d1f5      	bne.n	10002e6e <stdio_put_string+0x32>
10002e82:	462a      	mov	r2, r5
10002e84:	4631      	mov	r1, r6
10002e86:	4620      	mov	r0, r4
10002e88:	47b8      	blx	r7
10002e8a:	f1b8 0f00 	cmp.w	r8, #0
10002e8e:	d0ee      	beq.n	10002e6e <stdio_put_string+0x32>
10002e90:	230a      	movs	r3, #10
10002e92:	f88d 3007 	strb.w	r3, [sp, #7]
10002e96:	2201      	movs	r2, #1
10002e98:	f10d 0107 	add.w	r1, sp, #7
10002e9c:	4620      	mov	r0, r4
10002e9e:	47b8      	blx	r7
10002ea0:	e7e5      	b.n	10002e6e <stdio_put_string+0x32>
10002ea2:	464b      	mov	r3, r9
10002ea4:	b91b      	cbnz	r3, 10002eae <stdio_put_string+0x72>
10002ea6:	4628      	mov	r0, r5
10002ea8:	b003      	add	sp, #12
10002eaa:	e8bd 83f0 	ldmia.w	sp!, {r4, r5, r6, r7, r8, r9, pc}
10002eae:	f7ff ffbd 	bl	10002e2c <stdout_serialize_end>
10002eb2:	e7f8      	b.n	10002ea6 <stdio_put_string+0x6a>
10002eb4:	10002d29 	.word	0x10002d29
10002eb8:	200013e4 	.word	0x200013e4
10002ebc:	10002d19 	.word	0x10002d19
10002ec0:	200013ec 	.word	0x200013ec

10002ec4 <stdio_set_driver_enabled>:
10002ec4:	4a08      	ldr	r2, [pc, #32]	@ (10002ee8 <stdio_set_driver_enabled+0x24>)
10002ec6:	6813      	ldr	r3, [r2, #0]
10002ec8:	e002      	b.n	10002ed0 <stdio_set_driver_enabled+0xc>
10002eca:	f103 0210 	add.w	r2, r3, #16
10002ece:	691b      	ldr	r3, [r3, #16]
10002ed0:	b13b      	cbz	r3, 10002ee2 <stdio_set_driver_enabled+0x1e>
10002ed2:	6813      	ldr	r3, [r2, #0]
10002ed4:	4283      	cmp	r3, r0
10002ed6:	d1f8      	bne.n	10002eca <stdio_set_driver_enabled+0x6>
10002ed8:	b929      	cbnz	r1, 10002ee6 <stdio_set_driver_enabled+0x22>
10002eda:	6903      	ldr	r3, [r0, #16]
10002edc:	6013      	str	r3, [r2, #0]
10002ede:	6101      	str	r1, [r0, #16]
10002ee0:	4770      	bx	lr
10002ee2:	b101      	cbz	r1, 10002ee6 <stdio_set_driver_enabled+0x22>
10002ee4:	6010      	str	r0, [r2, #0]
10002ee6:	4770      	bx	lr
10002ee8:	200013e4 	.word	0x200013e4

10002eec <stdio_flush>:
10002eec:	b510      	push	{r4, lr}
10002eee:	4b05      	ldr	r3, [pc, #20]	@ (10002f04 <stdio_flush+0x18>)
10002ef0:	681c      	ldr	r4, [r3, #0]
10002ef2:	e000      	b.n	10002ef6 <stdio_flush+0xa>
10002ef4:	6924      	ldr	r4, [r4, #16]
10002ef6:	b124      	cbz	r4, 10002f02 <stdio_flush+0x16>
10002ef8:	6863      	ldr	r3, [r4, #4]
10002efa:	2b00      	cmp	r3, #0
10002efc:	d0fa      	beq.n	10002ef4 <stdio_flush+0x8>
10002efe:	4798      	blx	r3
10002f00:	e7f8      	b.n	10002ef4 <stdio_flush+0x8>
10002f02:	bd10      	pop	{r4, pc}
10002f04:	200013e4 	.word	0x200013e4

10002f08 <stdio_init_all>:
10002f08:	b508      	push	{r3, lr}
10002f0a:	f000 f93b 	bl	10003184 <stdio_usb_init>
10002f0e:	bd08      	pop	{r3, pc}

10002f10 <__wrap_puts>:
10002f10:	b538      	push	{r3, r4, r5, lr}
10002f12:	4605      	mov	r5, r0
10002f14:	f002 fdce 	bl	10005ab4 <strlen>
10002f18:	4604      	mov	r4, r0
10002f1a:	2301      	movs	r3, #1
10002f1c:	461a      	mov	r2, r3
10002f1e:	4601      	mov	r1, r0
10002f20:	4628      	mov	r0, r5
10002f22:	f7ff ff8b 	bl	10002e3c <stdio_put_string>
10002f26:	f7ff ffe1 	bl	10002eec <stdio_flush>
10002f2a:	4620      	mov	r0, r4
10002f2c:	bd38      	pop	{r3, r4, r5, pc}
	...

10002f30 <__wrap_vprintf>:
10002f30:	b5f0      	push	{r4, r5, r6, r7, lr}
10002f32:	b0a3      	sub	sp, #140	@ 0x8c
10002f34:	4607      	mov	r7, r0
10002f36:	460e      	mov	r6, r1
10002f38:	f7ff ff62 	bl	10002e00 <stdout_serialize_begin>
10002f3c:	4605      	mov	r5, r0
10002f3e:	2300      	movs	r3, #0
10002f40:	9301      	str	r3, [sp, #4]
10002f42:	ac01      	add	r4, sp, #4
10002f44:	4633      	mov	r3, r6
10002f46:	463a      	mov	r2, r7
10002f48:	4621      	mov	r1, r4
10002f4a:	4808      	ldr	r0, [pc, #32]	@ (10002f6c <__wrap_vprintf+0x3c>)
10002f4c:	f7ff fe9c 	bl	10002c88 <vfctprintf>
10002f50:	4606      	mov	r6, r0
10002f52:	4620      	mov	r0, r4
10002f54:	f7ff ff26 	bl	10002da4 <stdio_stack_buffer_flush>
10002f58:	f7ff ffc8 	bl	10002eec <stdio_flush>
10002f5c:	b915      	cbnz	r5, 10002f64 <__wrap_vprintf+0x34>
10002f5e:	4630      	mov	r0, r6
10002f60:	b023      	add	sp, #140	@ 0x8c
10002f62:	bdf0      	pop	{r4, r5, r6, r7, pc}
10002f64:	f7ff ff62 	bl	10002e2c <stdout_serialize_end>
10002f68:	e7f9      	b.n	10002f5e <__wrap_vprintf+0x2e>
10002f6a:	bf00      	nop
10002f6c:	10002de5 	.word	0x10002de5

10002f70 <__wrap_printf>:
10002f70:	b40f      	push	{r0, r1, r2, r3}
10002f72:	b500      	push	{lr}
10002f74:	b083      	sub	sp, #12
10002f76:	a904      	add	r1, sp, #16
10002f78:	f851 0b04 	ldr.w	r0, [r1], #4
10002f7c:	9101      	str	r1, [sp, #4]
10002f7e:	f7ff ffd7 	bl	10002f30 <__wrap_vprintf>
10002f82:	b003      	add	sp, #12
10002f84:	f85d eb04 	ldr.w	lr, [sp], #4
10002f88:	b004      	add	sp, #16
10002f8a:	4770      	bx	lr

10002f8c <stdio_usb_set_chars_available_callback>:
10002f8c:	4b02      	ldr	r3, [pc, #8]	@ (10002f98 <stdio_usb_set_chars_available_callback+0xc>)
10002f8e:	6018      	str	r0, [r3, #0]
10002f90:	4b02      	ldr	r3, [pc, #8]	@ (10002f9c <stdio_usb_set_chars_available_callback+0x10>)
10002f92:	6019      	str	r1, [r3, #0]
10002f94:	4770      	bx	lr
10002f96:	bf00      	nop
10002f98:	20001384 	.word	0x20001384
10002f9c:	20001388 	.word	0x20001388

10002fa0 <stdio_usb_out_flush>:
10002fa0:	b508      	push	{r3, lr}
10002fa2:	f7fe f94d 	bl	10001240 <time_us_64>
10002fa6:	4a0e      	ldr	r2, [pc, #56]	@ (10002fe0 <stdio_usb_out_flush+0x40>)
10002fa8:	1882      	adds	r2, r0, r2
10002faa:	f141 0300 	adc.w	r3, r1, #0
10002fae:	2b00      	cmp	r3, #0
10002fb0:	db11      	blt.n	10002fd6 <stdio_usb_out_flush+0x36>
10002fb2:	480c      	ldr	r0, [pc, #48]	@ (10002fe4 <stdio_usb_out_flush+0x44>)
10002fb4:	f002 fdac 	bl	10005b10 <__mutex_try_enter_block_until_veneer>
10002fb8:	b160      	cbz	r0, 10002fd4 <stdio_usb_out_flush+0x34>
10002fba:	2100      	movs	r1, #0
10002fbc:	f04f 30ff 	mov.w	r0, #4294967295	@ 0xffffffff
10002fc0:	f001 fafe 	bl	100045c0 <tud_task_ext>
10002fc4:	2000      	movs	r0, #0
10002fc6:	f001 fdfb 	bl	10004bc0 <tud_cdc_n_write_flush>
10002fca:	2800      	cmp	r0, #0
10002fcc:	d1f5      	bne.n	10002fba <stdio_usb_out_flush+0x1a>
10002fce:	4805      	ldr	r0, [pc, #20]	@ (10002fe4 <stdio_usb_out_flush+0x44>)
10002fd0:	f002 fdaa 	bl	10005b28 <__mutex_exit_veneer>
10002fd4:	bd08      	pop	{r3, pc}
10002fd6:	f04f 32ff 	mov.w	r2, #4294967295	@ 0xffffffff
10002fda:	f06f 4300 	mvn.w	r3, #2147483648	@ 0x80000000
10002fde:	e7e8      	b.n	10002fb2 <stdio_usb_out_flush+0x12>
10002fe0:	000f4240 	.word	0x000f4240
10002fe4:	20001828 	.word	0x20001828

10002fe8 <timer_task>:
10002fe8:	b538      	push	{r3, r4, r5, lr}
10002fea:	4b1b      	ldr	r3, [pc, #108]	@ (10003058 <timer_task+0x70>)
10002fec:	681b      	ldr	r3, [r3, #0]
10002fee:	2b00      	cmp	r3, #0
10002ff0:	d027      	beq.n	10003042 <timer_task+0x5a>
10002ff2:	f3ef 8210 	mrs	r2, PRIMASK
10002ff6:	b672      	cpsid	i
10002ff8:	e8d3 0fcf 	ldaexb	r0, [r3]
10002ffc:	2101      	movs	r1, #1
10002ffe:	2800      	cmp	r0, #0
10003000:	d1fa      	bne.n	10002ff8 <timer_task+0x10>
10003002:	e8c3 1f40 	strexb	r0, r1, [r3]
10003006:	2800      	cmp	r0, #0
10003008:	d1f6      	bne.n	10002ff8 <timer_task+0x10>
1000300a:	f3bf 8f5f 	dmb	sy
1000300e:	4912      	ldr	r1, [pc, #72]	@ (10003058 <timer_task+0x70>)
10003010:	604a      	str	r2, [r1, #4]
10003012:	2300      	movs	r3, #0
10003014:	4811      	ldr	r0, [pc, #68]	@ (1000305c <timer_task+0x74>)
10003016:	7003      	strb	r3, [r0, #0]
10003018:	6809      	ldr	r1, [r1, #0]
1000301a:	e8c1 3f8f 	stlb	r3, [r1]
1000301e:	f382 8810 	msr	PRIMASK, r2
10003022:	2200      	movs	r2, #0
10003024:	2300      	movs	r3, #0
10003026:	4614      	mov	r4, r2
10003028:	461d      	mov	r5, r3
1000302a:	4b0d      	ldr	r3, [pc, #52]	@ (10003060 <timer_task+0x78>)
1000302c:	7818      	ldrb	r0, [r3, #0]
1000302e:	f7fd fa59 	bl	100004e4 <irq_is_enabled>
10003032:	b960      	cbnz	r0, 1000304e <timer_task+0x66>
10003034:	2200      	movs	r2, #0
10003036:	2300      	movs	r3, #0
10003038:	4614      	mov	r4, r2
1000303a:	461d      	mov	r5, r3
1000303c:	4620      	mov	r0, r4
1000303e:	4629      	mov	r1, r5
10003040:	bd38      	pop	{r3, r4, r5, pc}
10003042:	f44f 727a 	mov.w	r2, #1000	@ 0x3e8
10003046:	2300      	movs	r3, #0
10003048:	4614      	mov	r4, r2
1000304a:	461d      	mov	r5, r3
1000304c:	e7ed      	b.n	1000302a <timer_task+0x42>
1000304e:	4b04      	ldr	r3, [pc, #16]	@ (10003060 <timer_task+0x78>)
10003050:	7818      	ldrb	r0, [r3, #0]
10003052:	f7fd fa71 	bl	10000538 <irq_set_pending>
10003056:	e7f1      	b.n	1000303c <timer_task+0x54>
10003058:	200017f8 	.word	0x200017f8
1000305c:	20001848 	.word	0x20001848
10003060:	20001847 	.word	0x20001847

10003064 <usb_irq>:
10003064:	b508      	push	{r3, lr}
10003066:	4b02      	ldr	r3, [pc, #8]	@ (10003070 <usb_irq+0xc>)
10003068:	7818      	ldrb	r0, [r3, #0]
1000306a:	f7fd fa65 	bl	10000538 <irq_set_pending>
1000306e:	bd08      	pop	{r3, pc}
10003070:	20001847 	.word	0x20001847

10003074 <alarm_pool_add_alarm_in_us>:
10003074:	b570      	push	{r4, r5, r6, lr}
10003076:	b084      	sub	sp, #16
10003078:	4606      	mov	r6, r0
1000307a:	4615      	mov	r5, r2
1000307c:	461c      	mov	r4, r3
1000307e:	f7fe f8df 	bl	10001240 <time_us_64>
10003082:	182a      	adds	r2, r5, r0
10003084:	eb44 0301 	adc.w	r3, r4, r1
10003088:	2b00      	cmp	r3, #0
1000308a:	db0b      	blt.n	100030a4 <alarm_pool_add_alarm_in_us+0x30>
1000308c:	f89d 1028 	ldrb.w	r1, [sp, #40]	@ 0x28
10003090:	9102      	str	r1, [sp, #8]
10003092:	9909      	ldr	r1, [sp, #36]	@ 0x24
10003094:	9101      	str	r1, [sp, #4]
10003096:	9908      	ldr	r1, [sp, #32]
10003098:	9100      	str	r1, [sp, #0]
1000309a:	4630      	mov	r0, r6
1000309c:	f7fd ff2a 	bl	10000ef4 <alarm_pool_add_alarm_at>
100030a0:	b004      	add	sp, #16
100030a2:	bd70      	pop	{r4, r5, r6, pc}
100030a4:	f04f 32ff 	mov.w	r2, #4294967295	@ 0xffffffff
100030a8:	f06f 4300 	mvn.w	r3, #2147483648	@ 0x80000000
100030ac:	e7ee      	b.n	1000308c <alarm_pool_add_alarm_in_us+0x18>

100030ae <add_alarm_in_us>:
100030ae:	b5f0      	push	{r4, r5, r6, r7, lr}
100030b0:	b085      	sub	sp, #20
100030b2:	4607      	mov	r7, r0
100030b4:	460e      	mov	r6, r1
100030b6:	4615      	mov	r5, r2
100030b8:	461c      	mov	r4, r3
100030ba:	f7fd fea7 	bl	10000e0c <alarm_pool_get_default>
100030be:	f89d 3028 	ldrb.w	r3, [sp, #40]	@ 0x28
100030c2:	9302      	str	r3, [sp, #8]
100030c4:	9401      	str	r4, [sp, #4]
100030c6:	9500      	str	r5, [sp, #0]
100030c8:	463a      	mov	r2, r7
100030ca:	4633      	mov	r3, r6
100030cc:	f7ff ffd2 	bl	10003074 <alarm_pool_add_alarm_in_us>
100030d0:	b005      	add	sp, #20
100030d2:	bdf0      	pop	{r4, r5, r6, r7, pc}

100030d4 <low_priority_worker_irq>:
100030d4:	b510      	push	{r4, lr}
100030d6:	b082      	sub	sp, #8
100030d8:	2100      	movs	r1, #0
100030da:	4824      	ldr	r0, [pc, #144]	@ (1000316c <low_priority_worker_irq+0x98>)
100030dc:	f002 fd3c 	bl	10005b58 <__mutex_try_enter_veneer>
100030e0:	2800      	cmp	r0, #0
100030e2:	d122      	bne.n	1000312a <low_priority_worker_irq+0x56>
100030e4:	4b22      	ldr	r3, [pc, #136]	@ (10003170 <low_priority_worker_irq+0x9c>)
100030e6:	681b      	ldr	r3, [r3, #0]
100030e8:	b1eb      	cbz	r3, 10003126 <low_priority_worker_irq+0x52>
100030ea:	f3ef 8210 	mrs	r2, PRIMASK
100030ee:	b672      	cpsid	i
100030f0:	e8d3 0fcf 	ldaexb	r0, [r3]
100030f4:	2101      	movs	r1, #1
100030f6:	2800      	cmp	r0, #0
100030f8:	d1fa      	bne.n	100030f0 <low_priority_worker_irq+0x1c>
100030fa:	e8c3 1f40 	strexb	r0, r1, [r3]
100030fe:	2800      	cmp	r0, #0
10003100:	d1f6      	bne.n	100030f0 <low_priority_worker_irq+0x1c>
10003102:	f3bf 8f5f 	dmb	sy
10003106:	491a      	ldr	r1, [pc, #104]	@ (10003170 <low_priority_worker_irq+0x9c>)
10003108:	604a      	str	r2, [r1, #4]
1000310a:	481a      	ldr	r0, [pc, #104]	@ (10003174 <low_priority_worker_irq+0xa0>)
1000310c:	7803      	ldrb	r3, [r0, #0]
1000310e:	b2db      	uxtb	r3, r3
10003110:	f04f 0c01 	mov.w	ip, #1
10003114:	f880 c000 	strb.w	ip, [r0]
10003118:	6808      	ldr	r0, [r1, #0]
1000311a:	2100      	movs	r1, #0
1000311c:	e8c0 1f8f 	stlb	r1, [r0]
10003120:	f382 8810 	msr	PRIMASK, r2
10003124:	b1bb      	cbz	r3, 10003156 <low_priority_worker_irq+0x82>
10003126:	b002      	add	sp, #8
10003128:	bd10      	pop	{r4, pc}
1000312a:	2100      	movs	r1, #0
1000312c:	f04f 30ff 	mov.w	r0, #4294967295	@ 0xffffffff
10003130:	f001 fa46 	bl	100045c0 <tud_task_ext>
10003134:	2000      	movs	r0, #0
10003136:	f001 fd1d 	bl	10004b74 <tud_cdc_n_available>
1000313a:	4604      	mov	r4, r0
1000313c:	480b      	ldr	r0, [pc, #44]	@ (1000316c <low_priority_worker_irq+0x98>)
1000313e:	f002 fcf3 	bl	10005b28 <__mutex_exit_veneer>
10003142:	2c00      	cmp	r4, #0
10003144:	d0ef      	beq.n	10003126 <low_priority_worker_irq+0x52>
10003146:	4b0c      	ldr	r3, [pc, #48]	@ (10003178 <low_priority_worker_irq+0xa4>)
10003148:	681b      	ldr	r3, [r3, #0]
1000314a:	2b00      	cmp	r3, #0
1000314c:	d0eb      	beq.n	10003126 <low_priority_worker_irq+0x52>
1000314e:	4a0b      	ldr	r2, [pc, #44]	@ (1000317c <low_priority_worker_irq+0xa8>)
10003150:	6810      	ldr	r0, [r2, #0]
10003152:	4798      	blx	r3
10003154:	e7e7      	b.n	10003126 <low_priority_worker_irq+0x52>
10003156:	f8cd c000 	str.w	ip, [sp]
1000315a:	460b      	mov	r3, r1
1000315c:	4a08      	ldr	r2, [pc, #32]	@ (10003180 <low_priority_worker_irq+0xac>)
1000315e:	f44f 707a 	mov.w	r0, #1000	@ 0x3e8
10003162:	2100      	movs	r1, #0
10003164:	f7ff ffa3 	bl	100030ae <add_alarm_in_us>
10003168:	e7dd      	b.n	10003126 <low_priority_worker_irq+0x52>
1000316a:	bf00      	nop
1000316c:	20001828 	.word	0x20001828
10003170:	200017f8 	.word	0x200017f8
10003174:	20001848 	.word	0x20001848
10003178:	20001384 	.word	0x20001384
1000317c:	20001388 	.word	0x20001388
10003180:	10002fe9 	.word	0x10002fe9

10003184 <stdio_usb_init>:
10003184:	b510      	push	{r4, lr}
10003186:	b082      	sub	sp, #8
10003188:	f04f 4350 	mov.w	r3, #3489660928	@ 0xd0000000
1000318c:	681c      	ldr	r4, [r3, #0]
1000318e:	f7fd fe3d 	bl	10000e0c <alarm_pool_get_default>
10003192:	f7fd ff1f 	bl	10000fd4 <alarm_pool_core_num>
10003196:	42a0      	cmp	r0, r4
10003198:	d12d      	bne.n	100031f6 <stdio_usb_init+0x72>
1000319a:	4b24      	ldr	r3, [pc, #144]	@ (1000322c <stdio_usb_init+0xa8>)
1000319c:	781b      	ldrb	r3, [r3, #0]
1000319e:	2100      	movs	r1, #0
100031a0:	4608      	mov	r0, r1
100031a2:	f002 f807 	bl	100051b4 <tusb_rhport_init>
100031a6:	4b22      	ldr	r3, [pc, #136]	@ (10003230 <stdio_usb_init+0xac>)
100031a8:	681b      	ldr	r3, [r3, #0]
100031aa:	b353      	cbz	r3, 10003202 <stdio_usb_init+0x7e>
100031ac:	2001      	movs	r0, #1
100031ae:	f7fd fbaf 	bl	10000910 <user_irq_claim_unused>
100031b2:	b2c0      	uxtb	r0, r0
100031b4:	4c1f      	ldr	r4, [pc, #124]	@ (10003234 <stdio_usb_init+0xb0>)
100031b6:	7020      	strb	r0, [r4, #0]
100031b8:	491f      	ldr	r1, [pc, #124]	@ (10003238 <stdio_usb_init+0xb4>)
100031ba:	f7fd f9dd 	bl	10000578 <irq_set_exclusive_handler>
100031be:	2101      	movs	r1, #1
100031c0:	7820      	ldrb	r0, [r4, #0]
100031c2:	f7fd f9af 	bl	10000524 <irq_set_enabled>
100031c6:	200e      	movs	r0, #14
100031c8:	f7fd f9ca 	bl	10000560 <irq_has_shared_handler>
100031cc:	4604      	mov	r4, r0
100031ce:	b1e0      	cbz	r0, 1000320a <stdio_usb_init+0x86>
100031d0:	2001      	movs	r0, #1
100031d2:	f7fd f8ff 	bl	100003d4 <spin_lock_claim_unused>
100031d6:	4601      	mov	r1, r0
100031d8:	4818      	ldr	r0, [pc, #96]	@ (1000323c <stdio_usb_init+0xb8>)
100031da:	f7fd fbf5 	bl	100009c8 <critical_section_init_with_lock_num>
100031de:	2200      	movs	r2, #0
100031e0:	4917      	ldr	r1, [pc, #92]	@ (10003240 <stdio_usb_init+0xbc>)
100031e2:	200e      	movs	r0, #14
100031e4:	f7fd f9fa 	bl	100005dc <irq_add_shared_handler>
100031e8:	2101      	movs	r1, #1
100031ea:	4816      	ldr	r0, [pc, #88]	@ (10003244 <stdio_usb_init+0xc0>)
100031ec:	f7ff fe6a 	bl	10002ec4 <stdio_set_driver_enabled>
100031f0:	4620      	mov	r0, r4
100031f2:	b002      	add	sp, #8
100031f4:	bd10      	pop	{r4, pc}
100031f6:	4b14      	ldr	r3, [pc, #80]	@ (10003248 <stdio_usb_init+0xc4>)
100031f8:	4a14      	ldr	r2, [pc, #80]	@ (1000324c <stdio_usb_init+0xc8>)
100031fa:	21c8      	movs	r1, #200	@ 0xc8
100031fc:	4814      	ldr	r0, [pc, #80]	@ (10003250 <stdio_usb_init+0xcc>)
100031fe:	f7ff fd59 	bl	10002cb4 <__assert_func>
10003202:	480b      	ldr	r0, [pc, #44]	@ (10003230 <stdio_usb_init+0xac>)
10003204:	f7fd fb9e 	bl	10000944 <mutex_init>
10003208:	e7d0      	b.n	100031ac <stdio_usb_init+0x28>
1000320a:	4a0c      	ldr	r2, [pc, #48]	@ (1000323c <stdio_usb_init+0xb8>)
1000320c:	4603      	mov	r3, r0
1000320e:	6010      	str	r0, [r2, #0]
10003210:	6050      	str	r0, [r2, #4]
10003212:	2201      	movs	r2, #1
10003214:	9200      	str	r2, [sp, #0]
10003216:	4a0f      	ldr	r2, [pc, #60]	@ (10003254 <stdio_usb_init+0xd0>)
10003218:	f44f 707a 	mov.w	r0, #1000	@ 0x3e8
1000321c:	2100      	movs	r1, #0
1000321e:	f7ff ff46 	bl	100030ae <add_alarm_in_us>
10003222:	43c4      	mvns	r4, r0
10003224:	0fe4      	lsrs	r4, r4, #31
10003226:	2c00      	cmp	r4, #0
10003228:	d0e2      	beq.n	100031f0 <stdio_usb_init+0x6c>
1000322a:	e7dd      	b.n	100031e8 <stdio_usb_init+0x64>
1000322c:	100069e8 	.word	0x100069e8
10003230:	20001828 	.word	0x20001828
10003234:	20001847 	.word	0x20001847
10003238:	100030d5 	.word	0x100030d5
1000323c:	200017f8 	.word	0x200017f8
10003240:	10003065 	.word	0x10003065
10003244:	20000ecc 	.word	0x20000ecc
10003248:	100061c0 	.word	0x100061c0
1000324c:	10006648 	.word	0x10006648
10003250:	100061c8 	.word	0x100061c8
10003254:	10002fe9 	.word	0x10002fe9

10003258 <stdio_usb_connected>:
10003258:	b508      	push	{r3, lr}
1000325a:	2000      	movs	r0, #0
1000325c:	f001 fc70 	bl	10004b40 <tud_cdc_n_connected>
10003260:	bd08      	pop	{r3, pc}
	...

10003264 <stdio_usb_in_chars>:
10003264:	b538      	push	{r3, r4, r5, lr}
10003266:	4604      	mov	r4, r0
10003268:	460d      	mov	r5, r1
1000326a:	f7ff fff5 	bl	10003258 <stdio_usb_connected>
1000326e:	b3a0      	cbz	r0, 100032da <stdio_usb_in_chars+0x76>
10003270:	2000      	movs	r0, #0
10003272:	f001 fc7f 	bl	10004b74 <tud_cdc_n_available>
10003276:	b3a0      	cbz	r0, 100032e2 <stdio_usb_in_chars+0x7e>
10003278:	f7fd ffe2 	bl	10001240 <time_us_64>
1000327c:	4a1d      	ldr	r2, [pc, #116]	@ (100032f4 <stdio_usb_in_chars+0x90>)
1000327e:	1882      	adds	r2, r0, r2
10003280:	f141 0300 	adc.w	r3, r1, #0
10003284:	2b00      	cmp	r3, #0
10003286:	db17      	blt.n	100032b8 <stdio_usb_in_chars+0x54>
10003288:	481b      	ldr	r0, [pc, #108]	@ (100032f8 <stdio_usb_in_chars+0x94>)
1000328a:	f002 fc41 	bl	10005b10 <__mutex_try_enter_block_until_veneer>
1000328e:	b360      	cbz	r0, 100032ea <stdio_usb_in_chars+0x86>
10003290:	f7ff ffe2 	bl	10003258 <stdio_usb_connected>
10003294:	b118      	cbz	r0, 1000329e <stdio_usb_in_chars+0x3a>
10003296:	2000      	movs	r0, #0
10003298:	f001 fc6c 	bl	10004b74 <tud_cdc_n_available>
1000329c:	b988      	cbnz	r0, 100032c2 <stdio_usb_in_chars+0x5e>
1000329e:	4601      	mov	r1, r0
100032a0:	f04f 30ff 	mov.w	r0, #4294967295	@ 0xffffffff
100032a4:	f001 f98c 	bl	100045c0 <tud_task_ext>
100032a8:	f06f 0302 	mvn.w	r3, #2
100032ac:	461c      	mov	r4, r3
100032ae:	4812      	ldr	r0, [pc, #72]	@ (100032f8 <stdio_usb_in_chars+0x94>)
100032b0:	f002 fc3a 	bl	10005b28 <__mutex_exit_veneer>
100032b4:	4620      	mov	r0, r4
100032b6:	bd38      	pop	{r3, r4, r5, pc}
100032b8:	f04f 32ff 	mov.w	r2, #4294967295	@ 0xffffffff
100032bc:	f06f 4300 	mvn.w	r3, #2147483648	@ 0x80000000
100032c0:	e7e2      	b.n	10003288 <stdio_usb_in_chars+0x24>
100032c2:	462a      	mov	r2, r5
100032c4:	4621      	mov	r1, r4
100032c6:	2000      	movs	r0, #0
100032c8:	f001 fc60 	bl	10004b8c <tud_cdc_n_read>
100032cc:	4604      	mov	r4, r0
100032ce:	2800      	cmp	r0, #0
100032d0:	d1ed      	bne.n	100032ae <stdio_usb_in_chars+0x4a>
100032d2:	f06f 0302 	mvn.w	r3, #2
100032d6:	461c      	mov	r4, r3
100032d8:	e7e9      	b.n	100032ae <stdio_usb_in_chars+0x4a>
100032da:	f06f 0302 	mvn.w	r3, #2
100032de:	461c      	mov	r4, r3
100032e0:	e7e8      	b.n	100032b4 <stdio_usb_in_chars+0x50>
100032e2:	f06f 0302 	mvn.w	r3, #2
100032e6:	461c      	mov	r4, r3
100032e8:	e7e4      	b.n	100032b4 <stdio_usb_in_chars+0x50>
100032ea:	f06f 0302 	mvn.w	r3, #2
100032ee:	461c      	mov	r4, r3
100032f0:	e7e0      	b.n	100032b4 <stdio_usb_in_chars+0x50>
100032f2:	bf00      	nop
100032f4:	000f4240 	.word	0x000f4240
100032f8:	20001828 	.word	0x20001828

100032fc <stdio_usb_out_chars>:
100032fc:	b5f8      	push	{r3, r4, r5, r6, r7, lr}
100032fe:	4607      	mov	r7, r0
10003300:	460d      	mov	r5, r1
10003302:	f7fd ff9d 	bl	10001240 <time_us_64>
10003306:	4a2e      	ldr	r2, [pc, #184]	@ (100033c0 <stdio_usb_out_chars+0xc4>)
10003308:	1882      	adds	r2, r0, r2
1000330a:	f141 0300 	adc.w	r3, r1, #0
1000330e:	2b00      	cmp	r3, #0
10003310:	db04      	blt.n	1000331c <stdio_usb_out_chars+0x20>
10003312:	482c      	ldr	r0, [pc, #176]	@ (100033c4 <stdio_usb_out_chars+0xc8>)
10003314:	f002 fbfc 	bl	10005b10 <__mutex_try_enter_block_until_veneer>
10003318:	b928      	cbnz	r0, 10003326 <stdio_usb_out_chars+0x2a>
1000331a:	bdf8      	pop	{r3, r4, r5, r6, r7, pc}
1000331c:	f04f 32ff 	mov.w	r2, #4294967295	@ 0xffffffff
10003320:	f06f 4300 	mvn.w	r3, #2147483648	@ 0x80000000
10003324:	e7f5      	b.n	10003312 <stdio_usb_out_chars+0x16>
10003326:	f7ff ff97 	bl	10003258 <stdio_usb_connected>
1000332a:	2800      	cmp	r0, #0
1000332c:	d145      	bne.n	100033ba <stdio_usb_out_chars+0xbe>
1000332e:	4b26      	ldr	r3, [pc, #152]	@ (100033c8 <stdio_usb_out_chars+0xcc>)
10003330:	2000      	movs	r0, #0
10003332:	2100      	movs	r1, #0
10003334:	e9c3 0100 	strd	r0, r1, [r3]
10003338:	4822      	ldr	r0, [pc, #136]	@ (100033c4 <stdio_usb_out_chars+0xc8>)
1000333a:	f002 fbf5 	bl	10005b28 <__mutex_exit_veneer>
1000333e:	e7ec      	b.n	1000331a <stdio_usb_out_chars+0x1e>
10003340:	4601      	mov	r1, r0
10003342:	f04f 30ff 	mov.w	r0, #4294967295	@ 0xffffffff
10003346:	f001 f93b 	bl	100045c0 <tud_task_ext>
1000334a:	2000      	movs	r0, #0
1000334c:	f001 fc38 	bl	10004bc0 <tud_cdc_n_write_flush>
10003350:	f7ff ff82 	bl	10003258 <stdio_usb_connected>
10003354:	2800      	cmp	r0, #0
10003356:	d0ef      	beq.n	10003338 <stdio_usb_out_chars+0x3c>
10003358:	2000      	movs	r0, #0
1000335a:	f001 fcaf 	bl	10004cbc <tud_cdc_n_write_available>
1000335e:	b1f8      	cbz	r0, 100033a0 <stdio_usb_out_chars+0xa4>
10003360:	42ac      	cmp	r4, r5
10003362:	dae9      	bge.n	10003338 <stdio_usb_out_chars+0x3c>
10003364:	1b2e      	subs	r6, r5, r4
10003366:	2000      	movs	r0, #0
10003368:	f001 fca8 	bl	10004cbc <tud_cdc_n_write_available>
1000336c:	4286      	cmp	r6, r0
1000336e:	dc00      	bgt.n	10003372 <stdio_usb_out_chars+0x76>
10003370:	4630      	mov	r0, r6
10003372:	2800      	cmp	r0, #0
10003374:	d0e4      	beq.n	10003340 <stdio_usb_out_chars+0x44>
10003376:	4602      	mov	r2, r0
10003378:	1939      	adds	r1, r7, r4
1000337a:	2000      	movs	r0, #0
1000337c:	f001 fc7c 	bl	10004c78 <tud_cdc_n_write>
10003380:	4606      	mov	r6, r0
10003382:	2100      	movs	r1, #0
10003384:	f04f 30ff 	mov.w	r0, #4294967295	@ 0xffffffff
10003388:	f001 f91a 	bl	100045c0 <tud_task_ext>
1000338c:	2000      	movs	r0, #0
1000338e:	f001 fc17 	bl	10004bc0 <tud_cdc_n_write_flush>
10003392:	4434      	add	r4, r6
10003394:	f7fd ff54 	bl	10001240 <time_us_64>
10003398:	4b0b      	ldr	r3, [pc, #44]	@ (100033c8 <stdio_usb_out_chars+0xcc>)
1000339a:	e9c3 0100 	strd	r0, r1, [r3]
1000339e:	e7df      	b.n	10003360 <stdio_usb_out_chars+0x64>
100033a0:	f7fd ff4e 	bl	10001240 <time_us_64>
100033a4:	4a08      	ldr	r2, [pc, #32]	@ (100033c8 <stdio_usb_out_chars+0xcc>)
100033a6:	6813      	ldr	r3, [r2, #0]
100033a8:	6852      	ldr	r2, [r2, #4]
100033aa:	4e08      	ldr	r6, [pc, #32]	@ (100033cc <stdio_usb_out_chars+0xd0>)
100033ac:	199b      	adds	r3, r3, r6
100033ae:	f142 0200 	adc.w	r2, r2, #0
100033b2:	4283      	cmp	r3, r0
100033b4:	418a      	sbcs	r2, r1
100033b6:	d2d3      	bcs.n	10003360 <stdio_usb_out_chars+0x64>
100033b8:	e7be      	b.n	10003338 <stdio_usb_out_chars+0x3c>
100033ba:	2400      	movs	r4, #0
100033bc:	e7d0      	b.n	10003360 <stdio_usb_out_chars+0x64>
100033be:	bf00      	nop
100033c0:	000f4240 	.word	0x000f4240
100033c4:	20001828 	.word	0x20001828
100033c8:	20001090 	.word	0x20001090
100033cc:	0007a120 	.word	0x0007a120

100033d0 <tud_descriptor_device_cb>:
100033d0:	4800      	ldr	r0, [pc, #0]	@ (100033d4 <tud_descriptor_device_cb+0x4>)
100033d2:	4770      	bx	lr
100033d4:	100066c4 	.word	0x100066c4

100033d8 <tud_descriptor_configuration_cb>:
100033d8:	4800      	ldr	r0, [pc, #0]	@ (100033dc <tud_descriptor_configuration_cb+0x4>)
100033da:	4770      	bx	lr
100033dc:	10006670 	.word	0x10006670

100033e0 <tud_descriptor_string_cb>:
100033e0:	b510      	push	{r4, lr}
100033e2:	4604      	mov	r4, r0
100033e4:	4b14      	ldr	r3, [pc, #80]	@ (10003438 <tud_descriptor_string_cb+0x58>)
100033e6:	781b      	ldrb	r3, [r3, #0]
100033e8:	b16b      	cbz	r3, 10003406 <tud_descriptor_string_cb+0x26>
100033ea:	b98c      	cbnz	r4, 10003410 <tud_descriptor_string_cb+0x30>
100033ec:	4b13      	ldr	r3, [pc, #76]	@ (1000343c <tud_descriptor_string_cb+0x5c>)
100033ee:	f240 4209 	movw	r2, #1033	@ 0x409
100033f2:	805a      	strh	r2, [r3, #2]
100033f4:	2301      	movs	r3, #1
100033f6:	3301      	adds	r3, #1
100033f8:	005b      	lsls	r3, r3, #1
100033fa:	b29b      	uxth	r3, r3
100033fc:	480f      	ldr	r0, [pc, #60]	@ (1000343c <tud_descriptor_string_cb+0x5c>)
100033fe:	f443 7340 	orr.w	r3, r3, #768	@ 0x300
10003402:	8003      	strh	r3, [r0, #0]
10003404:	bd10      	pop	{r4, pc}
10003406:	2111      	movs	r1, #17
10003408:	480b      	ldr	r0, [pc, #44]	@ (10003438 <tud_descriptor_string_cb+0x58>)
1000340a:	f000 f845 	bl	10003498 <pico_get_unique_board_id_string>
1000340e:	e7ec      	b.n	100033ea <tud_descriptor_string_cb+0xa>
10003410:	2c05      	cmp	r4, #5
10003412:	d80e      	bhi.n	10003432 <tud_descriptor_string_cb+0x52>
10003414:	4b0a      	ldr	r3, [pc, #40]	@ (10003440 <tud_descriptor_string_cb+0x60>)
10003416:	f853 0024 	ldr.w	r0, [r3, r4, lsl #2]
1000341a:	2300      	movs	r3, #0
1000341c:	2b12      	cmp	r3, #18
1000341e:	d8ea      	bhi.n	100033f6 <tud_descriptor_string_cb+0x16>
10003420:	5cc2      	ldrb	r2, [r0, r3]
10003422:	2a00      	cmp	r2, #0
10003424:	d0e7      	beq.n	100033f6 <tud_descriptor_string_cb+0x16>
10003426:	3301      	adds	r3, #1
10003428:	4904      	ldr	r1, [pc, #16]	@ (1000343c <tud_descriptor_string_cb+0x5c>)
1000342a:	f821 2013 	strh.w	r2, [r1, r3, lsl #1]
1000342e:	b2db      	uxtb	r3, r3
10003430:	e7f4      	b.n	1000341c <tud_descriptor_string_cb+0x3c>
10003432:	2000      	movs	r0, #0
10003434:	e7e6      	b.n	10003404 <tud_descriptor_string_cb+0x24>
10003436:	bf00      	nop
10003438:	20001830 	.word	0x20001830
1000343c:	200013bc 	.word	0x200013bc
10003440:	10006658 	.word	0x10006658

10003444 <_retrieve_unique_id_on_boot>:
10003444:	b500      	push	{lr}
10003446:	b08b      	sub	sp, #44	@ 0x2c
10003448:	f245 3047 	movw	r0, #21319	@ 0x5347
1000344c:	f7fe f893 	bl	10001576 <rom_func_lookup>
10003450:	4603      	mov	r3, r0
10003452:	2201      	movs	r2, #1
10003454:	2109      	movs	r1, #9
10003456:	a801      	add	r0, sp, #4
10003458:	4798      	blx	r3
1000345a:	2804      	cmp	r0, #4
1000345c:	d101      	bne.n	10003462 <_retrieve_unique_id_on_boot+0x1e>
1000345e:	2300      	movs	r3, #0
10003460:	e00e      	b.n	10003480 <_retrieve_unique_id_on_boot+0x3c>
10003462:	4b09      	ldr	r3, [pc, #36]	@ (10003488 <_retrieve_unique_id_on_boot+0x44>)
10003464:	4a09      	ldr	r2, [pc, #36]	@ (1000348c <_retrieve_unique_id_on_boot+0x48>)
10003466:	212f      	movs	r1, #47	@ 0x2f
10003468:	4809      	ldr	r0, [pc, #36]	@ (10003490 <_retrieve_unique_id_on_boot+0x4c>)
1000346a:	f7ff fc23 	bl	10002cb4 <__assert_func>
1000346e:	f1c3 020f 	rsb	r2, r3, #15
10003472:	3228      	adds	r2, #40	@ 0x28
10003474:	446a      	add	r2, sp
10003476:	f812 1c24 	ldrb.w	r1, [r2, #-36]
1000347a:	4a06      	ldr	r2, [pc, #24]	@ (10003494 <_retrieve_unique_id_on_boot+0x50>)
1000347c:	54d1      	strb	r1, [r2, r3]
1000347e:	3301      	adds	r3, #1
10003480:	2b07      	cmp	r3, #7
10003482:	ddf4      	ble.n	1000346e <_retrieve_unique_id_on_boot+0x2a>
10003484:	b00b      	add	sp, #44	@ 0x2c
10003486:	bd00      	pop	{pc}
10003488:	10006254 	.word	0x10006254
1000348c:	100066f8 	.word	0x100066f8
10003490:	1000625c 	.word	0x1000625c
10003494:	20001820 	.word	0x20001820

10003498 <pico_get_unique_board_id_string>:
10003498:	b508      	push	{r3, lr}
1000349a:	b111      	cbz	r1, 100034a2 <pico_get_unique_board_id_string+0xa>
1000349c:	468c      	mov	ip, r1
1000349e:	2200      	movs	r2, #0
100034a0:	e008      	b.n	100034b4 <pico_get_unique_board_id_string+0x1c>
100034a2:	4b10      	ldr	r3, [pc, #64]	@ (100034e4 <pico_get_unique_board_id_string+0x4c>)
100034a4:	4a10      	ldr	r2, [pc, #64]	@ (100034e8 <pico_get_unique_board_id_string+0x50>)
100034a6:	213b      	movs	r1, #59	@ 0x3b
100034a8:	4810      	ldr	r0, [pc, #64]	@ (100034ec <pico_get_unique_board_id_string+0x54>)
100034aa:	f7ff fc03 	bl	10002cb4 <__assert_func>
100034ae:	3337      	adds	r3, #55	@ 0x37
100034b0:	5483      	strb	r3, [r0, r2]
100034b2:	3201      	adds	r2, #1
100034b4:	f10c 33ff 	add.w	r3, ip, #4294967295	@ 0xffffffff
100034b8:	4293      	cmp	r3, r2
100034ba:	d90f      	bls.n	100034dc <pico_get_unique_board_id_string+0x44>
100034bc:	2a0f      	cmp	r2, #15
100034be:	d80d      	bhi.n	100034dc <pico_get_unique_board_id_string+0x44>
100034c0:	0853      	lsrs	r3, r2, #1
100034c2:	490b      	ldr	r1, [pc, #44]	@ (100034f0 <pico_get_unique_board_id_string+0x58>)
100034c4:	5ccb      	ldrb	r3, [r1, r3]
100034c6:	43d1      	mvns	r1, r2
100034c8:	f001 0101 	and.w	r1, r1, #1
100034cc:	0089      	lsls	r1, r1, #2
100034ce:	410b      	asrs	r3, r1
100034d0:	f003 030f 	and.w	r3, r3, #15
100034d4:	2b09      	cmp	r3, #9
100034d6:	dcea      	bgt.n	100034ae <pico_get_unique_board_id_string+0x16>
100034d8:	3330      	adds	r3, #48	@ 0x30
100034da:	e7e9      	b.n	100034b0 <pico_get_unique_board_id_string+0x18>
100034dc:	2300      	movs	r3, #0
100034de:	5483      	strb	r3, [r0, r2]
100034e0:	bd08      	pop	{r3, pc}
100034e2:	bf00      	nop
100034e4:	100062a8 	.word	0x100062a8
100034e8:	100066d8 	.word	0x100066d8
100034ec:	1000625c 	.word	0x1000625c
100034f0:	20001820 	.word	0x20001820

100034f4 <usb_reset_interface_init>:
100034f4:	4770      	bx	lr
	...

100034f8 <usb_reset_interface_reset>:
100034f8:	4b01      	ldr	r3, [pc, #4]	@ (10003500 <usb_reset_interface_reset+0x8>)
100034fa:	2200      	movs	r2, #0
100034fc:	701a      	strb	r2, [r3, #0]
100034fe:	4770      	bx	lr
10003500:	20001845 	.word	0x20001845

10003504 <usb_reset_interface_open>:
10003504:	794b      	ldrb	r3, [r1, #5]
10003506:	2bff      	cmp	r3, #255	@ 0xff
10003508:	d10b      	bne.n	10003522 <usb_reset_interface_open+0x1e>
1000350a:	798b      	ldrb	r3, [r1, #6]
1000350c:	b95b      	cbnz	r3, 10003526 <usb_reset_interface_open+0x22>
1000350e:	79cb      	ldrb	r3, [r1, #7]
10003510:	2b01      	cmp	r3, #1
10003512:	d10a      	bne.n	1000352a <usb_reset_interface_open+0x26>
10003514:	2a08      	cmp	r2, #8
10003516:	d90a      	bls.n	1000352e <usb_reset_interface_open+0x2a>
10003518:	788a      	ldrb	r2, [r1, #2]
1000351a:	4b06      	ldr	r3, [pc, #24]	@ (10003534 <usb_reset_interface_open+0x30>)
1000351c:	701a      	strb	r2, [r3, #0]
1000351e:	2009      	movs	r0, #9
10003520:	4770      	bx	lr
10003522:	2000      	movs	r0, #0
10003524:	4770      	bx	lr
10003526:	2000      	movs	r0, #0
10003528:	4770      	bx	lr
1000352a:	2000      	movs	r0, #0
1000352c:	4770      	bx	lr
1000352e:	2000      	movs	r0, #0
10003530:	4770      	bx	lr
10003532:	bf00      	nop
10003534:	20001845 	.word	0x20001845

10003538 <usb_reset_interface_xfer_cb>:
10003538:	2001      	movs	r0, #1
1000353a:	4770      	bx	lr

1000353c <usb_reset_interface_control_xfer_cb>:
1000353c:	2901      	cmp	r1, #1
1000353e:	d124      	bne.n	1000358a <usb_reset_interface_control_xfer_cb+0x4e>
10003540:	b508      	push	{r3, lr}
10003542:	8891      	ldrh	r1, [r2, #4]
10003544:	4b12      	ldr	r3, [pc, #72]	@ (10003590 <usb_reset_interface_control_xfer_cb+0x54>)
10003546:	781b      	ldrb	r3, [r3, #0]
10003548:	4299      	cmp	r1, r3
1000354a:	d001      	beq.n	10003550 <usb_reset_interface_control_xfer_cb+0x14>
1000354c:	2000      	movs	r0, #0
1000354e:	bd08      	pop	{r3, pc}
10003550:	7853      	ldrb	r3, [r2, #1]
10003552:	2b01      	cmp	r3, #1
10003554:	d003      	beq.n	1000355e <usb_reset_interface_control_xfer_cb+0x22>
10003556:	2b02      	cmp	r3, #2
10003558:	d010      	beq.n	1000357c <usb_reset_interface_control_xfer_cb+0x40>
1000355a:	2000      	movs	r0, #0
1000355c:	e7f7      	b.n	1000354e <usb_reset_interface_control_xfer_cb+0x12>
1000355e:	8851      	ldrh	r1, [r2, #2]
10003560:	f411 7f80 	tst.w	r1, #256	@ 0x100
10003564:	d006      	beq.n	10003574 <usb_reset_interface_control_xfer_cb+0x38>
10003566:	f3c1 12c0 	ubfx	r2, r1, #7, #1
1000356a:	0a48      	lsrs	r0, r1, #9
1000356c:	f001 0103 	and.w	r1, r1, #3
10003570:	f7fe f810 	bl	10001594 <rom_reset_usb_boot_extra>
10003574:	2200      	movs	r2, #0
10003576:	f04f 30ff 	mov.w	r0, #4294967295	@ 0xffffffff
1000357a:	e7f7      	b.n	1000356c <usb_reset_interface_control_xfer_cb+0x30>
1000357c:	2264      	movs	r2, #100	@ 0x64
1000357e:	2100      	movs	r1, #0
10003580:	4608      	mov	r0, r1
10003582:	f7fd ffa1 	bl	100014c8 <watchdog_reboot>
10003586:	2001      	movs	r0, #1
10003588:	e7e1      	b.n	1000354e <usb_reset_interface_control_xfer_cb+0x12>
1000358a:	2001      	movs	r0, #1
1000358c:	4770      	bx	lr
1000358e:	bf00      	nop
10003590:	20001845 	.word	0x20001845

10003594 <tud_descriptor_bos_cb>:
10003594:	4800      	ldr	r0, [pc, #0]	@ (10003598 <tud_descriptor_bos_cb+0x4>)
10003596:	4770      	bx	lr
10003598:	100067bc 	.word	0x100067bc

1000359c <tud_vendor_control_xfer_cb>:
1000359c:	2901      	cmp	r1, #1
1000359e:	d10f      	bne.n	100035c0 <tud_vendor_control_xfer_cb+0x24>
100035a0:	b508      	push	{r3, lr}
100035a2:	4694      	mov	ip, r2
100035a4:	7853      	ldrb	r3, [r2, #1]
100035a6:	2b01      	cmp	r3, #1
100035a8:	d10c      	bne.n	100035c4 <tud_vendor_control_xfer_cb+0x28>
100035aa:	8893      	ldrh	r3, [r2, #4]
100035ac:	2b07      	cmp	r3, #7
100035ae:	d001      	beq.n	100035b4 <tud_vendor_control_xfer_cb+0x18>
100035b0:	2000      	movs	r0, #0
100035b2:	e008      	b.n	100035c6 <tud_vendor_control_xfer_cb+0x2a>
100035b4:	23a6      	movs	r3, #166	@ 0xa6
100035b6:	4a04      	ldr	r2, [pc, #16]	@ (100035c8 <tud_vendor_control_xfer_cb+0x2c>)
100035b8:	4661      	mov	r1, ip
100035ba:	f001 f975 	bl	100048a8 <tud_control_xfer>
100035be:	e002      	b.n	100035c6 <tud_vendor_control_xfer_cb+0x2a>
100035c0:	2001      	movs	r0, #1
100035c2:	4770      	bx	lr
100035c4:	2000      	movs	r0, #0
100035c6:	bd08      	pop	{r3, pc}
100035c8:	10006714 	.word	0x10006714

100035cc <usbd_app_driver_get_cb>:
100035cc:	2301      	movs	r3, #1
100035ce:	7003      	strb	r3, [r0, #0]
100035d0:	4800      	ldr	r0, [pc, #0]	@ (100035d4 <usbd_app_driver_get_cb+0x8>)
100035d2:	4770      	bx	lr
100035d4:	100067e0 	.word	0x100067e0

100035d8 <tud_cdc_line_coding_cb>:
100035d8:	b508      	push	{r3, lr}
100035da:	680b      	ldr	r3, [r1, #0]
100035dc:	f5b3 6f96 	cmp.w	r3, #1200	@ 0x4b0
100035e0:	d000      	beq.n	100035e4 <tud_cdc_line_coding_cb+0xc>
100035e2:	bd08      	pop	{r3, pc}
100035e4:	2200      	movs	r2, #0
100035e6:	4611      	mov	r1, r2
100035e8:	f04f 30ff 	mov.w	r0, #4294967295	@ 0xffffffff
100035ec:	f7fd ffd2 	bl	10001594 <rom_reset_usb_boot_extra>

100035f0 <hw_endpoint_init>:
100035f0:	b500      	push	{lr}
100035f2:	f000 0c7f 	and.w	ip, r0, #127	@ 0x7f
100035f6:	ea4f 0e4c 	mov.w	lr, ip, lsl #1
100035fa:	eb0e 1ed0 	add.w	lr, lr, r0, lsr #7
100035fe:	4b2a      	ldr	r3, [pc, #168]	@ (100036a8 <hw_endpoint_init+0xb8>)
10003600:	eb03 134e 	add.w	r3, r3, lr, lsl #5
10003604:	7098      	strb	r0, [r3, #2]
10003606:	09c0      	lsrs	r0, r0, #7
10003608:	bf0c      	ite	eq
1000360a:	f04f 0e01 	moveq.w	lr, #1
1000360e:	f04f 0e00 	movne.w	lr, #0
10003612:	f883 e001 	strb.w	lr, [r3, #1]
10003616:	f04f 0e00 	mov.w	lr, #0
1000361a:	f883 e003 	strb.w	lr, [r3, #3]
1000361e:	8319      	strh	r1, [r3, #24]
10003620:	76da      	strb	r2, [r3, #27]
10003622:	b9f0      	cbnz	r0, 10003662 <hw_endpoint_init+0x72>
10003624:	ea4f 03cc 	mov.w	r3, ip, lsl #3
10003628:	4a20      	ldr	r2, [pc, #128]	@ (100036ac <hw_endpoint_init+0xbc>)
1000362a:	441a      	add	r2, r3
1000362c:	eb00 014c 	add.w	r1, r0, ip, lsl #1
10003630:	4b1d      	ldr	r3, [pc, #116]	@ (100036a8 <hw_endpoint_init+0xb8>)
10003632:	eb03 1341 	add.w	r3, r3, r1, lsl #5
10003636:	609a      	str	r2, [r3, #8]
10003638:	eb00 024c 	add.w	r2, r0, ip, lsl #1
1000363c:	4b1a      	ldr	r3, [pc, #104]	@ (100036a8 <hw_endpoint_init+0xb8>)
1000363e:	eb03 1342 	add.w	r3, r3, r2, lsl #5
10003642:	689b      	ldr	r3, [r3, #8]
10003644:	2200      	movs	r2, #0
10003646:	601a      	str	r2, [r3, #0]
10003648:	f1bc 0f00 	cmp.w	ip, #0
1000364c:	d113      	bne.n	10003676 <hw_endpoint_init+0x86>
1000364e:	eb00 004c 	add.w	r0, r0, ip, lsl #1
10003652:	4b15      	ldr	r3, [pc, #84]	@ (100036a8 <hw_endpoint_init+0xb8>)
10003654:	eb03 1040 	add.w	r0, r3, r0, lsl #5
10003658:	f8c0 c004 	str.w	ip, [r0, #4]
1000365c:	4b14      	ldr	r3, [pc, #80]	@ (100036b0 <hw_endpoint_init+0xc0>)
1000365e:	60c3      	str	r3, [r0, #12]
10003660:	bd00      	pop	{pc}
10003662:	4a14      	ldr	r2, [pc, #80]	@ (100036b4 <hw_endpoint_init+0xc4>)
10003664:	eb02 02cc 	add.w	r2, r2, ip, lsl #3
10003668:	eb00 014c 	add.w	r1, r0, ip, lsl #1
1000366c:	4b0e      	ldr	r3, [pc, #56]	@ (100036a8 <hw_endpoint_init+0xb8>)
1000366e:	eb03 1341 	add.w	r3, r3, r1, lsl #5
10003672:	609a      	str	r2, [r3, #8]
10003674:	e7e0      	b.n	10003638 <hw_endpoint_init+0x48>
10003676:	b958      	cbnz	r0, 10003690 <hw_endpoint_init+0xa0>
10003678:	f10c 33ff 	add.w	r3, ip, #4294967295	@ 0xffffffff
1000367c:	00db      	lsls	r3, r3, #3
1000367e:	4a0e      	ldr	r2, [pc, #56]	@ (100036b8 <hw_endpoint_init+0xc8>)
10003680:	441a      	add	r2, r3
10003682:	eb00 004c 	add.w	r0, r0, ip, lsl #1
10003686:	4b08      	ldr	r3, [pc, #32]	@ (100036a8 <hw_endpoint_init+0xb8>)
10003688:	eb03 1340 	add.w	r3, r3, r0, lsl #5
1000368c:	605a      	str	r2, [r3, #4]
1000368e:	e7e7      	b.n	10003660 <hw_endpoint_init+0x70>
10003690:	f10c 33ff 	add.w	r3, ip, #4294967295	@ 0xffffffff
10003694:	4a09      	ldr	r2, [pc, #36]	@ (100036bc <hw_endpoint_init+0xcc>)
10003696:	eb02 02c3 	add.w	r2, r2, r3, lsl #3
1000369a:	eb00 004c 	add.w	r0, r0, ip, lsl #1
1000369e:	4b02      	ldr	r3, [pc, #8]	@ (100036a8 <hw_endpoint_init+0xb8>)
100036a0:	eb03 1040 	add.w	r0, r3, r0, lsl #5
100036a4:	6042      	str	r2, [r0, #4]
100036a6:	e7db      	b.n	10003660 <hw_endpoint_init+0x70>
100036a8:	200013f0 	.word	0x200013f0
100036ac:	50100084 	.word	0x50100084
100036b0:	50100100 	.word	0x50100100
100036b4:	50100080 	.word	0x50100080
100036b8:	5010000c 	.word	0x5010000c
100036bc:	50100008 	.word	0x50100008

100036c0 <hw_endpoint_alloc>:
100036c0:	b508      	push	{r3, lr}
100036c2:	8b03      	ldrh	r3, [r0, #24]
100036c4:	333f      	adds	r3, #63	@ 0x3f
100036c6:	099b      	lsrs	r3, r3, #6
100036c8:	0199      	lsls	r1, r3, #6
100036ca:	7ec2      	ldrb	r2, [r0, #27]
100036cc:	2a02      	cmp	r2, #2
100036ce:	d008      	beq.n	100036e2 <hw_endpoint_alloc+0x22>
100036d0:	4a08      	ldr	r2, [pc, #32]	@ (100036f4 <hw_endpoint_alloc+0x34>)
100036d2:	6813      	ldr	r3, [r2, #0]
100036d4:	60c3      	str	r3, [r0, #12]
100036d6:	440b      	add	r3, r1
100036d8:	6013      	str	r3, [r2, #0]
100036da:	4a07      	ldr	r2, [pc, #28]	@ (100036f8 <hw_endpoint_alloc+0x38>)
100036dc:	4293      	cmp	r3, r2
100036de:	d802      	bhi.n	100036e6 <hw_endpoint_alloc+0x26>
100036e0:	bd08      	pop	{r3, pc}
100036e2:	01d9      	lsls	r1, r3, #7
100036e4:	e7f4      	b.n	100036d0 <hw_endpoint_alloc+0x10>
100036e6:	4b05      	ldr	r3, [pc, #20]	@ (100036fc <hw_endpoint_alloc+0x3c>)
100036e8:	4a05      	ldr	r2, [pc, #20]	@ (10003700 <hw_endpoint_alloc+0x40>)
100036ea:	2152      	movs	r1, #82	@ 0x52
100036ec:	4805      	ldr	r0, [pc, #20]	@ (10003704 <hw_endpoint_alloc+0x44>)
100036ee:	f7ff fae1 	bl	10002cb4 <__assert_func>
100036f2:	bf00      	nop
100036f4:	200017f4 	.word	0x200017f4
100036f8:	50100fff 	.word	0x50100fff
100036fc:	100062b0 	.word	0x100062b0
10003700:	10006830 	.word	0x10006830
10003704:	100062f4 	.word	0x100062f4

10003708 <hw_endpoint_open>:
10003708:	b570      	push	{r4, r5, r6, lr}
1000370a:	f000 047f 	and.w	r4, r0, #127	@ 0x7f
1000370e:	ea4f 0c44 	mov.w	ip, r4, lsl #1
10003712:	eb0c 13d0 	add.w	r3, ip, r0, lsr #7
10003716:	f8df c034 	ldr.w	ip, [pc, #52]	@ 1000374c <hw_endpoint_open+0x44>
1000371a:	eb0c 1343 	add.w	r3, ip, r3, lsl #5
1000371e:	461e      	mov	r6, r3
10003720:	f7ff ff66 	bl	100035f0 <hw_endpoint_init>
10003724:	b904      	cbnz	r4, 10003728 <hw_endpoint_open+0x20>
10003726:	bd70      	pop	{r4, r5, r6, pc}
10003728:	8b31      	ldrh	r1, [r6, #24]
1000372a:	4630      	mov	r0, r6
1000372c:	f7ff ffc8 	bl	100036c0 <hw_endpoint_alloc>
10003730:	7ef2      	ldrb	r2, [r6, #27]
10003732:	68f3      	ldr	r3, [r6, #12]
10003734:	f083 43a0 	eor.w	r3, r3, #1342177280	@ 0x50000000
10003738:	f483 1380 	eor.w	r3, r3, #1048576	@ 0x100000
1000373c:	ea43 6382 	orr.w	r3, r3, r2, lsl #26
10003740:	f043 4300 	orr.w	r3, r3, #2147483648	@ 0x80000000
10003744:	6872      	ldr	r2, [r6, #4]
10003746:	6013      	str	r3, [r2, #0]
10003748:	e7ed      	b.n	10003726 <hw_endpoint_open+0x1e>
1000374a:	bf00      	nop
1000374c:	200013f0 	.word	0x200013f0

10003750 <hw_endpoint_xfer>:
10003750:	b508      	push	{r3, lr}
10003752:	f000 037f 	and.w	r3, r0, #127	@ 0x7f
10003756:	005b      	lsls	r3, r3, #1
10003758:	eb03 10d0 	add.w	r0, r3, r0, lsr #7
1000375c:	4b02      	ldr	r3, [pc, #8]	@ (10003768 <hw_endpoint_xfer+0x18>)
1000375e:	eb03 1040 	add.w	r0, r3, r0, lsl #5
10003762:	f000 f91d 	bl	100039a0 <hw_endpoint_xfer_start>
10003766:	bd08      	pop	{r3, pc}
10003768:	200013f0 	.word	0x200013f0

1000376c <dcd_int_enable>:
1000376c:	b508      	push	{r3, lr}
1000376e:	b920      	cbnz	r0, 1000377a <dcd_int_enable+0xe>
10003770:	2101      	movs	r1, #1
10003772:	200e      	movs	r0, #14
10003774:	f7fc fed6 	bl	10000524 <irq_set_enabled>
10003778:	bd08      	pop	{r3, pc}
1000377a:	4b03      	ldr	r3, [pc, #12]	@ (10003788 <dcd_int_enable+0x1c>)
1000377c:	4a03      	ldr	r2, [pc, #12]	@ (1000378c <dcd_int_enable+0x20>)
1000377e:	f240 1197 	movw	r1, #407	@ 0x197
10003782:	4803      	ldr	r0, [pc, #12]	@ (10003790 <dcd_int_enable+0x24>)
10003784:	f7ff fa96 	bl	10002cb4 <__assert_func>
10003788:	10006364 	.word	0x10006364
1000378c:	10006820 	.word	0x10006820
10003790:	100062f4 	.word	0x100062f4

10003794 <dcd_set_address>:
10003794:	b508      	push	{r3, lr}
10003796:	b928      	cbnz	r0, 100037a4 <dcd_set_address+0x10>
10003798:	4602      	mov	r2, r0
1000379a:	4601      	mov	r1, r0
1000379c:	2080      	movs	r0, #128	@ 0x80
1000379e:	f7ff ffd7 	bl	10003750 <hw_endpoint_xfer>
100037a2:	bd08      	pop	{r3, pc}
100037a4:	4b03      	ldr	r3, [pc, #12]	@ (100037b4 <dcd_set_address+0x20>)
100037a6:	4a04      	ldr	r2, [pc, #16]	@ (100037b8 <dcd_set_address+0x24>)
100037a8:	f240 11a1 	movw	r1, #417	@ 0x1a1
100037ac:	4803      	ldr	r0, [pc, #12]	@ (100037bc <dcd_set_address+0x28>)
100037ae:	f7ff fa81 	bl	10002cb4 <__assert_func>
100037b2:	bf00      	nop
100037b4:	10006364 	.word	0x10006364
100037b8:	10006810 	.word	0x10006810
100037bc:	100062f4 	.word	0x100062f4

100037c0 <dcd_connect>:
100037c0:	4b02      	ldr	r3, [pc, #8]	@ (100037cc <dcd_connect+0xc>)
100037c2:	f44f 3280 	mov.w	r2, #65536	@ 0x10000
100037c6:	64da      	str	r2, [r3, #76]	@ 0x4c
100037c8:	4770      	bx	lr
100037ca:	bf00      	nop
100037cc:	50112000 	.word	0x50112000

100037d0 <dcd_init>:
100037d0:	b570      	push	{r4, r5, r6, lr}
100037d2:	bb48      	cbnz	r0, 10003828 <dcd_init+0x58>
100037d4:	4606      	mov	r6, r0
100037d6:	f000 f8c3 	bl	10003960 <rp2040_usb_init>
100037da:	4c17      	ldr	r4, [pc, #92]	@ (10003838 <dcd_init+0x68>)
100037dc:	230c      	movs	r3, #12
100037de:	67a3      	str	r3, [r4, #120]	@ 0x78
100037e0:	22ff      	movs	r2, #255	@ 0xff
100037e2:	4916      	ldr	r1, [pc, #88]	@ (1000383c <dcd_init+0x6c>)
100037e4:	200e      	movs	r0, #14
100037e6:	f7fc fef9 	bl	100005dc <irq_add_shared_handler>
100037ea:	2540      	movs	r5, #64	@ 0x40
100037ec:	462a      	mov	r2, r5
100037ee:	2100      	movs	r1, #0
100037f0:	4813      	ldr	r0, [pc, #76]	@ (10003840 <dcd_init+0x70>)
100037f2:	f002 f8a5 	bl	10005940 <memset>
100037f6:	2200      	movs	r2, #0
100037f8:	4629      	mov	r1, r5
100037fa:	4610      	mov	r0, r2
100037fc:	f7ff ff84 	bl	10003708 <hw_endpoint_open>
10003800:	2200      	movs	r2, #0
10003802:	4629      	mov	r1, r5
10003804:	2080      	movs	r0, #128	@ 0x80
10003806:	f7ff ff7f 	bl	10003708 <hw_endpoint_open>
1000380a:	f002 f9a1 	bl	10005b50 <__reset_non_control_endpoints_veneer>
1000380e:	2501      	movs	r5, #1
10003810:	6425      	str	r5, [r4, #64]	@ 0x40
10003812:	f04f 5300 	mov.w	r3, #536870912	@ 0x20000000
10003816:	64e3      	str	r3, [r4, #76]	@ 0x4c
10003818:	4b0a      	ldr	r3, [pc, #40]	@ (10003844 <dcd_init+0x74>)
1000381a:	f8c4 3090 	str.w	r3, [r4, #144]	@ 0x90
1000381e:	4630      	mov	r0, r6
10003820:	f7ff ffce 	bl	100037c0 <dcd_connect>
10003824:	4628      	mov	r0, r5
10003826:	bd70      	pop	{r4, r5, r6, pc}
10003828:	4b07      	ldr	r3, [pc, #28]	@ (10003848 <dcd_init+0x78>)
1000382a:	4a08      	ldr	r2, [pc, #32]	@ (1000384c <dcd_init+0x7c>)
1000382c:	f240 1163 	movw	r1, #355	@ 0x163
10003830:	4807      	ldr	r0, [pc, #28]	@ (10003850 <dcd_init+0x80>)
10003832:	f7ff fa3f 	bl	10002cb4 <__assert_func>
10003836:	bf00      	nop
10003838:	50110000 	.word	0x50110000
1000383c:	200003e9 	.word	0x200003e9
10003840:	200013f0 	.word	0x200013f0
10003844:	0001d010 	.word	0x0001d010
10003848:	10006364 	.word	0x10006364
1000384c:	10006844 	.word	0x10006844
10003850:	100062f4 	.word	0x100062f4

10003854 <dcd_sof_enable>:
10003854:	4b04      	ldr	r3, [pc, #16]	@ (10003868 <dcd_sof_enable+0x14>)
10003856:	7019      	strb	r1, [r3, #0]
10003858:	b121      	cbz	r1, 10003864 <dcd_sof_enable+0x10>
1000385a:	4b04      	ldr	r3, [pc, #16]	@ (1000386c <dcd_sof_enable+0x18>)
1000385c:	f44f 3200 	mov.w	r2, #131072	@ 0x20000
10003860:	f8c3 2090 	str.w	r2, [r3, #144]	@ 0x90
10003864:	4770      	bx	lr
10003866:	bf00      	nop
10003868:	20001842 	.word	0x20001842
1000386c:	50112000 	.word	0x50112000

10003870 <dcd_edpt0_status_complete>:
10003870:	780b      	ldrb	r3, [r1, #0]
10003872:	f013 0f1f 	tst.w	r3, #31
10003876:	d105      	bne.n	10003884 <dcd_edpt0_status_complete+0x14>
10003878:	f013 0f60 	tst.w	r3, #96	@ 0x60
1000387c:	d102      	bne.n	10003884 <dcd_edpt0_status_complete+0x14>
1000387e:	784b      	ldrb	r3, [r1, #1]
10003880:	2b05      	cmp	r3, #5
10003882:	d000      	beq.n	10003886 <dcd_edpt0_status_complete+0x16>
10003884:	4770      	bx	lr
10003886:	884b      	ldrh	r3, [r1, #2]
10003888:	b2db      	uxtb	r3, r3
1000388a:	4a01      	ldr	r2, [pc, #4]	@ (10003890 <dcd_edpt0_status_complete+0x20>)
1000388c:	6013      	str	r3, [r2, #0]
1000388e:	e7f9      	b.n	10003884 <dcd_edpt0_status_complete+0x14>
10003890:	50110000 	.word	0x50110000

10003894 <dcd_edpt_open>:
10003894:	78ca      	ldrb	r2, [r1, #3]
10003896:	f002 0203 	and.w	r2, r2, #3
1000389a:	2a01      	cmp	r2, #1
1000389c:	d009      	beq.n	100038b2 <dcd_edpt_open+0x1e>
1000389e:	b508      	push	{r3, lr}
100038a0:	460b      	mov	r3, r1
100038a2:	8889      	ldrh	r1, [r1, #4]
100038a4:	f3c1 010a 	ubfx	r1, r1, #0, #11
100038a8:	7898      	ldrb	r0, [r3, #2]
100038aa:	f7ff ff2d 	bl	10003708 <hw_endpoint_open>
100038ae:	2001      	movs	r0, #1
100038b0:	bd08      	pop	{r3, pc}
100038b2:	2000      	movs	r0, #0
100038b4:	4770      	bx	lr

100038b6 <dcd_edpt_close_all>:
100038b6:	b508      	push	{r3, lr}
100038b8:	f002 f94a 	bl	10005b50 <__reset_non_control_endpoints_veneer>
100038bc:	bd08      	pop	{r3, pc}
	...

100038c0 <dcd_edpt_xfer>:
100038c0:	b508      	push	{r3, lr}
100038c2:	b930      	cbnz	r0, 100038d2 <dcd_edpt_xfer+0x12>
100038c4:	4608      	mov	r0, r1
100038c6:	4611      	mov	r1, r2
100038c8:	461a      	mov	r2, r3
100038ca:	f7ff ff41 	bl	10003750 <hw_endpoint_xfer>
100038ce:	2001      	movs	r0, #1
100038d0:	bd08      	pop	{r3, pc}
100038d2:	4b03      	ldr	r3, [pc, #12]	@ (100038e0 <dcd_edpt_xfer+0x20>)
100038d4:	4a03      	ldr	r2, [pc, #12]	@ (100038e4 <dcd_edpt_xfer+0x24>)
100038d6:	f44f 7101 	mov.w	r1, #516	@ 0x204
100038da:	4803      	ldr	r0, [pc, #12]	@ (100038e8 <dcd_edpt_xfer+0x28>)
100038dc:	f7ff f9ea 	bl	10002cb4 <__assert_func>
100038e0:	10006364 	.word	0x10006364
100038e4:	10006800 	.word	0x10006800
100038e8:	100062f4 	.word	0x100062f4

100038ec <dcd_edpt_stall>:
100038ec:	b508      	push	{r3, lr}
100038ee:	f011 037f 	ands.w	r3, r1, #127	@ 0x7f
100038f2:	d104      	bne.n	100038fe <dcd_edpt_stall+0x12>
100038f4:	09ca      	lsrs	r2, r1, #7
100038f6:	d10e      	bne.n	10003916 <dcd_edpt_stall+0x2a>
100038f8:	2002      	movs	r0, #2
100038fa:	4a08      	ldr	r2, [pc, #32]	@ (1000391c <dcd_edpt_stall+0x30>)
100038fc:	6690      	str	r0, [r2, #104]	@ 0x68
100038fe:	005b      	lsls	r3, r3, #1
10003900:	eb03 13d1 	add.w	r3, r3, r1, lsr #7
10003904:	f44f 6200 	mov.w	r2, #2048	@ 0x800
10003908:	2100      	movs	r1, #0
1000390a:	4805      	ldr	r0, [pc, #20]	@ (10003920 <dcd_edpt_stall+0x34>)
1000390c:	eb00 1043 	add.w	r0, r0, r3, lsl #5
10003910:	f002 f90e 	bl	10005b30 <___hw_endpoint_buffer_control_update32_veneer>
10003914:	bd08      	pop	{r3, pc}
10003916:	2001      	movs	r0, #1
10003918:	e7ef      	b.n	100038fa <dcd_edpt_stall+0xe>
1000391a:	bf00      	nop
1000391c:	50112000 	.word	0x50112000
10003920:	200013f0 	.word	0x200013f0

10003924 <dcd_edpt_clear_stall>:
10003924:	b508      	push	{r3, lr}
10003926:	f011 037f 	ands.w	r3, r1, #127	@ 0x7f
1000392a:	d100      	bne.n	1000392e <dcd_edpt_clear_stall+0xa>
1000392c:	bd08      	pop	{r3, pc}
1000392e:	005b      	lsls	r3, r3, #1
10003930:	eb03 13d1 	add.w	r3, r3, r1, lsr #7
10003934:	4804      	ldr	r0, [pc, #16]	@ (10003948 <dcd_edpt_clear_stall+0x24>)
10003936:	eb00 1043 	add.w	r0, r0, r3, lsl #5
1000393a:	2200      	movs	r2, #0
1000393c:	70c2      	strb	r2, [r0, #3]
1000393e:	f46f 6100 	mvn.w	r1, #2048	@ 0x800
10003942:	f002 f8f5 	bl	10005b30 <___hw_endpoint_buffer_control_update32_veneer>
10003946:	e7f1      	b.n	1000392c <dcd_edpt_clear_stall+0x8>
10003948:	200013f0 	.word	0x200013f0

1000394c <unaligned_memcpy>:
1000394c:	e004      	b.n	10003958 <unaligned_memcpy+0xc>
1000394e:	f811 2b01 	ldrb.w	r2, [r1], #1
10003952:	f800 2b01 	strb.w	r2, [r0], #1
10003956:	461a      	mov	r2, r3
10003958:	1e53      	subs	r3, r2, #1
1000395a:	2a00      	cmp	r2, #0
1000395c:	d1f7      	bne.n	1000394e <unaligned_memcpy+0x2>
1000395e:	4770      	bx	lr

10003960 <rp2040_usb_init>:
10003960:	b508      	push	{r3, lr}
10003962:	f04f 5380 	mov.w	r3, #268435456	@ 0x10000000
10003966:	4a0a      	ldr	r2, [pc, #40]	@ (10003990 <rp2040_usb_init+0x30>)
10003968:	6013      	str	r3, [r2, #0]
1000396a:	f502 5280 	add.w	r2, r2, #4096	@ 0x1000
1000396e:	6013      	str	r3, [r2, #0]
10003970:	4b08      	ldr	r3, [pc, #32]	@ (10003994 <rp2040_usb_init+0x34>)
10003972:	689b      	ldr	r3, [r3, #8]
10003974:	f013 5f80 	tst.w	r3, #268435456	@ 0x10000000
10003978:	d0fa      	beq.n	10003970 <rp2040_usb_init+0x10>
1000397a:	f44f 5280 	mov.w	r2, #4096	@ 0x1000
1000397e:	2100      	movs	r1, #0
10003980:	4805      	ldr	r0, [pc, #20]	@ (10003998 <rp2040_usb_init+0x38>)
10003982:	f001 ffdd 	bl	10005940 <memset>
10003986:	4b05      	ldr	r3, [pc, #20]	@ (1000399c <rp2040_usb_init+0x3c>)
10003988:	2209      	movs	r2, #9
1000398a:	675a      	str	r2, [r3, #116]	@ 0x74
1000398c:	bd08      	pop	{r3, pc}
1000398e:	bf00      	nop
10003990:	40022000 	.word	0x40022000
10003994:	40020000 	.word	0x40020000
10003998:	50100000 	.word	0x50100000
1000399c:	50110000 	.word	0x50110000

100039a0 <hw_endpoint_xfer_start>:
100039a0:	b570      	push	{r4, r5, r6, lr}
100039a2:	4604      	mov	r4, r0
100039a4:	460d      	mov	r5, r1
100039a6:	4616      	mov	r6, r2
100039a8:	7e83      	ldrb	r3, [r0, #26]
100039aa:	b9ab      	cbnz	r3, 100039d8 <hw_endpoint_xfer_start+0x38>
100039ac:	82a6      	strh	r6, [r4, #20]
100039ae:	2300      	movs	r3, #0
100039b0:	82e3      	strh	r3, [r4, #22]
100039b2:	2301      	movs	r3, #1
100039b4:	76a3      	strb	r3, [r4, #26]
100039b6:	6125      	str	r5, [r4, #16]
100039b8:	4620      	mov	r0, r4
100039ba:	f002 f8b1 	bl	10005b20 <__e15_is_bulkin_ep_veneer>
100039be:	b120      	cbz	r0, 100039ca <hw_endpoint_xfer_start+0x2a>
100039c0:	4b0b      	ldr	r3, [pc, #44]	@ (100039f0 <hw_endpoint_xfer_start+0x50>)
100039c2:	f44f 3200 	mov.w	r2, #131072	@ 0x20000
100039c6:	f8c3 2090 	str.w	r2, [r3, #144]	@ 0x90
100039ca:	4620      	mov	r0, r4
100039cc:	f002 f8a4 	bl	10005b18 <__e15_is_critical_frame_period_veneer>
100039d0:	b150      	cbz	r0, 100039e8 <hw_endpoint_xfer_start+0x48>
100039d2:	2301      	movs	r3, #1
100039d4:	7723      	strb	r3, [r4, #28]
100039d6:	bd70      	pop	{r4, r5, r6, pc}
100039d8:	7881      	ldrb	r1, [r0, #2]
100039da:	4806      	ldr	r0, [pc, #24]	@ (100039f4 <hw_endpoint_xfer_start+0x54>)
100039dc:	f7ff fac8 	bl	10002f70 <__wrap_printf>
100039e0:	4620      	mov	r0, r4
100039e2:	f002 f8a9 	bl	10005b38 <__hw_endpoint_reset_transfer_veneer>
100039e6:	e7e1      	b.n	100039ac <hw_endpoint_xfer_start+0xc>
100039e8:	4620      	mov	r0, r4
100039ea:	f002 f8ad 	bl	10005b48 <__hw_endpoint_start_next_buffer_veneer>
100039ee:	e7f2      	b.n	100039d6 <hw_endpoint_xfer_start+0x36>
100039f0:	50112000 	.word	0x50112000
100039f4:	10006454 	.word	0x10006454

100039f8 <configuration_reset>:
100039f8:	b538      	push	{r3, r4, r5, lr}
100039fa:	4605      	mov	r5, r0
100039fc:	2400      	movs	r4, #0
100039fe:	e008      	b.n	10003a12 <configuration_reset+0x1a>
10003a00:	1ae3      	subs	r3, r4, r3
10003a02:	4a1a      	ldr	r2, [pc, #104]	@ (10003a6c <configuration_reset+0x74>)
10003a04:	eb02 1343 	add.w	r3, r2, r3, lsl #5
10003a08:	68db      	ldr	r3, [r3, #12]
10003a0a:	4628      	mov	r0, r5
10003a0c:	4798      	blx	r3
10003a0e:	3401      	adds	r4, #1
10003a10:	b2e4      	uxtb	r4, r4
10003a12:	4b17      	ldr	r3, [pc, #92]	@ (10003a70 <configuration_reset+0x78>)
10003a14:	781b      	ldrb	r3, [r3, #0]
10003a16:	42a3      	cmp	r3, r4
10003a18:	d315      	bcc.n	10003a46 <configuration_reset+0x4e>
10003a1a:	42a3      	cmp	r3, r4
10003a1c:	d9f0      	bls.n	10003a00 <configuration_reset+0x8>
10003a1e:	4b15      	ldr	r3, [pc, #84]	@ (10003a74 <configuration_reset+0x7c>)
10003a20:	681b      	ldr	r3, [r3, #0]
10003a22:	eb13 1344 	adds.w	r3, r3, r4, lsl #5
10003a26:	d1ef      	bne.n	10003a08 <configuration_reset+0x10>
10003a28:	f240 2225 	movw	r2, #549	@ 0x225
10003a2c:	4912      	ldr	r1, [pc, #72]	@ (10003a78 <configuration_reset+0x80>)
10003a2e:	4813      	ldr	r0, [pc, #76]	@ (10003a7c <configuration_reset+0x84>)
10003a30:	f7ff fa9e 	bl	10002f70 <__wrap_printf>
10003a34:	f04f 23e0 	mov.w	r3, #3758153728	@ 0xe000e000
10003a38:	f8d3 3df0 	ldr.w	r3, [r3, #3568]	@ 0xdf0
10003a3c:	f013 0f01 	tst.w	r3, #1
10003a40:	d013      	beq.n	10003a6a <configuration_reset+0x72>
10003a42:	be00      	bkpt	0x0000
10003a44:	e011      	b.n	10003a6a <configuration_reset+0x72>
10003a46:	4c0e      	ldr	r4, [pc, #56]	@ (10003a80 <configuration_reset+0x88>)
10003a48:	2254      	movs	r2, #84	@ 0x54
10003a4a:	2100      	movs	r1, #0
10003a4c:	4620      	mov	r0, r4
10003a4e:	f001 ff77 	bl	10005940 <memset>
10003a52:	f04f 33ff 	mov.w	r3, #4294967295	@ 0xffffffff
10003a56:	6063      	str	r3, [r4, #4]
10003a58:	60a3      	str	r3, [r4, #8]
10003a5a:	60e3      	str	r3, [r4, #12]
10003a5c:	6123      	str	r3, [r4, #16]
10003a5e:	2220      	movs	r2, #32
10003a60:	21ff      	movs	r1, #255	@ 0xff
10003a62:	f104 0014 	add.w	r0, r4, #20
10003a66:	f001 ff6b 	bl	10005940 <memset>
10003a6a:	bd38      	pop	{r3, r4, r5, pc}
10003a6c:	10006918 	.word	0x10006918
10003a70:	20001841 	.word	0x20001841
10003a74:	20001098 	.word	0x20001098
10003a78:	100068e4 	.word	0x100068e4
10003a7c:	1000648c 	.word	0x1000648c
10003a80:	20001268 	.word	0x20001268

10003a84 <usbd_reset>:
10003a84:	b508      	push	{r3, lr}
10003a86:	f7ff ffb7 	bl	100039f8 <configuration_reset>
10003a8a:	f000 ff65 	bl	10004958 <usbd_control_reset>
10003a8e:	bd08      	pop	{r3, pc}

10003a90 <invoke_class_control>:
10003a90:	b570      	push	{r4, r5, r6, lr}
10003a92:	4606      	mov	r6, r0
10003a94:	460c      	mov	r4, r1
10003a96:	4615      	mov	r5, r2
10003a98:	6948      	ldr	r0, [r1, #20]
10003a9a:	f000 ff67 	bl	1000496c <usbd_control_set_complete_callback>
10003a9e:	6963      	ldr	r3, [r4, #20]
10003aa0:	462a      	mov	r2, r5
10003aa2:	2101      	movs	r1, #1
10003aa4:	4630      	mov	r0, r6
10003aa6:	4798      	blx	r3
10003aa8:	bd70      	pop	{r4, r5, r6, pc}
	...

10003aac <process_set_config>:
10003aac:	e92d 4ff0 	stmdb	sp!, {r4, r5, r6, r7, r8, r9, sl, fp, lr}
10003ab0:	b083      	sub	sp, #12
10003ab2:	4681      	mov	r9, r0
10003ab4:	1e48      	subs	r0, r1, #1
10003ab6:	b2c0      	uxtb	r0, r0
10003ab8:	f7ff fc8e 	bl	100033d8 <tud_descriptor_configuration_cb>
10003abc:	b120      	cbz	r0, 10003ac8 <process_set_config+0x1c>
10003abe:	4682      	mov	sl, r0
10003ac0:	7843      	ldrb	r3, [r0, #1]
10003ac2:	9301      	str	r3, [sp, #4]
10003ac4:	2b02      	cmp	r3, #2
10003ac6:	d011      	beq.n	10003aec <process_set_config+0x40>
10003ac8:	f240 32d6 	movw	r2, #982	@ 0x3d6
10003acc:	495f      	ldr	r1, [pc, #380]	@ (10003c4c <process_set_config+0x1a0>)
10003ace:	4860      	ldr	r0, [pc, #384]	@ (10003c50 <process_set_config+0x1a4>)
10003ad0:	f7ff fa4e 	bl	10002f70 <__wrap_printf>
10003ad4:	f04f 23e0 	mov.w	r3, #3758153728	@ 0xe000e000
10003ad8:	f8d3 3df0 	ldr.w	r3, [r3, #3568]	@ 0xdf0
10003adc:	f013 0f01 	tst.w	r3, #1
10003ae0:	d000      	beq.n	10003ae4 <process_set_config+0x38>
10003ae2:	be00      	bkpt	0x0000
10003ae4:	2000      	movs	r0, #0
10003ae6:	b003      	add	sp, #12
10003ae8:	e8bd 8ff0 	ldmia.w	sp!, {r4, r5, r6, r7, r8, r9, sl, fp, pc}
10003aec:	79c2      	ldrb	r2, [r0, #7]
10003aee:	f3c2 1040 	ubfx	r0, r2, #5, #1
10003af2:	4b58      	ldr	r3, [pc, #352]	@ (10003c54 <process_set_config+0x1a8>)
10003af4:	7819      	ldrb	r1, [r3, #0]
10003af6:	f360 1104 	bfi	r1, r0, #4, #1
10003afa:	7019      	strb	r1, [r3, #0]
10003afc:	f3c2 1280 	ubfx	r2, r2, #6, #1
10003b00:	b2c9      	uxtb	r1, r1
10003b02:	f362 1145 	bfi	r1, r2, #5, #1
10003b06:	7019      	strb	r1, [r3, #0]
10003b08:	f10a 0809 	add.w	r8, sl, #9
10003b0c:	f8ba 3002 	ldrh.w	r3, [sl, #2]
10003b10:	449a      	add	sl, r3
10003b12:	e077      	b.n	10003c04 <process_set_config+0x158>
10003b14:	f898 b003 	ldrb.w	fp, [r8, #3]
10003b18:	f898 3000 	ldrb.w	r3, [r8]
10003b1c:	4498      	add	r8, r3
10003b1e:	e079      	b.n	10003c14 <process_set_config+0x168>
10003b20:	f240 32f1 	movw	r2, #1009	@ 0x3f1
10003b24:	4949      	ldr	r1, [pc, #292]	@ (10003c4c <process_set_config+0x1a0>)
10003b26:	484a      	ldr	r0, [pc, #296]	@ (10003c50 <process_set_config+0x1a4>)
10003b28:	f7ff fa22 	bl	10002f70 <__wrap_printf>
10003b2c:	f04f 23e0 	mov.w	r3, #3758153728	@ 0xe000e000
10003b30:	f8d3 3df0 	ldr.w	r3, [r3, #3568]	@ 0xdf0
10003b34:	f013 0f01 	tst.w	r3, #1
10003b38:	d000      	beq.n	10003b3c <process_set_config+0x90>
10003b3a:	be00      	bkpt	0x0000
10003b3c:	2000      	movs	r0, #0
10003b3e:	e7d2      	b.n	10003ae6 <process_set_config+0x3a>
10003b40:	1ae3      	subs	r3, r4, r3
10003b42:	4d45      	ldr	r5, [pc, #276]	@ (10003c58 <process_set_config+0x1ac>)
10003b44:	eb05 1543 	add.w	r5, r5, r3, lsl #5
10003b48:	692b      	ldr	r3, [r5, #16]
10003b4a:	463a      	mov	r2, r7
10003b4c:	4641      	mov	r1, r8
10003b4e:	4648      	mov	r0, r9
10003b50:	4798      	blx	r3
10003b52:	4606      	mov	r6, r0
10003b54:	2808      	cmp	r0, #8
10003b56:	d901      	bls.n	10003b5c <process_set_config+0xb0>
10003b58:	4287      	cmp	r7, r0
10003b5a:	d21c      	bcs.n	10003b96 <process_set_config+0xea>
10003b5c:	3401      	adds	r4, #1
10003b5e:	b2e4      	uxtb	r4, r4
10003b60:	4b3e      	ldr	r3, [pc, #248]	@ (10003c5c <process_set_config+0x1b0>)
10003b62:	781b      	ldrb	r3, [r3, #0]
10003b64:	42a3      	cmp	r3, r4
10003b66:	d349      	bcc.n	10003bfc <process_set_config+0x150>
10003b68:	42a3      	cmp	r3, r4
10003b6a:	d9e9      	bls.n	10003b40 <process_set_config+0x94>
10003b6c:	4b3c      	ldr	r3, [pc, #240]	@ (10003c60 <process_set_config+0x1b4>)
10003b6e:	681d      	ldr	r5, [r3, #0]
10003b70:	eb15 1544 	adds.w	r5, r5, r4, lsl #5
10003b74:	d1e8      	bne.n	10003b48 <process_set_config+0x9c>
10003b76:	f240 32fa 	movw	r2, #1018	@ 0x3fa
10003b7a:	4934      	ldr	r1, [pc, #208]	@ (10003c4c <process_set_config+0x1a0>)
10003b7c:	4834      	ldr	r0, [pc, #208]	@ (10003c50 <process_set_config+0x1a4>)
10003b7e:	f7ff f9f7 	bl	10002f70 <__wrap_printf>
10003b82:	f04f 23e0 	mov.w	r3, #3758153728	@ 0xe000e000
10003b86:	f8d3 3df0 	ldr.w	r3, [r3, #3568]	@ 0xdf0
10003b8a:	f013 0f01 	tst.w	r3, #1
10003b8e:	d000      	beq.n	10003b92 <process_set_config+0xe6>
10003b90:	be00      	bkpt	0x0000
10003b92:	2000      	movs	r0, #0
10003b94:	e7a7      	b.n	10003ae6 <process_set_config+0x3a>
10003b96:	f1bb 0f01 	cmp.w	fp, #1
10003b9a:	d011      	beq.n	10003bc0 <process_set_config+0x114>
10003b9c:	2200      	movs	r2, #0
10003b9e:	4593      	cmp	fp, r2
10003ba0:	d925      	bls.n	10003bee <process_set_config+0x142>
10003ba2:	f898 3002 	ldrb.w	r3, [r8, #2]
10003ba6:	4413      	add	r3, r2
10003ba8:	b2db      	uxtb	r3, r3
10003baa:	492a      	ldr	r1, [pc, #168]	@ (10003c54 <process_set_config+0x1a8>)
10003bac:	4419      	add	r1, r3
10003bae:	7909      	ldrb	r1, [r1, #4]
10003bb0:	29ff      	cmp	r1, #255	@ 0xff
10003bb2:	d10c      	bne.n	10003bce <process_set_config+0x122>
10003bb4:	4927      	ldr	r1, [pc, #156]	@ (10003c54 <process_set_config+0x1a8>)
10003bb6:	440b      	add	r3, r1
10003bb8:	711c      	strb	r4, [r3, #4]
10003bba:	3201      	adds	r2, #1
10003bbc:	b2d2      	uxtb	r2, r2
10003bbe:	e7ee      	b.n	10003b9e <process_set_config+0xf2>
10003bc0:	692a      	ldr	r2, [r5, #16]
10003bc2:	4b28      	ldr	r3, [pc, #160]	@ (10003c64 <process_set_config+0x1b8>)
10003bc4:	429a      	cmp	r2, r3
10003bc6:	d1e9      	bne.n	10003b9c <process_set_config+0xf0>
10003bc8:	f8dd b004 	ldr.w	fp, [sp, #4]
10003bcc:	e7e6      	b.n	10003b9c <process_set_config+0xf0>
10003bce:	f240 4219 	movw	r2, #1049	@ 0x419
10003bd2:	491e      	ldr	r1, [pc, #120]	@ (10003c4c <process_set_config+0x1a0>)
10003bd4:	481e      	ldr	r0, [pc, #120]	@ (10003c50 <process_set_config+0x1a4>)
10003bd6:	f7ff f9cb 	bl	10002f70 <__wrap_printf>
10003bda:	f04f 23e0 	mov.w	r3, #3758153728	@ 0xe000e000
10003bde:	f8d3 3df0 	ldr.w	r3, [r3, #3568]	@ 0xdf0
10003be2:	f013 0f01 	tst.w	r3, #1
10003be6:	d000      	beq.n	10003bea <process_set_config+0x13e>
10003be8:	be00      	bkpt	0x0000
10003bea:	2000      	movs	r0, #0
10003bec:	e77b      	b.n	10003ae6 <process_set_config+0x3a>
10003bee:	4623      	mov	r3, r4
10003bf0:	4632      	mov	r2, r6
10003bf2:	4641      	mov	r1, r8
10003bf4:	481c      	ldr	r0, [pc, #112]	@ (10003c68 <process_set_config+0x1bc>)
10003bf6:	f001 fbf3 	bl	100053e0 <tu_edpt_bind_driver>
10003bfa:	44b0      	add	r8, r6
10003bfc:	4b17      	ldr	r3, [pc, #92]	@ (10003c5c <process_set_config+0x1b0>)
10003bfe:	781b      	ldrb	r3, [r3, #0]
10003c00:	42a3      	cmp	r3, r4
10003c02:	d310      	bcc.n	10003c26 <process_set_config+0x17a>
10003c04:	45d0      	cmp	r8, sl
10003c06:	d21e      	bcs.n	10003c46 <process_set_config+0x19a>
10003c08:	f898 3001 	ldrb.w	r3, [r8, #1]
10003c0c:	2b0b      	cmp	r3, #11
10003c0e:	d081      	beq.n	10003b14 <process_set_config+0x68>
10003c10:	f04f 0b01 	mov.w	fp, #1
10003c14:	f898 3001 	ldrb.w	r3, [r8, #1]
10003c18:	2b04      	cmp	r3, #4
10003c1a:	d181      	bne.n	10003b20 <process_set_config+0x74>
10003c1c:	ebaa 0708 	sub.w	r7, sl, r8
10003c20:	b2bf      	uxth	r7, r7
10003c22:	2400      	movs	r4, #0
10003c24:	e79c      	b.n	10003b60 <process_set_config+0xb4>
10003c26:	f44f 6285 	mov.w	r2, #1064	@ 0x428
10003c2a:	4908      	ldr	r1, [pc, #32]	@ (10003c4c <process_set_config+0x1a0>)
10003c2c:	4808      	ldr	r0, [pc, #32]	@ (10003c50 <process_set_config+0x1a4>)
10003c2e:	f7ff f99f 	bl	10002f70 <__wrap_printf>
10003c32:	f04f 23e0 	mov.w	r3, #3758153728	@ 0xe000e000
10003c36:	f8d3 3df0 	ldr.w	r3, [r3, #3568]	@ 0xdf0
10003c3a:	f013 0f01 	tst.w	r3, #1
10003c3e:	d000      	beq.n	10003c42 <process_set_config+0x196>
10003c40:	be00      	bkpt	0x0000
10003c42:	2000      	movs	r0, #0
10003c44:	e74f      	b.n	10003ae6 <process_set_config+0x3a>
10003c46:	2001      	movs	r0, #1
10003c48:	e74d      	b.n	10003ae6 <process_set_config+0x3a>
10003c4a:	bf00      	nop
10003c4c:	100068b8 	.word	0x100068b8
10003c50:	1000648c 	.word	0x1000648c
10003c54:	20001268 	.word	0x20001268
10003c58:	10006918 	.word	0x10006918
10003c5c:	20001841 	.word	0x20001841
10003c60:	20001098 	.word	0x20001098
10003c64:	10004e29 	.word	0x10004e29
10003c68:	2000127c 	.word	0x2000127c

10003c6c <tud_event_hook_cb>:
10003c6c:	4770      	bx	lr

10003c6e <tud_sof_cb>:
10003c6e:	4770      	bx	lr

10003c70 <tud_descriptor_device_qualifier_cb>:
10003c70:	2000      	movs	r0, #0
10003c72:	4770      	bx	lr

10003c74 <tud_descriptor_other_speed_configuration_cb>:
10003c74:	2000      	movs	r0, #0
10003c76:	4770      	bx	lr

10003c78 <process_get_descriptor>:
10003c78:	b538      	push	{r3, r4, r5, lr}
10003c7a:	4605      	mov	r5, r0
10003c7c:	460c      	mov	r4, r1
10003c7e:	884b      	ldrh	r3, [r1, #2]
10003c80:	0a1a      	lsrs	r2, r3, #8
10003c82:	2a06      	cmp	r2, #6
10003c84:	d061      	beq.n	10003d4a <process_get_descriptor+0xd2>
10003c86:	4611      	mov	r1, r2
10003c88:	b2d8      	uxtb	r0, r3
10003c8a:	d811      	bhi.n	10003cb0 <process_get_descriptor+0x38>
10003c8c:	2a02      	cmp	r2, #2
10003c8e:	d02f      	beq.n	10003cf0 <process_get_descriptor+0x78>
10003c90:	2a03      	cmp	r2, #3
10003c92:	d04e      	beq.n	10003d32 <process_get_descriptor+0xba>
10003c94:	2a01      	cmp	r2, #1
10003c96:	d109      	bne.n	10003cac <process_get_descriptor+0x34>
10003c98:	f7ff fb9a 	bl	100033d0 <tud_descriptor_device_cb>
10003c9c:	4602      	mov	r2, r0
10003c9e:	b1b8      	cbz	r0, 10003cd0 <process_get_descriptor+0x58>
10003ca0:	2312      	movs	r3, #18
10003ca2:	4621      	mov	r1, r4
10003ca4:	4628      	mov	r0, r5
10003ca6:	f000 fdff 	bl	100048a8 <tud_control_xfer>
10003caa:	e02c      	b.n	10003d06 <process_get_descriptor+0x8e>
10003cac:	2000      	movs	r0, #0
10003cae:	e02a      	b.n	10003d06 <process_get_descriptor+0x8e>
10003cb0:	2a07      	cmp	r2, #7
10003cb2:	d01d      	beq.n	10003cf0 <process_get_descriptor+0x78>
10003cb4:	2a0f      	cmp	r2, #15
10003cb6:	d109      	bne.n	10003ccc <process_get_descriptor+0x54>
10003cb8:	f7ff fc6c 	bl	10003594 <tud_descriptor_bos_cb>
10003cbc:	4602      	mov	r2, r0
10003cbe:	b310      	cbz	r0, 10003d06 <process_get_descriptor+0x8e>
10003cc0:	8843      	ldrh	r3, [r0, #2]
10003cc2:	4621      	mov	r1, r4
10003cc4:	4628      	mov	r0, r5
10003cc6:	f000 fdef 	bl	100048a8 <tud_control_xfer>
10003cca:	e01c      	b.n	10003d06 <process_get_descriptor+0x8e>
10003ccc:	2000      	movs	r0, #0
10003cce:	e01a      	b.n	10003d06 <process_get_descriptor+0x8e>
10003cd0:	f240 423a 	movw	r2, #1082	@ 0x43a
10003cd4:	4922      	ldr	r1, [pc, #136]	@ (10003d60 <process_get_descriptor+0xe8>)
10003cd6:	4823      	ldr	r0, [pc, #140]	@ (10003d64 <process_get_descriptor+0xec>)
10003cd8:	f7ff f94a 	bl	10002f70 <__wrap_printf>
10003cdc:	f04f 23e0 	mov.w	r3, #3758153728	@ 0xe000e000
10003ce0:	f8d3 3df0 	ldr.w	r3, [r3, #3568]	@ 0xdf0
10003ce4:	f013 0f01 	tst.w	r3, #1
10003ce8:	d000      	beq.n	10003cec <process_get_descriptor+0x74>
10003cea:	be00      	bkpt	0x0000
10003cec:	2000      	movs	r0, #0
10003cee:	e00a      	b.n	10003d06 <process_get_descriptor+0x8e>
10003cf0:	2902      	cmp	r1, #2
10003cf2:	d009      	beq.n	10003d08 <process_get_descriptor+0x90>
10003cf4:	f7ff ffbe 	bl	10003c74 <tud_descriptor_other_speed_configuration_cb>
10003cf8:	4602      	mov	r2, r0
10003cfa:	b120      	cbz	r0, 10003d06 <process_get_descriptor+0x8e>
10003cfc:	8853      	ldrh	r3, [r2, #2]
10003cfe:	4621      	mov	r1, r4
10003d00:	4628      	mov	r0, r5
10003d02:	f000 fdd1 	bl	100048a8 <tud_control_xfer>
10003d06:	bd38      	pop	{r3, r4, r5, pc}
10003d08:	f7ff fb66 	bl	100033d8 <tud_descriptor_configuration_cb>
10003d0c:	4602      	mov	r2, r0
10003d0e:	2800      	cmp	r0, #0
10003d10:	d1f4      	bne.n	10003cfc <process_get_descriptor+0x84>
10003d12:	f240 4261 	movw	r2, #1121	@ 0x461
10003d16:	4912      	ldr	r1, [pc, #72]	@ (10003d60 <process_get_descriptor+0xe8>)
10003d18:	4812      	ldr	r0, [pc, #72]	@ (10003d64 <process_get_descriptor+0xec>)
10003d1a:	f7ff f929 	bl	10002f70 <__wrap_printf>
10003d1e:	f04f 23e0 	mov.w	r3, #3758153728	@ 0xe000e000
10003d22:	f8d3 3df0 	ldr.w	r3, [r3, #3568]	@ 0xdf0
10003d26:	f013 0f01 	tst.w	r3, #1
10003d2a:	d000      	beq.n	10003d2e <process_get_descriptor+0xb6>
10003d2c:	be00      	bkpt	0x0000
10003d2e:	2000      	movs	r0, #0
10003d30:	e7e9      	b.n	10003d06 <process_get_descriptor+0x8e>
10003d32:	88a1      	ldrh	r1, [r4, #4]
10003d34:	f7ff fb54 	bl	100033e0 <tud_descriptor_string_cb>
10003d38:	4602      	mov	r2, r0
10003d3a:	2800      	cmp	r0, #0
10003d3c:	d0e3      	beq.n	10003d06 <process_get_descriptor+0x8e>
10003d3e:	7803      	ldrb	r3, [r0, #0]
10003d40:	4621      	mov	r1, r4
10003d42:	4628      	mov	r0, r5
10003d44:	f000 fdb0 	bl	100048a8 <tud_control_xfer>
10003d48:	e7dd      	b.n	10003d06 <process_get_descriptor+0x8e>
10003d4a:	f7ff ff91 	bl	10003c70 <tud_descriptor_device_qualifier_cb>
10003d4e:	4602      	mov	r2, r0
10003d50:	2800      	cmp	r0, #0
10003d52:	d0d8      	beq.n	10003d06 <process_get_descriptor+0x8e>
10003d54:	7803      	ldrb	r3, [r0, #0]
10003d56:	4621      	mov	r1, r4
10003d58:	4628      	mov	r0, r5
10003d5a:	f000 fda5 	bl	100048a8 <tud_control_xfer>
10003d5e:	e7d2      	b.n	10003d06 <process_get_descriptor+0x8e>
10003d60:	100068a0 	.word	0x100068a0
10003d64:	1000648c 	.word	0x1000648c

10003d68 <tud_mount_cb>:
10003d68:	4770      	bx	lr

10003d6a <tud_umount_cb>:
10003d6a:	4770      	bx	lr

10003d6c <tud_suspend_cb>:
10003d6c:	4770      	bx	lr

10003d6e <tud_resume_cb>:
10003d6e:	4770      	bx	lr

10003d70 <tud_mounted>:
10003d70:	4b02      	ldr	r3, [pc, #8]	@ (10003d7c <tud_mounted+0xc>)
10003d72:	7858      	ldrb	r0, [r3, #1]
10003d74:	3800      	subs	r0, #0
10003d76:	bf18      	it	ne
10003d78:	2001      	movne	r0, #1
10003d7a:	4770      	bx	lr
10003d7c:	20001268 	.word	0x20001268

10003d80 <tud_suspended>:
10003d80:	4b02      	ldr	r3, [pc, #8]	@ (10003d8c <tud_suspended+0xc>)
10003d82:	7818      	ldrb	r0, [r3, #0]
10003d84:	f3c0 0080 	ubfx	r0, r0, #2, #1
10003d88:	4770      	bx	lr
10003d8a:	bf00      	nop
10003d8c:	20001268 	.word	0x20001268

10003d90 <tud_inited>:
10003d90:	4b02      	ldr	r3, [pc, #8]	@ (10003d9c <tud_inited+0xc>)
10003d92:	7818      	ldrb	r0, [r3, #0]
10003d94:	38ff      	subs	r0, #255	@ 0xff
10003d96:	bf18      	it	ne
10003d98:	2001      	movne	r0, #1
10003d9a:	4770      	bx	lr
10003d9c:	20000f00 	.word	0x20000f00

10003da0 <tud_rhport_init>:
10003da0:	b5f8      	push	{r3, r4, r5, r6, r7, lr}
10003da2:	4606      	mov	r6, r0
10003da4:	460c      	mov	r4, r1
10003da6:	460f      	mov	r7, r1
10003da8:	f7ff fff2 	bl	10003d90 <tud_inited>
10003dac:	4605      	mov	r5, r0
10003dae:	2800      	cmp	r0, #0
10003db0:	d152      	bne.n	10003e58 <tud_rhport_init+0xb8>
10003db2:	b304      	cbz	r4, 10003df6 <tud_rhport_init+0x56>
10003db4:	2254      	movs	r2, #84	@ 0x54
10003db6:	2100      	movs	r1, #0
10003db8:	4836      	ldr	r0, [pc, #216]	@ (10003e94 <tud_rhport_init+0xf4>)
10003dba:	f001 fdc1 	bl	10005940 <memset>
10003dbe:	4b36      	ldr	r3, [pc, #216]	@ (10003e98 <tud_rhport_init+0xf8>)
10003dc0:	2200      	movs	r2, #0
10003dc2:	701a      	strb	r2, [r3, #0]
10003dc4:	4c35      	ldr	r4, [pc, #212]	@ (10003e9c <tud_rhport_init+0xfc>)
10003dc6:	4620      	mov	r0, r4
10003dc8:	f7fc fdbc 	bl	10000944 <mutex_init>
10003dcc:	4b34      	ldr	r3, [pc, #208]	@ (10003ea0 <tud_rhport_init+0x100>)
10003dce:	601c      	str	r4, [r3, #0]
10003dd0:	4c34      	ldr	r4, [pc, #208]	@ (10003ea4 <tud_rhport_init+0x104>)
10003dd2:	4620      	mov	r0, r4
10003dd4:	f7fc fe00 	bl	100009d8 <critical_section_init>
10003dd8:	3c14      	subs	r4, #20
10003dda:	4620      	mov	r0, r4
10003ddc:	f001 fd78 	bl	100058d0 <tu_fifo_clear>
10003de0:	4b31      	ldr	r3, [pc, #196]	@ (10003ea8 <tud_rhport_init+0x108>)
10003de2:	601c      	str	r4, [r3, #0]
10003de4:	4b31      	ldr	r3, [pc, #196]	@ (10003eac <tud_rhport_init+0x10c>)
10003de6:	b123      	cbz	r3, 10003df2 <tud_rhport_init+0x52>
10003de8:	4831      	ldr	r0, [pc, #196]	@ (10003eb0 <tud_rhport_init+0x110>)
10003dea:	f7ff fbef 	bl	100035cc <usbd_app_driver_get_cb>
10003dee:	4b31      	ldr	r3, [pc, #196]	@ (10003eb4 <tud_rhport_init+0x114>)
10003df0:	6018      	str	r0, [r3, #0]
10003df2:	2400      	movs	r4, #0
10003df4:	e017      	b.n	10003e26 <tud_rhport_init+0x86>
10003df6:	f44f 72e9 	mov.w	r2, #466	@ 0x1d2
10003dfa:	492f      	ldr	r1, [pc, #188]	@ (10003eb8 <tud_rhport_init+0x118>)
10003dfc:	482f      	ldr	r0, [pc, #188]	@ (10003ebc <tud_rhport_init+0x11c>)
10003dfe:	f7ff f8b7 	bl	10002f70 <__wrap_printf>
10003e02:	f04f 23e0 	mov.w	r3, #3758153728	@ 0xe000e000
10003e06:	f8d3 3df0 	ldr.w	r3, [r3, #3568]	@ 0xdf0
10003e0a:	f013 0f01 	tst.w	r3, #1
10003e0e:	d023      	beq.n	10003e58 <tud_rhport_init+0xb8>
10003e10:	be00      	bkpt	0x0000
10003e12:	e021      	b.n	10003e58 <tud_rhport_init+0xb8>
10003e14:	1ae3      	subs	r3, r4, r3
10003e16:	4a2a      	ldr	r2, [pc, #168]	@ (10003ec0 <tud_rhport_init+0x120>)
10003e18:	eb02 1343 	add.w	r3, r2, r3, lsl #5
10003e1c:	685b      	ldr	r3, [r3, #4]
10003e1e:	b16b      	cbz	r3, 10003e3c <tud_rhport_init+0x9c>
10003e20:	4798      	blx	r3
10003e22:	3401      	adds	r4, #1
10003e24:	b2e4      	uxtb	r4, r4
10003e26:	4b22      	ldr	r3, [pc, #136]	@ (10003eb0 <tud_rhport_init+0x110>)
10003e28:	781b      	ldrb	r3, [r3, #0]
10003e2a:	42a3      	cmp	r3, r4
10003e2c:	d316      	bcc.n	10003e5c <tud_rhport_init+0xbc>
10003e2e:	42a3      	cmp	r3, r4
10003e30:	d9f0      	bls.n	10003e14 <tud_rhport_init+0x74>
10003e32:	4b20      	ldr	r3, [pc, #128]	@ (10003eb4 <tud_rhport_init+0x114>)
10003e34:	681b      	ldr	r3, [r3, #0]
10003e36:	eb13 1344 	adds.w	r3, r3, r4, lsl #5
10003e3a:	d1ef      	bne.n	10003e1c <tud_rhport_init+0x7c>
10003e3c:	f44f 72f8 	mov.w	r2, #496	@ 0x1f0
10003e40:	491d      	ldr	r1, [pc, #116]	@ (10003eb8 <tud_rhport_init+0x118>)
10003e42:	481e      	ldr	r0, [pc, #120]	@ (10003ebc <tud_rhport_init+0x11c>)
10003e44:	f7ff f894 	bl	10002f70 <__wrap_printf>
10003e48:	f04f 23e0 	mov.w	r3, #3758153728	@ 0xe000e000
10003e4c:	f8d3 3df0 	ldr.w	r3, [r3, #3568]	@ 0xdf0
10003e50:	f013 0f01 	tst.w	r3, #1
10003e54:	d000      	beq.n	10003e58 <tud_rhport_init+0xb8>
10003e56:	be00      	bkpt	0x0000
10003e58:	4628      	mov	r0, r5
10003e5a:	bdf8      	pop	{r3, r4, r5, r6, r7, pc}
10003e5c:	4b19      	ldr	r3, [pc, #100]	@ (10003ec4 <tud_rhport_init+0x124>)
10003e5e:	701e      	strb	r6, [r3, #0]
10003e60:	4639      	mov	r1, r7
10003e62:	4630      	mov	r0, r6
10003e64:	f7ff fcb4 	bl	100037d0 <dcd_init>
10003e68:	4605      	mov	r5, r0
10003e6a:	b118      	cbz	r0, 10003e74 <tud_rhport_init+0xd4>
10003e6c:	4630      	mov	r0, r6
10003e6e:	f7ff fc7d 	bl	1000376c <dcd_int_enable>
10003e72:	e7f1      	b.n	10003e58 <tud_rhport_init+0xb8>
10003e74:	f44f 72fc 	mov.w	r2, #504	@ 0x1f8
10003e78:	490f      	ldr	r1, [pc, #60]	@ (10003eb8 <tud_rhport_init+0x118>)
10003e7a:	4810      	ldr	r0, [pc, #64]	@ (10003ebc <tud_rhport_init+0x11c>)
10003e7c:	f7ff f878 	bl	10002f70 <__wrap_printf>
10003e80:	f04f 23e0 	mov.w	r3, #3758153728	@ 0xe000e000
10003e84:	f8d3 3df0 	ldr.w	r3, [r3, #3568]	@ 0xdf0
10003e88:	f013 0f01 	tst.w	r3, #1
10003e8c:	d0e4      	beq.n	10003e58 <tud_rhport_init+0xb8>
10003e8e:	be00      	bkpt	0x0000
10003e90:	e7e2      	b.n	10003e58 <tud_rhport_init+0xb8>
10003e92:	bf00      	nop
10003e94:	20001268 	.word	0x20001268
10003e98:	20001843 	.word	0x20001843
10003e9c:	20001260 	.word	0x20001260
10003ea0:	200012bc 	.word	0x200012bc
10003ea4:	20000ef8 	.word	0x20000ef8
10003ea8:	200012c0 	.word	0x200012c0
10003eac:	100035cd 	.word	0x100035cd
10003eb0:	20001841 	.word	0x20001841
10003eb4:	20001098 	.word	0x20001098
10003eb8:	10006908 	.word	0x10006908
10003ebc:	1000648c 	.word	0x1000648c
10003ec0:	10006918 	.word	0x10006918
10003ec4:	20000f00 	.word	0x20000f00

10003ec8 <usbd_edpt_open>:
10003ec8:	b570      	push	{r4, r5, r6, lr}
10003eca:	4b1b      	ldr	r3, [pc, #108]	@ (10003f38 <usbd_edpt_open+0x70>)
10003ecc:	781b      	ldrb	r3, [r3, #0]
10003ece:	461e      	mov	r6, r3
10003ed0:	788b      	ldrb	r3, [r1, #2]
10003ed2:	f013 0f70 	tst.w	r3, #112	@ 0x70
10003ed6:	d10e      	bne.n	10003ef6 <usbd_edpt_open+0x2e>
10003ed8:	460c      	mov	r4, r1
10003eda:	4b18      	ldr	r3, [pc, #96]	@ (10003f3c <usbd_edpt_open+0x74>)
10003edc:	7899      	ldrb	r1, [r3, #2]
10003ede:	4620      	mov	r0, r4
10003ee0:	f001 fa0e 	bl	10005300 <tu_edpt_validate>
10003ee4:	4605      	mov	r5, r0
10003ee6:	b1b8      	cbz	r0, 10003f18 <usbd_edpt_open+0x50>
10003ee8:	4621      	mov	r1, r4
10003eea:	4630      	mov	r0, r6
10003eec:	f7ff fcd2 	bl	10003894 <dcd_edpt_open>
10003ef0:	4605      	mov	r5, r0
10003ef2:	4628      	mov	r0, r5
10003ef4:	bd70      	pop	{r4, r5, r6, pc}
10003ef6:	f240 520b 	movw	r2, #1291	@ 0x50b
10003efa:	4911      	ldr	r1, [pc, #68]	@ (10003f40 <usbd_edpt_open+0x78>)
10003efc:	4811      	ldr	r0, [pc, #68]	@ (10003f44 <usbd_edpt_open+0x7c>)
10003efe:	f7ff f837 	bl	10002f70 <__wrap_printf>
10003f02:	f04f 23e0 	mov.w	r3, #3758153728	@ 0xe000e000
10003f06:	f8d3 3df0 	ldr.w	r3, [r3, #3568]	@ 0xdf0
10003f0a:	f013 0f01 	tst.w	r3, #1
10003f0e:	d000      	beq.n	10003f12 <usbd_edpt_open+0x4a>
10003f10:	be00      	bkpt	0x0000
10003f12:	2300      	movs	r3, #0
10003f14:	461d      	mov	r5, r3
10003f16:	e7ec      	b.n	10003ef2 <usbd_edpt_open+0x2a>
10003f18:	f240 520c 	movw	r2, #1292	@ 0x50c
10003f1c:	4908      	ldr	r1, [pc, #32]	@ (10003f40 <usbd_edpt_open+0x78>)
10003f1e:	4809      	ldr	r0, [pc, #36]	@ (10003f44 <usbd_edpt_open+0x7c>)
10003f20:	f7ff f826 	bl	10002f70 <__wrap_printf>
10003f24:	f04f 23e0 	mov.w	r3, #3758153728	@ 0xe000e000
10003f28:	f8d3 3df0 	ldr.w	r3, [r3, #3568]	@ 0xdf0
10003f2c:	f013 0f01 	tst.w	r3, #1
10003f30:	d0df      	beq.n	10003ef2 <usbd_edpt_open+0x2a>
10003f32:	be00      	bkpt	0x0000
10003f34:	e7dd      	b.n	10003ef2 <usbd_edpt_open+0x2a>
10003f36:	bf00      	nop
10003f38:	20000f00 	.word	0x20000f00
10003f3c:	20001268 	.word	0x20001268
10003f40:	10006870 	.word	0x10006870
10003f44:	1000648c 	.word	0x1000648c

10003f48 <usbd_open_edpt_pair>:
10003f48:	e92d 47f0 	stmdb	sp!, {r4, r5, r6, r7, r8, r9, sl, lr}
10003f4c:	4680      	mov	r8, r0
10003f4e:	460c      	mov	r4, r1
10003f50:	4616      	mov	r6, r2
10003f52:	461f      	mov	r7, r3
10003f54:	f8dd 9020 	ldr.w	r9, [sp, #32]
10003f58:	2500      	movs	r5, #0
10003f5a:	e026      	b.n	10003faa <usbd_open_edpt_pair+0x62>
10003f5c:	f240 42e7 	movw	r2, #1255	@ 0x4e7
10003f60:	491f      	ldr	r1, [pc, #124]	@ (10003fe0 <usbd_open_edpt_pair+0x98>)
10003f62:	4820      	ldr	r0, [pc, #128]	@ (10003fe4 <usbd_open_edpt_pair+0x9c>)
10003f64:	f7ff f804 	bl	10002f70 <__wrap_printf>
10003f68:	f04f 23e0 	mov.w	r3, #3758153728	@ 0xe000e000
10003f6c:	f8d3 3df0 	ldr.w	r3, [r3, #3568]	@ 0xdf0
10003f70:	f013 0f01 	tst.w	r3, #1
10003f74:	d000      	beq.n	10003f78 <usbd_open_edpt_pair+0x30>
10003f76:	be00      	bkpt	0x0000
10003f78:	f04f 0a00 	mov.w	sl, #0
10003f7c:	4650      	mov	r0, sl
10003f7e:	e8bd 87f0 	ldmia.w	sp!, {r4, r5, r6, r7, r8, r9, sl, pc}
10003f82:	f44f 629d 	mov.w	r2, #1256	@ 0x4e8
10003f86:	4916      	ldr	r1, [pc, #88]	@ (10003fe0 <usbd_open_edpt_pair+0x98>)
10003f88:	4816      	ldr	r0, [pc, #88]	@ (10003fe4 <usbd_open_edpt_pair+0x9c>)
10003f8a:	f7fe fff1 	bl	10002f70 <__wrap_printf>
10003f8e:	f04f 23e0 	mov.w	r3, #3758153728	@ 0xe000e000
10003f92:	f8d3 3df0 	ldr.w	r3, [r3, #3568]	@ 0xdf0
10003f96:	f013 0f01 	tst.w	r3, #1
10003f9a:	d0ef      	beq.n	10003f7c <usbd_open_edpt_pair+0x34>
10003f9c:	be00      	bkpt	0x0000
10003f9e:	e7ed      	b.n	10003f7c <usbd_open_edpt_pair+0x34>
10003fa0:	9a09      	ldr	r2, [sp, #36]	@ 0x24
10003fa2:	7013      	strb	r3, [r2, #0]
10003fa4:	7823      	ldrb	r3, [r4, #0]
10003fa6:	441c      	add	r4, r3
10003fa8:	3501      	adds	r5, #1
10003faa:	42ae      	cmp	r6, r5
10003fac:	dd14      	ble.n	10003fd8 <usbd_open_edpt_pair+0x90>
10003fae:	7863      	ldrb	r3, [r4, #1]
10003fb0:	2b05      	cmp	r3, #5
10003fb2:	d1d3      	bne.n	10003f5c <usbd_open_edpt_pair+0x14>
10003fb4:	78e1      	ldrb	r1, [r4, #3]
10003fb6:	f001 0103 	and.w	r1, r1, #3
10003fba:	42b9      	cmp	r1, r7
10003fbc:	d1ce      	bne.n	10003f5c <usbd_open_edpt_pair+0x14>
10003fbe:	4621      	mov	r1, r4
10003fc0:	4640      	mov	r0, r8
10003fc2:	f7ff ff81 	bl	10003ec8 <usbd_edpt_open>
10003fc6:	4682      	mov	sl, r0
10003fc8:	2800      	cmp	r0, #0
10003fca:	d0da      	beq.n	10003f82 <usbd_open_edpt_pair+0x3a>
10003fcc:	78a3      	ldrb	r3, [r4, #2]
10003fce:	09da      	lsrs	r2, r3, #7
10003fd0:	d1e6      	bne.n	10003fa0 <usbd_open_edpt_pair+0x58>
10003fd2:	f889 3000 	strb.w	r3, [r9]
10003fd6:	e7e5      	b.n	10003fa4 <usbd_open_edpt_pair+0x5c>
10003fd8:	f04f 0a01 	mov.w	sl, #1
10003fdc:	e7ce      	b.n	10003f7c <usbd_open_edpt_pair+0x34>
10003fde:	bf00      	nop
10003fe0:	10006880 	.word	0x10006880
10003fe4:	1000648c 	.word	0x1000648c

10003fe8 <usbd_edpt_claim>:
10003fe8:	b508      	push	{r3, lr}
10003fea:	f001 007f 	and.w	r0, r1, #127	@ 0x7f
10003fee:	0040      	lsls	r0, r0, #1
10003ff0:	eb00 10d1 	add.w	r0, r0, r1, lsr #7
10003ff4:	3030      	adds	r0, #48	@ 0x30
10003ff6:	4b04      	ldr	r3, [pc, #16]	@ (10004008 <usbd_edpt_claim+0x20>)
10003ff8:	4418      	add	r0, r3
10003ffa:	4b04      	ldr	r3, [pc, #16]	@ (1000400c <usbd_edpt_claim+0x24>)
10003ffc:	6819      	ldr	r1, [r3, #0]
10003ffe:	3004      	adds	r0, #4
10004000:	f001 f930 	bl	10005264 <tu_edpt_claim>
10004004:	bd08      	pop	{r3, pc}
10004006:	bf00      	nop
10004008:	20001268 	.word	0x20001268
1000400c:	200012bc 	.word	0x200012bc

10004010 <usbd_edpt_release>:
10004010:	b508      	push	{r3, lr}
10004012:	f001 007f 	and.w	r0, r1, #127	@ 0x7f
10004016:	0040      	lsls	r0, r0, #1
10004018:	eb00 10d1 	add.w	r0, r0, r1, lsr #7
1000401c:	3030      	adds	r0, #48	@ 0x30
1000401e:	4b04      	ldr	r3, [pc, #16]	@ (10004030 <usbd_edpt_release+0x20>)
10004020:	4418      	add	r0, r3
10004022:	4b04      	ldr	r3, [pc, #16]	@ (10004034 <usbd_edpt_release+0x24>)
10004024:	6819      	ldr	r1, [r3, #0]
10004026:	3004      	adds	r0, #4
10004028:	f001 f947 	bl	100052ba <tu_edpt_release>
1000402c:	bd08      	pop	{r3, pc}
1000402e:	bf00      	nop
10004030:	20001268 	.word	0x20001268
10004034:	200012bc 	.word	0x200012bc

10004038 <usbd_edpt_xfer>:
10004038:	b538      	push	{r3, r4, r5, lr}
1000403a:	4824      	ldr	r0, [pc, #144]	@ (100040cc <usbd_edpt_xfer+0x94>)
1000403c:	7800      	ldrb	r0, [r0, #0]
1000403e:	f001 047f 	and.w	r4, r1, #127	@ 0x7f
10004042:	f8df c08c 	ldr.w	ip, [pc, #140]	@ 100040d0 <usbd_edpt_xfer+0x98>
10004046:	eb0c 0c44 	add.w	ip, ip, r4, lsl #1
1000404a:	eb0c 1cd1 	add.w	ip, ip, r1, lsr #7
1000404e:	f10c 0c30 	add.w	ip, ip, #48	@ 0x30
10004052:	f89c c004 	ldrb.w	ip, [ip, #4]
10004056:	f01c 0f01 	tst.w	ip, #1
1000405a:	d127      	bne.n	100040ac <usbd_edpt_xfer+0x74>
1000405c:	09cd      	lsrs	r5, r1, #7
1000405e:	f8df c070 	ldr.w	ip, [pc, #112]	@ 100040d0 <usbd_edpt_xfer+0x98>
10004062:	eb0c 0c44 	add.w	ip, ip, r4, lsl #1
10004066:	44ac      	add	ip, r5
10004068:	f89c e034 	ldrb.w	lr, [ip, #52]	@ 0x34
1000406c:	f04e 0e01 	orr.w	lr, lr, #1
10004070:	f88c e034 	strb.w	lr, [ip, #52]	@ 0x34
10004074:	f7ff fc24 	bl	100038c0 <dcd_edpt_xfer>
10004078:	bb38      	cbnz	r0, 100040ca <usbd_edpt_xfer+0x92>
1000407a:	4b15      	ldr	r3, [pc, #84]	@ (100040d0 <usbd_edpt_xfer+0x98>)
1000407c:	eb03 0344 	add.w	r3, r3, r4, lsl #1
10004080:	442b      	add	r3, r5
10004082:	f893 2034 	ldrb.w	r2, [r3, #52]	@ 0x34
10004086:	f022 0201 	bic.w	r2, r2, #1
1000408a:	f883 2034 	strb.w	r2, [r3, #52]	@ 0x34
1000408e:	f893 2034 	ldrb.w	r2, [r3, #52]	@ 0x34
10004092:	f022 0204 	bic.w	r2, r2, #4
10004096:	f883 2034 	strb.w	r2, [r3, #52]	@ 0x34
1000409a:	f04f 23e0 	mov.w	r3, #3758153728	@ 0xe000e000
1000409e:	f8d3 3df0 	ldr.w	r3, [r3, #3568]	@ 0xdf0
100040a2:	f013 0f01 	tst.w	r3, #1
100040a6:	d010      	beq.n	100040ca <usbd_edpt_xfer+0x92>
100040a8:	be00      	bkpt	0x0000
100040aa:	e00e      	b.n	100040ca <usbd_edpt_xfer+0x92>
100040ac:	f240 5239 	movw	r2, #1337	@ 0x539
100040b0:	4908      	ldr	r1, [pc, #32]	@ (100040d4 <usbd_edpt_xfer+0x9c>)
100040b2:	4809      	ldr	r0, [pc, #36]	@ (100040d8 <usbd_edpt_xfer+0xa0>)
100040b4:	f7fe ff5c 	bl	10002f70 <__wrap_printf>
100040b8:	f04f 23e0 	mov.w	r3, #3758153728	@ 0xe000e000
100040bc:	f8d3 3df0 	ldr.w	r3, [r3, #3568]	@ 0xdf0
100040c0:	f013 0f01 	tst.w	r3, #1
100040c4:	d000      	beq.n	100040c8 <usbd_edpt_xfer+0x90>
100040c6:	be00      	bkpt	0x0000
100040c8:	2000      	movs	r0, #0
100040ca:	bd38      	pop	{r3, r4, r5, pc}
100040cc:	20000f00 	.word	0x20000f00
100040d0:	20001268 	.word	0x20001268
100040d4:	10006860 	.word	0x10006860
100040d8:	1000648c 	.word	0x1000648c

100040dc <usbd_edpt_stall>:
100040dc:	b538      	push	{r3, r4, r5, lr}
100040de:	f001 057f 	and.w	r5, r1, #127	@ 0x7f
100040e2:	09cc      	lsrs	r4, r1, #7
100040e4:	4b0a      	ldr	r3, [pc, #40]	@ (10004110 <usbd_edpt_stall+0x34>)
100040e6:	7818      	ldrb	r0, [r3, #0]
100040e8:	f7ff fc00 	bl	100038ec <dcd_edpt_stall>
100040ec:	4b09      	ldr	r3, [pc, #36]	@ (10004114 <usbd_edpt_stall+0x38>)
100040ee:	eb03 0345 	add.w	r3, r3, r5, lsl #1
100040f2:	4423      	add	r3, r4
100040f4:	f893 2034 	ldrb.w	r2, [r3, #52]	@ 0x34
100040f8:	f042 0202 	orr.w	r2, r2, #2
100040fc:	f883 2034 	strb.w	r2, [r3, #52]	@ 0x34
10004100:	f893 2034 	ldrb.w	r2, [r3, #52]	@ 0x34
10004104:	f042 0201 	orr.w	r2, r2, #1
10004108:	f883 2034 	strb.w	r2, [r3, #52]	@ 0x34
1000410c:	bd38      	pop	{r3, r4, r5, pc}
1000410e:	bf00      	nop
10004110:	20000f00 	.word	0x20000f00
10004114:	20001268 	.word	0x20001268

10004118 <usbd_edpt_clear_stall>:
10004118:	b538      	push	{r3, r4, r5, lr}
1000411a:	f001 057f 	and.w	r5, r1, #127	@ 0x7f
1000411e:	09cc      	lsrs	r4, r1, #7
10004120:	4b0a      	ldr	r3, [pc, #40]	@ (1000414c <usbd_edpt_clear_stall+0x34>)
10004122:	7818      	ldrb	r0, [r3, #0]
10004124:	f7ff fbfe 	bl	10003924 <dcd_edpt_clear_stall>
10004128:	4b09      	ldr	r3, [pc, #36]	@ (10004150 <usbd_edpt_clear_stall+0x38>)
1000412a:	eb03 0345 	add.w	r3, r3, r5, lsl #1
1000412e:	4423      	add	r3, r4
10004130:	f893 2034 	ldrb.w	r2, [r3, #52]	@ 0x34
10004134:	f022 0202 	bic.w	r2, r2, #2
10004138:	f883 2034 	strb.w	r2, [r3, #52]	@ 0x34
1000413c:	f893 2034 	ldrb.w	r2, [r3, #52]	@ 0x34
10004140:	f022 0201 	bic.w	r2, r2, #1
10004144:	f883 2034 	strb.w	r2, [r3, #52]	@ 0x34
10004148:	bd38      	pop	{r3, r4, r5, pc}
1000414a:	bf00      	nop
1000414c:	20000f00 	.word	0x20000f00
10004150:	20001268 	.word	0x20001268

10004154 <usbd_edpt_stalled>:
10004154:	f001 027f 	and.w	r2, r1, #127	@ 0x7f
10004158:	4b04      	ldr	r3, [pc, #16]	@ (1000416c <usbd_edpt_stalled+0x18>)
1000415a:	eb03 0342 	add.w	r3, r3, r2, lsl #1
1000415e:	eb03 11d1 	add.w	r1, r3, r1, lsr #7
10004162:	f891 0034 	ldrb.w	r0, [r1, #52]	@ 0x34
10004166:	f3c0 0040 	ubfx	r0, r0, #1, #1
1000416a:	4770      	bx	lr
1000416c:	20001268 	.word	0x20001268

10004170 <process_control_request>:
10004170:	e92d 41f0 	stmdb	sp!, {r4, r5, r6, r7, r8, lr}
10004174:	b082      	sub	sp, #8
10004176:	4607      	mov	r7, r0
10004178:	460c      	mov	r4, r1
1000417a:	2000      	movs	r0, #0
1000417c:	f000 fbf6 	bl	1000496c <usbd_control_set_complete_callback>
10004180:	7823      	ldrb	r3, [r4, #0]
10004182:	f003 0360 	and.w	r3, r3, #96	@ 0x60
10004186:	2b60      	cmp	r3, #96	@ 0x60
10004188:	d032      	beq.n	100041f0 <process_control_request+0x80>
1000418a:	2b40      	cmp	r3, #64	@ 0x40
1000418c:	d044      	beq.n	10004218 <process_control_request+0xa8>
1000418e:	7822      	ldrb	r2, [r4, #0]
10004190:	f002 021f 	and.w	r2, r2, #31
10004194:	2a01      	cmp	r2, #1
10004196:	f000 8111 	beq.w	100043bc <process_control_request+0x24c>
1000419a:	2a02      	cmp	r2, #2
1000419c:	f000 8154 	beq.w	10004448 <process_control_request+0x2d8>
100041a0:	2a00      	cmp	r2, #0
100041a2:	f040 81e1 	bne.w	10004568 <process_control_request+0x3f8>
100041a6:	2b20      	cmp	r3, #32
100041a8:	d040      	beq.n	1000422c <process_control_request+0xbc>
100041aa:	2b00      	cmp	r3, #0
100041ac:	d160      	bne.n	10004270 <process_control_request+0x100>
100041ae:	7863      	ldrb	r3, [r4, #1]
100041b0:	2b05      	cmp	r3, #5
100041b2:	d075      	beq.n	100042a0 <process_control_request+0x130>
100041b4:	d867      	bhi.n	10004286 <process_control_request+0x116>
100041b6:	2b01      	cmp	r3, #1
100041b8:	f000 80e2 	beq.w	10004380 <process_control_request+0x210>
100041bc:	2b03      	cmp	r3, #3
100041be:	f000 80cd 	beq.w	1000435c <process_control_request+0x1ec>
100041c2:	2b00      	cmp	r3, #0
100041c4:	f040 80ee 	bne.w	100043a4 <process_control_request+0x234>
100041c8:	4bb0      	ldr	r3, [pc, #704]	@ (1000448c <process_control_request+0x31c>)
100041ca:	781a      	ldrb	r2, [r3, #0]
100041cc:	0893      	lsrs	r3, r2, #2
100041ce:	f003 0302 	and.w	r3, r3, #2
100041d2:	f3c2 1240 	ubfx	r2, r2, #5, #1
100041d6:	4313      	orrs	r3, r2
100041d8:	f8ad 3006 	strh.w	r3, [sp, #6]
100041dc:	2302      	movs	r3, #2
100041de:	f10d 0206 	add.w	r2, sp, #6
100041e2:	4621      	mov	r1, r4
100041e4:	4638      	mov	r0, r7
100041e6:	f000 fb5f 	bl	100048a8 <tud_control_xfer>
100041ea:	2301      	movs	r3, #1
100041ec:	461d      	mov	r5, r3
100041ee:	e00f      	b.n	10004210 <process_control_request+0xa0>
100041f0:	f44f 7235 	mov.w	r2, #724	@ 0x2d4
100041f4:	49a6      	ldr	r1, [pc, #664]	@ (10004490 <process_control_request+0x320>)
100041f6:	48a7      	ldr	r0, [pc, #668]	@ (10004494 <process_control_request+0x324>)
100041f8:	f7fe feba 	bl	10002f70 <__wrap_printf>
100041fc:	f04f 23e0 	mov.w	r3, #3758153728	@ 0xe000e000
10004200:	f8d3 3df0 	ldr.w	r3, [r3, #3568]	@ 0xdf0
10004204:	f013 0f01 	tst.w	r3, #1
10004208:	d000      	beq.n	1000420c <process_control_request+0x9c>
1000420a:	be00      	bkpt	0x0000
1000420c:	2300      	movs	r3, #0
1000420e:	461d      	mov	r5, r3
10004210:	4628      	mov	r0, r5
10004212:	b002      	add	sp, #8
10004214:	e8bd 81f0 	ldmia.w	sp!, {r4, r5, r6, r7, r8, pc}
10004218:	489f      	ldr	r0, [pc, #636]	@ (10004498 <process_control_request+0x328>)
1000421a:	f000 fba7 	bl	1000496c <usbd_control_set_complete_callback>
1000421e:	4622      	mov	r2, r4
10004220:	2101      	movs	r1, #1
10004222:	4638      	mov	r0, r7
10004224:	f7ff f9ba 	bl	1000359c <tud_vendor_control_xfer_cb>
10004228:	4605      	mov	r5, r0
1000422a:	e7f1      	b.n	10004210 <process_control_request+0xa0>
1000422c:	88a3      	ldrh	r3, [r4, #4]
1000422e:	b2da      	uxtb	r2, r3
10004230:	2a0f      	cmp	r2, #15
10004232:	f200 81a4 	bhi.w	1000457e <process_control_request+0x40e>
10004236:	4a95      	ldr	r2, [pc, #596]	@ (1000448c <process_control_request+0x31c>)
10004238:	fa52 f383 	uxtab	r3, r2, r3
1000423c:	791b      	ldrb	r3, [r3, #4]
1000423e:	4a97      	ldr	r2, [pc, #604]	@ (1000449c <process_control_request+0x32c>)
10004240:	7812      	ldrb	r2, [r2, #0]
10004242:	4293      	cmp	r3, r2
10004244:	d207      	bcs.n	10004256 <process_control_request+0xe6>
10004246:	4a96      	ldr	r2, [pc, #600]	@ (100044a0 <process_control_request+0x330>)
10004248:	6811      	ldr	r1, [r2, #0]
1000424a:	eb11 1143 	adds.w	r1, r1, r3, lsl #5
1000424e:	d109      	bne.n	10004264 <process_control_request+0xf4>
10004250:	2300      	movs	r3, #0
10004252:	461d      	mov	r5, r3
10004254:	e7dc      	b.n	10004210 <process_control_request+0xa0>
10004256:	4293      	cmp	r3, r2
10004258:	f200 8194 	bhi.w	10004584 <process_control_request+0x414>
1000425c:	1a9b      	subs	r3, r3, r2
1000425e:	4991      	ldr	r1, [pc, #580]	@ (100044a4 <process_control_request+0x334>)
10004260:	eb01 1143 	add.w	r1, r1, r3, lsl #5
10004264:	4622      	mov	r2, r4
10004266:	4638      	mov	r0, r7
10004268:	f7ff fc12 	bl	10003a90 <invoke_class_control>
1000426c:	4605      	mov	r5, r0
1000426e:	e7cf      	b.n	10004210 <process_control_request+0xa0>
10004270:	f04f 23e0 	mov.w	r3, #3758153728	@ 0xe000e000
10004274:	f8d3 3df0 	ldr.w	r3, [r3, #3568]	@ 0xdf0
10004278:	f013 0f01 	tst.w	r3, #1
1000427c:	d000      	beq.n	10004280 <process_control_request+0x110>
1000427e:	be00      	bkpt	0x0000
10004280:	2300      	movs	r3, #0
10004282:	461d      	mov	r5, r3
10004284:	e7c4      	b.n	10004210 <process_control_request+0xa0>
10004286:	2b08      	cmp	r3, #8
10004288:	d01a      	beq.n	100042c0 <process_control_request+0x150>
1000428a:	2b09      	cmp	r3, #9
1000428c:	d026      	beq.n	100042dc <process_control_request+0x16c>
1000428e:	2b06      	cmp	r3, #6
10004290:	f040 8088 	bne.w	100043a4 <process_control_request+0x234>
10004294:	4621      	mov	r1, r4
10004296:	4638      	mov	r0, r7
10004298:	f7ff fcee 	bl	10003c78 <process_get_descriptor>
1000429c:	4605      	mov	r5, r0
1000429e:	e7b7      	b.n	10004210 <process_control_request+0xa0>
100042a0:	4620      	mov	r0, r4
100042a2:	f000 fb69 	bl	10004978 <usbd_control_set_request>
100042a6:	8861      	ldrh	r1, [r4, #2]
100042a8:	b2c9      	uxtb	r1, r1
100042aa:	4638      	mov	r0, r7
100042ac:	f7ff fa72 	bl	10003794 <dcd_set_address>
100042b0:	4a76      	ldr	r2, [pc, #472]	@ (1000448c <process_control_request+0x31c>)
100042b2:	7813      	ldrb	r3, [r2, #0]
100042b4:	f043 0302 	orr.w	r3, r3, #2
100042b8:	7013      	strb	r3, [r2, #0]
100042ba:	2301      	movs	r3, #1
100042bc:	461d      	mov	r5, r3
100042be:	e7a7      	b.n	10004210 <process_control_request+0xa0>
100042c0:	4b72      	ldr	r3, [pc, #456]	@ (1000448c <process_control_request+0x31c>)
100042c2:	785b      	ldrb	r3, [r3, #1]
100042c4:	f88d 3006 	strb.w	r3, [sp, #6]
100042c8:	2301      	movs	r3, #1
100042ca:	f10d 0206 	add.w	r2, sp, #6
100042ce:	4621      	mov	r1, r4
100042d0:	4638      	mov	r0, r7
100042d2:	f000 fae9 	bl	100048a8 <tud_control_xfer>
100042d6:	2301      	movs	r3, #1
100042d8:	461d      	mov	r5, r3
100042da:	e799      	b.n	10004210 <process_control_request+0xa0>
100042dc:	8863      	ldrh	r3, [r4, #2]
100042de:	b2da      	uxtb	r2, r3
100042e0:	4690      	mov	r8, r2
100042e2:	4b6a      	ldr	r3, [pc, #424]	@ (1000448c <process_control_request+0x31c>)
100042e4:	785b      	ldrb	r3, [r3, #1]
100042e6:	4293      	cmp	r3, r2
100042e8:	d031      	beq.n	1000434e <process_control_request+0x1de>
100042ea:	4b68      	ldr	r3, [pc, #416]	@ (1000448c <process_control_request+0x31c>)
100042ec:	785b      	ldrb	r3, [r3, #1]
100042ee:	b963      	cbnz	r3, 1000430a <process_control_request+0x19a>
100042f0:	4b66      	ldr	r3, [pc, #408]	@ (1000448c <process_control_request+0x31c>)
100042f2:	4641      	mov	r1, r8
100042f4:	f883 8001 	strb.w	r8, [r3, #1]
100042f8:	b339      	cbz	r1, 1000434a <process_control_request+0x1da>
100042fa:	4638      	mov	r0, r7
100042fc:	f7ff fbd6 	bl	10003aac <process_set_config>
10004300:	4605      	mov	r5, r0
10004302:	b180      	cbz	r0, 10004326 <process_control_request+0x1b6>
10004304:	f7ff fd30 	bl	10003d68 <tud_mount_cb>
10004308:	e021      	b.n	1000434e <process_control_request+0x1de>
1000430a:	2100      	movs	r1, #0
1000430c:	4638      	mov	r0, r7
1000430e:	f7ff faa1 	bl	10003854 <dcd_sof_enable>
10004312:	4638      	mov	r0, r7
10004314:	f7ff facf 	bl	100038b6 <dcd_edpt_close_all>
10004318:	4d5c      	ldr	r5, [pc, #368]	@ (1000448c <process_control_request+0x31c>)
1000431a:	78ae      	ldrb	r6, [r5, #2]
1000431c:	4638      	mov	r0, r7
1000431e:	f7ff fb6b 	bl	100039f8 <configuration_reset>
10004322:	70ae      	strb	r6, [r5, #2]
10004324:	e7e4      	b.n	100042f0 <process_control_request+0x180>
10004326:	f44f 7249 	mov.w	r2, #804	@ 0x324
1000432a:	4959      	ldr	r1, [pc, #356]	@ (10004490 <process_control_request+0x320>)
1000432c:	4859      	ldr	r0, [pc, #356]	@ (10004494 <process_control_request+0x324>)
1000432e:	f7fe fe1f 	bl	10002f70 <__wrap_printf>
10004332:	f04f 23e0 	mov.w	r3, #3758153728	@ 0xe000e000
10004336:	f8d3 3df0 	ldr.w	r3, [r3, #3568]	@ 0xdf0
1000433a:	f013 0f01 	tst.w	r3, #1
1000433e:	d000      	beq.n	10004342 <process_control_request+0x1d2>
10004340:	be00      	bkpt	0x0000
10004342:	4b52      	ldr	r3, [pc, #328]	@ (1000448c <process_control_request+0x31c>)
10004344:	2200      	movs	r2, #0
10004346:	705a      	strb	r2, [r3, #1]
10004348:	e762      	b.n	10004210 <process_control_request+0xa0>
1000434a:	f7ff fd0e 	bl	10003d6a <tud_umount_cb>
1000434e:	4621      	mov	r1, r4
10004350:	4638      	mov	r0, r7
10004352:	f000 fa95 	bl	10004880 <tud_control_status>
10004356:	2301      	movs	r3, #1
10004358:	461d      	mov	r5, r3
1000435a:	e759      	b.n	10004210 <process_control_request+0xa0>
1000435c:	8863      	ldrh	r3, [r4, #2]
1000435e:	2b01      	cmp	r3, #1
10004360:	d002      	beq.n	10004368 <process_control_request+0x1f8>
10004362:	2300      	movs	r3, #0
10004364:	461d      	mov	r5, r3
10004366:	e753      	b.n	10004210 <process_control_request+0xa0>
10004368:	4a48      	ldr	r2, [pc, #288]	@ (1000448c <process_control_request+0x31c>)
1000436a:	7813      	ldrb	r3, [r2, #0]
1000436c:	f043 0308 	orr.w	r3, r3, #8
10004370:	7013      	strb	r3, [r2, #0]
10004372:	4621      	mov	r1, r4
10004374:	4638      	mov	r0, r7
10004376:	f000 fa83 	bl	10004880 <tud_control_status>
1000437a:	2301      	movs	r3, #1
1000437c:	461d      	mov	r5, r3
1000437e:	e747      	b.n	10004210 <process_control_request+0xa0>
10004380:	8863      	ldrh	r3, [r4, #2]
10004382:	2b01      	cmp	r3, #1
10004384:	d002      	beq.n	1000438c <process_control_request+0x21c>
10004386:	2300      	movs	r3, #0
10004388:	461d      	mov	r5, r3
1000438a:	e741      	b.n	10004210 <process_control_request+0xa0>
1000438c:	4a3f      	ldr	r2, [pc, #252]	@ (1000448c <process_control_request+0x31c>)
1000438e:	7813      	ldrb	r3, [r2, #0]
10004390:	f023 0308 	bic.w	r3, r3, #8
10004394:	7013      	strb	r3, [r2, #0]
10004396:	4621      	mov	r1, r4
10004398:	4638      	mov	r0, r7
1000439a:	f000 fa71 	bl	10004880 <tud_control_status>
1000439e:	2301      	movs	r3, #1
100043a0:	461d      	mov	r5, r3
100043a2:	e735      	b.n	10004210 <process_control_request+0xa0>
100043a4:	f04f 23e0 	mov.w	r3, #3758153728	@ 0xe000e000
100043a8:	f8d3 3df0 	ldr.w	r3, [r3, #3568]	@ 0xdf0
100043ac:	f013 0f01 	tst.w	r3, #1
100043b0:	f000 80eb 	beq.w	1000458a <process_control_request+0x41a>
100043b4:	be00      	bkpt	0x0000
100043b6:	2300      	movs	r3, #0
100043b8:	461d      	mov	r5, r3
100043ba:	e729      	b.n	10004210 <process_control_request+0xa0>
100043bc:	88a3      	ldrh	r3, [r4, #4]
100043be:	b2da      	uxtb	r2, r3
100043c0:	2a0f      	cmp	r2, #15
100043c2:	f200 80e5 	bhi.w	10004590 <process_control_request+0x420>
100043c6:	4a31      	ldr	r2, [pc, #196]	@ (1000448c <process_control_request+0x31c>)
100043c8:	fa52 f383 	uxtab	r3, r2, r3
100043cc:	791b      	ldrb	r3, [r3, #4]
100043ce:	4a33      	ldr	r2, [pc, #204]	@ (1000449c <process_control_request+0x32c>)
100043d0:	7812      	ldrb	r2, [r2, #0]
100043d2:	4293      	cmp	r3, r2
100043d4:	d223      	bcs.n	1000441e <process_control_request+0x2ae>
100043d6:	4a32      	ldr	r2, [pc, #200]	@ (100044a0 <process_control_request+0x330>)
100043d8:	6811      	ldr	r1, [r2, #0]
100043da:	eb11 1143 	adds.w	r1, r1, r3, lsl #5
100043de:	f000 80da 	beq.w	10004596 <process_control_request+0x426>
100043e2:	4622      	mov	r2, r4
100043e4:	4638      	mov	r0, r7
100043e6:	f7ff fb53 	bl	10003a90 <invoke_class_control>
100043ea:	4605      	mov	r5, r0
100043ec:	2800      	cmp	r0, #0
100043ee:	f47f af0f 	bne.w	10004210 <process_control_request+0xa0>
100043f2:	7823      	ldrb	r3, [r4, #0]
100043f4:	f013 0f60 	tst.w	r3, #96	@ 0x60
100043f8:	f47f af0a 	bne.w	10004210 <process_control_request+0xa0>
100043fc:	7863      	ldrb	r3, [r4, #1]
100043fe:	3b0a      	subs	r3, #10
10004400:	2b01      	cmp	r3, #1
10004402:	f63f af05 	bhi.w	10004210 <process_control_request+0xa0>
10004406:	f000 fab1 	bl	1000496c <usbd_control_set_complete_callback>
1000440a:	7863      	ldrb	r3, [r4, #1]
1000440c:	2b0a      	cmp	r3, #10
1000440e:	d00e      	beq.n	1000442e <process_control_request+0x2be>
10004410:	4621      	mov	r1, r4
10004412:	4638      	mov	r0, r7
10004414:	f000 fa34 	bl	10004880 <tud_control_status>
10004418:	2301      	movs	r3, #1
1000441a:	461d      	mov	r5, r3
1000441c:	e6f8      	b.n	10004210 <process_control_request+0xa0>
1000441e:	4293      	cmp	r3, r2
10004420:	f200 80bc 	bhi.w	1000459c <process_control_request+0x42c>
10004424:	1a9b      	subs	r3, r3, r2
10004426:	491f      	ldr	r1, [pc, #124]	@ (100044a4 <process_control_request+0x334>)
10004428:	eb01 1143 	add.w	r1, r1, r3, lsl #5
1000442c:	e7d9      	b.n	100043e2 <process_control_request+0x272>
1000442e:	2300      	movs	r3, #0
10004430:	f88d 3006 	strb.w	r3, [sp, #6]
10004434:	2301      	movs	r3, #1
10004436:	f10d 0206 	add.w	r2, sp, #6
1000443a:	4621      	mov	r1, r4
1000443c:	4638      	mov	r0, r7
1000443e:	f000 fa33 	bl	100048a8 <tud_control_xfer>
10004442:	2301      	movs	r3, #1
10004444:	461d      	mov	r5, r3
10004446:	e6e3      	b.n	10004210 <process_control_request+0xa0>
10004448:	88a2      	ldrh	r2, [r4, #4]
1000444a:	b2d1      	uxtb	r1, r2
1000444c:	f002 0c7f 	and.w	ip, r2, #127	@ 0x7f
10004450:	f3c2 10c0 	ubfx	r0, r2, #7, #1
10004454:	f012 0f70 	tst.w	r2, #112	@ 0x70
10004458:	d126      	bne.n	100044a8 <process_control_request+0x338>
1000445a:	4a0c      	ldr	r2, [pc, #48]	@ (1000448c <process_control_request+0x31c>)
1000445c:	eb02 024c 	add.w	r2, r2, ip, lsl #1
10004460:	4402      	add	r2, r0
10004462:	7d12      	ldrb	r2, [r2, #20]
10004464:	480d      	ldr	r0, [pc, #52]	@ (1000449c <process_control_request+0x32c>)
10004466:	7800      	ldrb	r0, [r0, #0]
10004468:	4282      	cmp	r2, r0
1000446a:	d22e      	bcs.n	100044ca <process_control_request+0x35a>
1000446c:	480c      	ldr	r0, [pc, #48]	@ (100044a0 <process_control_request+0x330>)
1000446e:	6800      	ldr	r0, [r0, #0]
10004470:	eb00 1242 	add.w	r2, r0, r2, lsl #5
10004474:	4615      	mov	r5, r2
10004476:	b39b      	cbz	r3, 100044e0 <process_control_request+0x370>
10004478:	4629      	mov	r1, r5
1000447a:	2d00      	cmp	r5, #0
1000447c:	f43f aec8 	beq.w	10004210 <process_control_request+0xa0>
10004480:	4622      	mov	r2, r4
10004482:	4638      	mov	r0, r7
10004484:	f7ff fb04 	bl	10003a90 <invoke_class_control>
10004488:	4605      	mov	r5, r0
1000448a:	e6c1      	b.n	10004210 <process_control_request+0xa0>
1000448c:	20001268 	.word	0x20001268
10004490:	100068cc 	.word	0x100068cc
10004494:	1000648c 	.word	0x1000648c
10004498:	1000359d 	.word	0x1000359d
1000449c:	20001841 	.word	0x20001841
100044a0:	20001098 	.word	0x20001098
100044a4:	10006918 	.word	0x10006918
100044a8:	f240 3295 	movw	r2, #917	@ 0x395
100044ac:	4940      	ldr	r1, [pc, #256]	@ (100045b0 <process_control_request+0x440>)
100044ae:	4841      	ldr	r0, [pc, #260]	@ (100045b4 <process_control_request+0x444>)
100044b0:	f7fe fd5e 	bl	10002f70 <__wrap_printf>
100044b4:	f04f 23e0 	mov.w	r3, #3758153728	@ 0xe000e000
100044b8:	f8d3 3df0 	ldr.w	r3, [r3, #3568]	@ 0xdf0
100044bc:	f013 0f01 	tst.w	r3, #1
100044c0:	d000      	beq.n	100044c4 <process_control_request+0x354>
100044c2:	be00      	bkpt	0x0000
100044c4:	2300      	movs	r3, #0
100044c6:	461d      	mov	r5, r3
100044c8:	e6a2      	b.n	10004210 <process_control_request+0xa0>
100044ca:	4282      	cmp	r2, r0
100044cc:	d805      	bhi.n	100044da <process_control_request+0x36a>
100044ce:	1a12      	subs	r2, r2, r0
100044d0:	4839      	ldr	r0, [pc, #228]	@ (100045b8 <process_control_request+0x448>)
100044d2:	eb00 1242 	add.w	r2, r0, r2, lsl #5
100044d6:	4615      	mov	r5, r2
100044d8:	e7cd      	b.n	10004476 <process_control_request+0x306>
100044da:	2200      	movs	r2, #0
100044dc:	4615      	mov	r5, r2
100044de:	e7ca      	b.n	10004476 <process_control_request+0x306>
100044e0:	7863      	ldrb	r3, [r4, #1]
100044e2:	2b01      	cmp	r3, #1
100044e4:	d011      	beq.n	1000450a <process_control_request+0x39a>
100044e6:	2b03      	cmp	r3, #3
100044e8:	d00f      	beq.n	1000450a <process_control_request+0x39a>
100044ea:	bb93      	cbnz	r3, 10004552 <process_control_request+0x3e2>
100044ec:	4638      	mov	r0, r7
100044ee:	f7ff fe31 	bl	10004154 <usbd_edpt_stalled>
100044f2:	f8ad 0006 	strh.w	r0, [sp, #6]
100044f6:	2302      	movs	r3, #2
100044f8:	f10d 0206 	add.w	r2, sp, #6
100044fc:	4621      	mov	r1, r4
100044fe:	4638      	mov	r0, r7
10004500:	f000 f9d2 	bl	100048a8 <tud_control_xfer>
10004504:	2301      	movs	r3, #1
10004506:	461d      	mov	r5, r3
10004508:	e682      	b.n	10004210 <process_control_request+0xa0>
1000450a:	8862      	ldrh	r2, [r4, #2]
1000450c:	b922      	cbnz	r2, 10004518 <process_control_request+0x3a8>
1000450e:	2b01      	cmp	r3, #1
10004510:	d01b      	beq.n	1000454a <process_control_request+0x3da>
10004512:	4638      	mov	r0, r7
10004514:	f7ff fde2 	bl	100040dc <usbd_edpt_stall>
10004518:	2d00      	cmp	r5, #0
1000451a:	d042      	beq.n	100045a2 <process_control_request+0x432>
1000451c:	4622      	mov	r2, r4
1000451e:	4629      	mov	r1, r5
10004520:	4638      	mov	r0, r7
10004522:	f7ff fab5 	bl	10003a90 <invoke_class_control>
10004526:	2000      	movs	r0, #0
10004528:	f000 fa20 	bl	1000496c <usbd_control_set_complete_callback>
1000452c:	4b23      	ldr	r3, [pc, #140]	@ (100045bc <process_control_request+0x44c>)
1000452e:	f893 3035 	ldrb.w	r3, [r3, #53]	@ 0x35
10004532:	f013 0301 	ands.w	r3, r3, #1
10004536:	461d      	mov	r5, r3
10004538:	f47f ae6a 	bne.w	10004210 <process_control_request+0xa0>
1000453c:	4621      	mov	r1, r4
1000453e:	4638      	mov	r0, r7
10004540:	f000 f99e 	bl	10004880 <tud_control_status>
10004544:	2301      	movs	r3, #1
10004546:	461d      	mov	r5, r3
10004548:	e662      	b.n	10004210 <process_control_request+0xa0>
1000454a:	4638      	mov	r0, r7
1000454c:	f7ff fde4 	bl	10004118 <usbd_edpt_clear_stall>
10004550:	e7e2      	b.n	10004518 <process_control_request+0x3a8>
10004552:	f04f 23e0 	mov.w	r3, #3758153728	@ 0xe000e000
10004556:	f8d3 3df0 	ldr.w	r3, [r3, #3568]	@ 0xdf0
1000455a:	f013 0f01 	tst.w	r3, #1
1000455e:	d000      	beq.n	10004562 <process_control_request+0x3f2>
10004560:	be00      	bkpt	0x0000
10004562:	2300      	movs	r3, #0
10004564:	461d      	mov	r5, r3
10004566:	e653      	b.n	10004210 <process_control_request+0xa0>
10004568:	f04f 23e0 	mov.w	r3, #3758153728	@ 0xe000e000
1000456c:	f8d3 3df0 	ldr.w	r3, [r3, #3568]	@ 0xdf0
10004570:	f013 0f01 	tst.w	r3, #1
10004574:	d018      	beq.n	100045a8 <process_control_request+0x438>
10004576:	be00      	bkpt	0x0000
10004578:	2300      	movs	r3, #0
1000457a:	461d      	mov	r5, r3
1000457c:	e648      	b.n	10004210 <process_control_request+0xa0>
1000457e:	2300      	movs	r3, #0
10004580:	461d      	mov	r5, r3
10004582:	e645      	b.n	10004210 <process_control_request+0xa0>
10004584:	2300      	movs	r3, #0
10004586:	461d      	mov	r5, r3
10004588:	e642      	b.n	10004210 <process_control_request+0xa0>
1000458a:	2300      	movs	r3, #0
1000458c:	461d      	mov	r5, r3
1000458e:	e63f      	b.n	10004210 <process_control_request+0xa0>
10004590:	2300      	movs	r3, #0
10004592:	461d      	mov	r5, r3
10004594:	e63c      	b.n	10004210 <process_control_request+0xa0>
10004596:	2300      	movs	r3, #0
10004598:	461d      	mov	r5, r3
1000459a:	e639      	b.n	10004210 <process_control_request+0xa0>
1000459c:	2300      	movs	r3, #0
1000459e:	461d      	mov	r5, r3
100045a0:	e636      	b.n	10004210 <process_control_request+0xa0>
100045a2:	2301      	movs	r3, #1
100045a4:	461d      	mov	r5, r3
100045a6:	e633      	b.n	10004210 <process_control_request+0xa0>
100045a8:	2300      	movs	r3, #0
100045aa:	461d      	mov	r5, r3
100045ac:	e630      	b.n	10004210 <process_control_request+0xa0>
100045ae:	bf00      	nop
100045b0:	100068cc 	.word	0x100068cc
100045b4:	1000648c 	.word	0x1000648c
100045b8:	10006918 	.word	0x10006918
100045bc:	20001268 	.word	0x20001268

100045c0 <tud_task_ext>:
100045c0:	b510      	push	{r4, lr}
100045c2:	b084      	sub	sp, #16
100045c4:	f7ff fbe4 	bl	10003d90 <tud_inited>
100045c8:	2800      	cmp	r0, #0
100045ca:	d15a      	bne.n	10004682 <tud_task_ext+0xc2>
100045cc:	b004      	add	sp, #16
100045ce:	bd10      	pop	{r4, pc}
100045d0:	2b04      	cmp	r3, #4
100045d2:	f040 80ff 	bne.w	100047d4 <tud_task_ext+0x214>
100045d6:	4b84      	ldr	r3, [pc, #528]	@ (100047e8 <tud_task_ext+0x228>)
100045d8:	781b      	ldrb	r3, [r3, #0]
100045da:	f013 0f01 	tst.w	r3, #1
100045de:	d050      	beq.n	10004682 <tud_task_ext+0xc2>
100045e0:	4b81      	ldr	r3, [pc, #516]	@ (100047e8 <tud_task_ext+0x228>)
100045e2:	7818      	ldrb	r0, [r3, #0]
100045e4:	f3c0 00c0 	ubfx	r0, r0, #3, #1
100045e8:	f7ff fbc0 	bl	10003d6c <tud_suspend_cb>
100045ec:	e049      	b.n	10004682 <tud_task_ext+0xc2>
100045ee:	2b07      	cmp	r3, #7
100045f0:	f000 808a 	beq.w	10004708 <tud_task_ext+0x148>
100045f4:	2b08      	cmp	r3, #8
100045f6:	f000 80dc 	beq.w	100047b2 <tud_task_ext+0x1f2>
100045fa:	2b06      	cmp	r3, #6
100045fc:	f040 80ea 	bne.w	100047d4 <tud_task_ext+0x214>
10004600:	4b7a      	ldr	r3, [pc, #488]	@ (100047ec <tud_task_ext+0x22c>)
10004602:	781b      	ldrb	r3, [r3, #0]
10004604:	2b00      	cmp	r3, #0
10004606:	d06f      	beq.n	100046e8 <tud_task_ext+0x128>
10004608:	4a78      	ldr	r2, [pc, #480]	@ (100047ec <tud_task_ext+0x22c>)
1000460a:	7813      	ldrb	r3, [r2, #0]
1000460c:	3b01      	subs	r3, #1
1000460e:	b2db      	uxtb	r3, r3
10004610:	7013      	strb	r3, [r2, #0]
10004612:	7813      	ldrb	r3, [r2, #0]
10004614:	bbab      	cbnz	r3, 10004682 <tud_task_ext+0xc2>
10004616:	4b74      	ldr	r3, [pc, #464]	@ (100047e8 <tud_task_ext+0x228>)
10004618:	781a      	ldrb	r2, [r3, #0]
1000461a:	f042 0201 	orr.w	r2, r2, #1
1000461e:	701a      	strb	r2, [r3, #0]
10004620:	f893 2034 	ldrb.w	r2, [r3, #52]	@ 0x34
10004624:	f022 0201 	bic.w	r2, r2, #1
10004628:	f883 2034 	strb.w	r2, [r3, #52]	@ 0x34
1000462c:	f893 2034 	ldrb.w	r2, [r3, #52]	@ 0x34
10004630:	f022 0204 	bic.w	r2, r2, #4
10004634:	f883 2034 	strb.w	r2, [r3, #52]	@ 0x34
10004638:	f893 2035 	ldrb.w	r2, [r3, #53]	@ 0x35
1000463c:	f022 0201 	bic.w	r2, r2, #1
10004640:	f883 2035 	strb.w	r2, [r3, #53]	@ 0x35
10004644:	f893 2035 	ldrb.w	r2, [r3, #53]	@ 0x35
10004648:	f022 0204 	bic.w	r2, r2, #4
1000464c:	f883 2035 	strb.w	r2, [r3, #53]	@ 0x35
10004650:	a902      	add	r1, sp, #8
10004652:	f89d 0004 	ldrb.w	r0, [sp, #4]
10004656:	f7ff fd8b 	bl	10004170 <process_control_request>
1000465a:	b990      	cbnz	r0, 10004682 <tud_task_ext+0xc2>
1000465c:	4601      	mov	r1, r0
1000465e:	f89d 0004 	ldrb.w	r0, [sp, #4]
10004662:	f7ff f943 	bl	100038ec <dcd_edpt_stall>
10004666:	2180      	movs	r1, #128	@ 0x80
10004668:	f89d 0004 	ldrb.w	r0, [sp, #4]
1000466c:	f7ff f93e 	bl	100038ec <dcd_edpt_stall>
10004670:	e007      	b.n	10004682 <tud_task_ext+0xc2>
10004672:	f89d 0004 	ldrb.w	r0, [sp, #4]
10004676:	f7ff fa05 	bl	10003a84 <usbd_reset>
1000467a:	f89d 2008 	ldrb.w	r2, [sp, #8]
1000467e:	4b5a      	ldr	r3, [pc, #360]	@ (100047e8 <tud_task_ext+0x228>)
10004680:	709a      	strb	r2, [r3, #2]
10004682:	4b5b      	ldr	r3, [pc, #364]	@ (100047f0 <tud_task_ext+0x230>)
10004684:	681c      	ldr	r4, [r3, #0]
10004686:	6963      	ldr	r3, [r4, #20]
10004688:	f3ef 8210 	mrs	r2, PRIMASK
1000468c:	b672      	cpsid	i
1000468e:	e8d3 0fcf 	ldaexb	r0, [r3]
10004692:	2101      	movs	r1, #1
10004694:	2800      	cmp	r0, #0
10004696:	d1fa      	bne.n	1000468e <tud_task_ext+0xce>
10004698:	e8c3 1f40 	strexb	r0, r1, [r3]
1000469c:	2800      	cmp	r0, #0
1000469e:	d1f6      	bne.n	1000468e <tud_task_ext+0xce>
100046a0:	f3bf 8f5f 	dmb	sy
100046a4:	61a2      	str	r2, [r4, #24]
100046a6:	a901      	add	r1, sp, #4
100046a8:	4620      	mov	r0, r4
100046aa:	f001 f8b6 	bl	1000581a <tu_fifo_read>
100046ae:	6961      	ldr	r1, [r4, #20]
100046b0:	69a3      	ldr	r3, [r4, #24]
100046b2:	2200      	movs	r2, #0
100046b4:	e8c1 2f8f 	stlb	r2, [r1]
100046b8:	f383 8810 	msr	PRIMASK, r3
100046bc:	2800      	cmp	r0, #0
100046be:	d085      	beq.n	100045cc <tud_task_ext+0xc>
100046c0:	f89d 3005 	ldrb.w	r3, [sp, #5]
100046c4:	2b05      	cmp	r3, #5
100046c6:	d06b      	beq.n	100047a0 <tud_task_ext+0x1e0>
100046c8:	d891      	bhi.n	100045ee <tud_task_ext+0x2e>
100046ca:	2b03      	cmp	r3, #3
100046cc:	d078      	beq.n	100047c0 <tud_task_ext+0x200>
100046ce:	f63f af7f 	bhi.w	100045d0 <tud_task_ext+0x10>
100046d2:	2b01      	cmp	r3, #1
100046d4:	d0cd      	beq.n	10004672 <tud_task_ext+0xb2>
100046d6:	2b02      	cmp	r3, #2
100046d8:	d17c      	bne.n	100047d4 <tud_task_ext+0x214>
100046da:	f89d 0004 	ldrb.w	r0, [sp, #4]
100046de:	f7ff f9d1 	bl	10003a84 <usbd_reset>
100046e2:	f7ff fb42 	bl	10003d6a <tud_umount_cb>
100046e6:	e7cc      	b.n	10004682 <tud_task_ext+0xc2>
100046e8:	f240 2265 	movw	r2, #613	@ 0x265
100046ec:	4941      	ldr	r1, [pc, #260]	@ (100047f4 <tud_task_ext+0x234>)
100046ee:	4842      	ldr	r0, [pc, #264]	@ (100047f8 <tud_task_ext+0x238>)
100046f0:	f7fe fc3e 	bl	10002f70 <__wrap_printf>
100046f4:	f04f 23e0 	mov.w	r3, #3758153728	@ 0xe000e000
100046f8:	f8d3 3df0 	ldr.w	r3, [r3, #3568]	@ 0xdf0
100046fc:	f013 0f01 	tst.w	r3, #1
10004700:	f43f af64 	beq.w	100045cc <tud_task_ext+0xc>
10004704:	be00      	bkpt	0x0000
10004706:	e761      	b.n	100045cc <tud_task_ext+0xc>
10004708:	f89d 1008 	ldrb.w	r1, [sp, #8]
1000470c:	f001 007f 	and.w	r0, r1, #127	@ 0x7f
10004710:	09cc      	lsrs	r4, r1, #7
10004712:	4b35      	ldr	r3, [pc, #212]	@ (100047e8 <tud_task_ext+0x228>)
10004714:	eb03 0340 	add.w	r3, r3, r0, lsl #1
10004718:	eb03 13d1 	add.w	r3, r3, r1, lsr #7
1000471c:	f893 2034 	ldrb.w	r2, [r3, #52]	@ 0x34
10004720:	f022 0201 	bic.w	r2, r2, #1
10004724:	f883 2034 	strb.w	r2, [r3, #52]	@ 0x34
10004728:	f893 2034 	ldrb.w	r2, [r3, #52]	@ 0x34
1000472c:	f022 0204 	bic.w	r2, r2, #4
10004730:	f883 2034 	strb.w	r2, [r3, #52]	@ 0x34
10004734:	b1a8      	cbz	r0, 10004762 <tud_task_ext+0x1a2>
10004736:	4b2c      	ldr	r3, [pc, #176]	@ (100047e8 <tud_task_ext+0x228>)
10004738:	eb03 0340 	add.w	r3, r3, r0, lsl #1
1000473c:	4423      	add	r3, r4
1000473e:	7d1b      	ldrb	r3, [r3, #20]
10004740:	4a2e      	ldr	r2, [pc, #184]	@ (100047fc <tud_task_ext+0x23c>)
10004742:	7812      	ldrb	r2, [r2, #0]
10004744:	4293      	cmp	r3, r2
10004746:	d214      	bcs.n	10004772 <tud_task_ext+0x1b2>
10004748:	4a2d      	ldr	r2, [pc, #180]	@ (10004800 <tud_task_ext+0x240>)
1000474a:	6812      	ldr	r2, [r2, #0]
1000474c:	eb12 1343 	adds.w	r3, r2, r3, lsl #5
10004750:	d016      	beq.n	10004780 <tud_task_ext+0x1c0>
10004752:	699c      	ldr	r4, [r3, #24]
10004754:	9b03      	ldr	r3, [sp, #12]
10004756:	f89d 2009 	ldrb.w	r2, [sp, #9]
1000475a:	f89d 0004 	ldrb.w	r0, [sp, #4]
1000475e:	47a0      	blx	r4
10004760:	e78f      	b.n	10004682 <tud_task_ext+0xc2>
10004762:	9b03      	ldr	r3, [sp, #12]
10004764:	f89d 2009 	ldrb.w	r2, [sp, #9]
10004768:	f89d 0004 	ldrb.w	r0, [sp, #4]
1000476c:	f000 f912 	bl	10004994 <usbd_control_xfer_cb>
10004770:	e787      	b.n	10004682 <tud_task_ext+0xc2>
10004772:	4293      	cmp	r3, r2
10004774:	d804      	bhi.n	10004780 <tud_task_ext+0x1c0>
10004776:	1a9b      	subs	r3, r3, r2
10004778:	4a22      	ldr	r2, [pc, #136]	@ (10004804 <tud_task_ext+0x244>)
1000477a:	eb02 1343 	add.w	r3, r2, r3, lsl #5
1000477e:	e7e8      	b.n	10004752 <tud_task_ext+0x192>
10004780:	f44f 7224 	mov.w	r2, #656	@ 0x290
10004784:	491b      	ldr	r1, [pc, #108]	@ (100047f4 <tud_task_ext+0x234>)
10004786:	481c      	ldr	r0, [pc, #112]	@ (100047f8 <tud_task_ext+0x238>)
10004788:	f7fe fbf2 	bl	10002f70 <__wrap_printf>
1000478c:	f04f 23e0 	mov.w	r3, #3758153728	@ 0xe000e000
10004790:	f8d3 3df0 	ldr.w	r3, [r3, #3568]	@ 0xdf0
10004794:	f013 0f01 	tst.w	r3, #1
10004798:	f43f af18 	beq.w	100045cc <tud_task_ext+0xc>
1000479c:	be00      	bkpt	0x0000
1000479e:	e715      	b.n	100045cc <tud_task_ext+0xc>
100047a0:	4b11      	ldr	r3, [pc, #68]	@ (100047e8 <tud_task_ext+0x228>)
100047a2:	781b      	ldrb	r3, [r3, #0]
100047a4:	f013 0f01 	tst.w	r3, #1
100047a8:	f43f af6b 	beq.w	10004682 <tud_task_ext+0xc2>
100047ac:	f7ff fadf 	bl	10003d6e <tud_resume_cb>
100047b0:	e767      	b.n	10004682 <tud_task_ext+0xc2>
100047b2:	9b02      	ldr	r3, [sp, #8]
100047b4:	2b00      	cmp	r3, #0
100047b6:	f43f af64 	beq.w	10004682 <tud_task_ext+0xc2>
100047ba:	9803      	ldr	r0, [sp, #12]
100047bc:	4798      	blx	r3
100047be:	e760      	b.n	10004682 <tud_task_ext+0xc2>
100047c0:	4b09      	ldr	r3, [pc, #36]	@ (100047e8 <tud_task_ext+0x228>)
100047c2:	78db      	ldrb	r3, [r3, #3]
100047c4:	f013 0f01 	tst.w	r3, #1
100047c8:	f43f af5b 	beq.w	10004682 <tud_task_ext+0xc2>
100047cc:	9802      	ldr	r0, [sp, #8]
100047ce:	f7ff fa4e 	bl	10003c6e <tud_sof_cb>
100047d2:	e756      	b.n	10004682 <tud_task_ext+0xc2>
100047d4:	f04f 23e0 	mov.w	r3, #3758153728	@ 0xe000e000
100047d8:	f8d3 3df0 	ldr.w	r3, [r3, #3568]	@ 0xdf0
100047dc:	f013 0f01 	tst.w	r3, #1
100047e0:	f43f af4f 	beq.w	10004682 <tud_task_ext+0xc2>
100047e4:	be00      	bkpt	0x0000
100047e6:	e74c      	b.n	10004682 <tud_task_ext+0xc2>
100047e8:	20001268 	.word	0x20001268
100047ec:	20001843 	.word	0x20001843
100047f0:	200012c0 	.word	0x200012c0
100047f4:	100068f8 	.word	0x100068f8
100047f8:	1000648c 	.word	0x1000648c
100047fc:	20001841 	.word	0x20001841
10004800:	20001098 	.word	0x20001098
10004804:	10006918 	.word	0x10006918

10004808 <status_stage_xact>:
10004808:	b508      	push	{r3, lr}
1000480a:	f991 3000 	ldrsb.w	r3, [r1]
1000480e:	2b00      	cmp	r3, #0
10004810:	db05      	blt.n	1000481e <status_stage_xact+0x16>
10004812:	2180      	movs	r1, #128	@ 0x80
10004814:	2300      	movs	r3, #0
10004816:	461a      	mov	r2, r3
10004818:	f7ff fc0e 	bl	10004038 <usbd_edpt_xfer>
1000481c:	bd08      	pop	{r3, pc}
1000481e:	2100      	movs	r1, #0
10004820:	e7f8      	b.n	10004814 <status_stage_xact+0xc>
	...

10004824 <data_stage_xact>:
10004824:	b5f8      	push	{r3, r4, r5, r6, r7, lr}
10004826:	4607      	mov	r7, r0
10004828:	4b13      	ldr	r3, [pc, #76]	@ (10004878 <data_stage_xact+0x54>)
1000482a:	899e      	ldrh	r6, [r3, #12]
1000482c:	89dd      	ldrh	r5, [r3, #14]
1000482e:	1b74      	subs	r4, r6, r5
10004830:	b2a4      	uxth	r4, r4
10004832:	2c40      	cmp	r4, #64	@ 0x40
10004834:	bf28      	it	cs
10004836:	2440      	movcs	r4, #64	@ 0x40
10004838:	f993 3000 	ldrsb.w	r3, [r3]
1000483c:	2b00      	cmp	r3, #0
1000483e:	db08      	blt.n	10004852 <data_stage_xact+0x2e>
10004840:	2100      	movs	r1, #0
10004842:	42ae      	cmp	r6, r5
10004844:	d013      	beq.n	1000486e <data_stage_xact+0x4a>
10004846:	4a0d      	ldr	r2, [pc, #52]	@ (1000487c <data_stage_xact+0x58>)
10004848:	4623      	mov	r3, r4
1000484a:	4638      	mov	r0, r7
1000484c:	f7ff fbf4 	bl	10004038 <usbd_edpt_xfer>
10004850:	bdf8      	pop	{r3, r4, r5, r6, r7, pc}
10004852:	42ae      	cmp	r6, r5
10004854:	d009      	beq.n	1000486a <data_stage_xact+0x46>
10004856:	4b08      	ldr	r3, [pc, #32]	@ (10004878 <data_stage_xact+0x54>)
10004858:	6899      	ldr	r1, [r3, #8]
1000485a:	2c40      	cmp	r4, #64	@ 0x40
1000485c:	d809      	bhi.n	10004872 <data_stage_xact+0x4e>
1000485e:	4622      	mov	r2, r4
10004860:	4806      	ldr	r0, [pc, #24]	@ (1000487c <data_stage_xact+0x58>)
10004862:	f001 f8b1 	bl	100059c8 <memcpy>
10004866:	2180      	movs	r1, #128	@ 0x80
10004868:	e7eb      	b.n	10004842 <data_stage_xact+0x1e>
1000486a:	2180      	movs	r1, #128	@ 0x80
1000486c:	e7e9      	b.n	10004842 <data_stage_xact+0x1e>
1000486e:	2200      	movs	r2, #0
10004870:	e7ea      	b.n	10004848 <data_stage_xact+0x24>
10004872:	2000      	movs	r0, #0
10004874:	e7ec      	b.n	10004850 <data_stage_xact+0x2c>
10004876:	bf00      	nop
10004878:	20001228 	.word	0x20001228
1000487c:	200011e8 	.word	0x200011e8

10004880 <tud_control_status>:
10004880:	b508      	push	{r3, lr}
10004882:	4686      	mov	lr, r0
10004884:	460b      	mov	r3, r1
10004886:	4a07      	ldr	r2, [pc, #28]	@ (100048a4 <tud_control_status+0x24>)
10004888:	4694      	mov	ip, r2
1000488a:	6808      	ldr	r0, [r1, #0]
1000488c:	6849      	ldr	r1, [r1, #4]
1000488e:	e8ac 0003 	stmia.w	ip!, {r0, r1}
10004892:	2100      	movs	r1, #0
10004894:	6091      	str	r1, [r2, #8]
10004896:	81d1      	strh	r1, [r2, #14]
10004898:	8191      	strh	r1, [r2, #12]
1000489a:	4619      	mov	r1, r3
1000489c:	4670      	mov	r0, lr
1000489e:	f7ff ffb3 	bl	10004808 <status_stage_xact>
100048a2:	bd08      	pop	{r3, pc}
100048a4:	20001228 	.word	0x20001228

100048a8 <tud_control_xfer>:
100048a8:	b538      	push	{r3, r4, r5, lr}
100048aa:	4605      	mov	r5, r0
100048ac:	468c      	mov	ip, r1
100048ae:	4614      	mov	r4, r2
100048b0:	4a26      	ldr	r2, [pc, #152]	@ (1000494c <tud_control_xfer+0xa4>)
100048b2:	4696      	mov	lr, r2
100048b4:	6808      	ldr	r0, [r1, #0]
100048b6:	6849      	ldr	r1, [r1, #4]
100048b8:	e8ae 0003 	stmia.w	lr!, {r0, r1}
100048bc:	6094      	str	r4, [r2, #8]
100048be:	2100      	movs	r1, #0
100048c0:	81d1      	strh	r1, [r2, #14]
100048c2:	f8bc 1006 	ldrh.w	r1, [ip, #6]
100048c6:	428b      	cmp	r3, r1
100048c8:	bf28      	it	cs
100048ca:	460b      	movcs	r3, r1
100048cc:	8193      	strh	r3, [r2, #12]
100048ce:	f8bc 2006 	ldrh.w	r2, [ip, #6]
100048d2:	b332      	cbz	r2, 10004922 <tud_control_xfer+0x7a>
100048d4:	b103      	cbz	r3, 100048d8 <tud_control_xfer+0x30>
100048d6:	b134      	cbz	r4, 100048e6 <tud_control_xfer+0x3e>
100048d8:	4628      	mov	r0, r5
100048da:	f7ff ffa3 	bl	10004824 <data_stage_xact>
100048de:	4604      	mov	r4, r0
100048e0:	b188      	cbz	r0, 10004906 <tud_control_xfer+0x5e>
100048e2:	4620      	mov	r0, r4
100048e4:	bd38      	pop	{r3, r4, r5, pc}
100048e6:	2272      	movs	r2, #114	@ 0x72
100048e8:	4919      	ldr	r1, [pc, #100]	@ (10004950 <tud_control_xfer+0xa8>)
100048ea:	481a      	ldr	r0, [pc, #104]	@ (10004954 <tud_control_xfer+0xac>)
100048ec:	f7fe fb40 	bl	10002f70 <__wrap_printf>
100048f0:	f04f 23e0 	mov.w	r3, #3758153728	@ 0xe000e000
100048f4:	f8d3 3df0 	ldr.w	r3, [r3, #3568]	@ 0xdf0
100048f8:	f013 0f01 	tst.w	r3, #1
100048fc:	d000      	beq.n	10004900 <tud_control_xfer+0x58>
100048fe:	be00      	bkpt	0x0000
10004900:	2300      	movs	r3, #0
10004902:	461c      	mov	r4, r3
10004904:	e7ed      	b.n	100048e2 <tud_control_xfer+0x3a>
10004906:	2274      	movs	r2, #116	@ 0x74
10004908:	4911      	ldr	r1, [pc, #68]	@ (10004950 <tud_control_xfer+0xa8>)
1000490a:	4812      	ldr	r0, [pc, #72]	@ (10004954 <tud_control_xfer+0xac>)
1000490c:	f7fe fb30 	bl	10002f70 <__wrap_printf>
10004910:	f04f 23e0 	mov.w	r3, #3758153728	@ 0xe000e000
10004914:	f8d3 3df0 	ldr.w	r3, [r3, #3568]	@ 0xdf0
10004918:	f013 0f01 	tst.w	r3, #1
1000491c:	d0e1      	beq.n	100048e2 <tud_control_xfer+0x3a>
1000491e:	be00      	bkpt	0x0000
10004920:	e7df      	b.n	100048e2 <tud_control_xfer+0x3a>
10004922:	4661      	mov	r1, ip
10004924:	4628      	mov	r0, r5
10004926:	f7ff ff6f 	bl	10004808 <status_stage_xact>
1000492a:	4604      	mov	r4, r0
1000492c:	2800      	cmp	r0, #0
1000492e:	d1d8      	bne.n	100048e2 <tud_control_xfer+0x3a>
10004930:	2276      	movs	r2, #118	@ 0x76
10004932:	4907      	ldr	r1, [pc, #28]	@ (10004950 <tud_control_xfer+0xa8>)
10004934:	4807      	ldr	r0, [pc, #28]	@ (10004954 <tud_control_xfer+0xac>)
10004936:	f7fe fb1b 	bl	10002f70 <__wrap_printf>
1000493a:	f04f 23e0 	mov.w	r3, #3758153728	@ 0xe000e000
1000493e:	f8d3 3df0 	ldr.w	r3, [r3, #3568]	@ 0xdf0
10004942:	f013 0f01 	tst.w	r3, #1
10004946:	d0cc      	beq.n	100048e2 <tud_control_xfer+0x3a>
10004948:	be00      	bkpt	0x0000
1000494a:	e7ca      	b.n	100048e2 <tud_control_xfer+0x3a>
1000494c:	20001228 	.word	0x20001228
10004950:	10006950 	.word	0x10006950
10004954:	1000648c 	.word	0x1000648c

10004958 <usbd_control_reset>:
10004958:	4b03      	ldr	r3, [pc, #12]	@ (10004968 <usbd_control_reset+0x10>)
1000495a:	2200      	movs	r2, #0
1000495c:	601a      	str	r2, [r3, #0]
1000495e:	605a      	str	r2, [r3, #4]
10004960:	609a      	str	r2, [r3, #8]
10004962:	60da      	str	r2, [r3, #12]
10004964:	611a      	str	r2, [r3, #16]
10004966:	4770      	bx	lr
10004968:	20001228 	.word	0x20001228

1000496c <usbd_control_set_complete_callback>:
1000496c:	4b01      	ldr	r3, [pc, #4]	@ (10004974 <usbd_control_set_complete_callback+0x8>)
1000496e:	6118      	str	r0, [r3, #16]
10004970:	4770      	bx	lr
10004972:	bf00      	nop
10004974:	20001228 	.word	0x20001228

10004978 <usbd_control_set_request>:
10004978:	4601      	mov	r1, r0
1000497a:	4b05      	ldr	r3, [pc, #20]	@ (10004990 <usbd_control_set_request+0x18>)
1000497c:	461a      	mov	r2, r3
1000497e:	6800      	ldr	r0, [r0, #0]
10004980:	6849      	ldr	r1, [r1, #4]
10004982:	c203      	stmia	r2!, {r0, r1}
10004984:	2200      	movs	r2, #0
10004986:	609a      	str	r2, [r3, #8]
10004988:	81da      	strh	r2, [r3, #14]
1000498a:	819a      	strh	r2, [r3, #12]
1000498c:	4770      	bx	lr
1000498e:	bf00      	nop
10004990:	20001228 	.word	0x20001228

10004994 <usbd_control_xfer_cb>:
10004994:	b538      	push	{r3, r4, r5, lr}
10004996:	4604      	mov	r4, r0
10004998:	461a      	mov	r2, r3
1000499a:	461d      	mov	r5, r3
1000499c:	4b3e      	ldr	r3, [pc, #248]	@ (10004a98 <usbd_control_xfer_cb+0x104>)
1000499e:	781b      	ldrb	r3, [r3, #0]
100049a0:	09db      	lsrs	r3, r3, #7
100049a2:	ebb3 1fd1 	cmp.w	r3, r1, lsr #7
100049a6:	d01e      	beq.n	100049e6 <usbd_control_xfer_cb+0x52>
100049a8:	b182      	cbz	r2, 100049cc <usbd_control_xfer_cb+0x38>
100049aa:	229d      	movs	r2, #157	@ 0x9d
100049ac:	493b      	ldr	r1, [pc, #236]	@ (10004a9c <usbd_control_xfer_cb+0x108>)
100049ae:	483c      	ldr	r0, [pc, #240]	@ (10004aa0 <usbd_control_xfer_cb+0x10c>)
100049b0:	f7fe fade 	bl	10002f70 <__wrap_printf>
100049b4:	f04f 23e0 	mov.w	r3, #3758153728	@ 0xe000e000
100049b8:	f8d3 3df0 	ldr.w	r3, [r3, #3568]	@ 0xdf0
100049bc:	f013 0f01 	tst.w	r3, #1
100049c0:	d000      	beq.n	100049c4 <usbd_control_xfer_cb+0x30>
100049c2:	be00      	bkpt	0x0000
100049c4:	2300      	movs	r3, #0
100049c6:	461c      	mov	r4, r3
100049c8:	4620      	mov	r0, r4
100049ca:	bd38      	pop	{r3, r4, r5, pc}
100049cc:	4932      	ldr	r1, [pc, #200]	@ (10004a98 <usbd_control_xfer_cb+0x104>)
100049ce:	f7fe ff4f 	bl	10003870 <dcd_edpt0_status_complete>
100049d2:	4b31      	ldr	r3, [pc, #196]	@ (10004a98 <usbd_control_xfer_cb+0x104>)
100049d4:	691b      	ldr	r3, [r3, #16]
100049d6:	b11b      	cbz	r3, 100049e0 <usbd_control_xfer_cb+0x4c>
100049d8:	4a2f      	ldr	r2, [pc, #188]	@ (10004a98 <usbd_control_xfer_cb+0x104>)
100049da:	2103      	movs	r1, #3
100049dc:	4620      	mov	r0, r4
100049de:	4798      	blx	r3
100049e0:	2301      	movs	r3, #1
100049e2:	461c      	mov	r4, r3
100049e4:	e7f0      	b.n	100049c8 <usbd_control_xfer_cb+0x34>
100049e6:	4b2c      	ldr	r3, [pc, #176]	@ (10004a98 <usbd_control_xfer_cb+0x104>)
100049e8:	f993 3000 	ldrsb.w	r3, [r3]
100049ec:	2b00      	cmp	r3, #0
100049ee:	db06      	blt.n	100049fe <usbd_control_xfer_cb+0x6a>
100049f0:	4b29      	ldr	r3, [pc, #164]	@ (10004a98 <usbd_control_xfer_cb+0x104>)
100049f2:	6898      	ldr	r0, [r3, #8]
100049f4:	2800      	cmp	r0, #0
100049f6:	d04c      	beq.n	10004a92 <usbd_control_xfer_cb+0xfe>
100049f8:	492a      	ldr	r1, [pc, #168]	@ (10004aa4 <usbd_control_xfer_cb+0x110>)
100049fa:	f000 ffe5 	bl	100059c8 <memcpy>
100049fe:	4a26      	ldr	r2, [pc, #152]	@ (10004a98 <usbd_control_xfer_cb+0x104>)
10004a00:	89d3      	ldrh	r3, [r2, #14]
10004a02:	fa13 f385 	uxtah	r3, r3, r5
10004a06:	b29b      	uxth	r3, r3
10004a08:	81d3      	strh	r3, [r2, #14]
10004a0a:	6891      	ldr	r1, [r2, #8]
10004a0c:	4429      	add	r1, r5
10004a0e:	6091      	str	r1, [r2, #8]
10004a10:	88d2      	ldrh	r2, [r2, #6]
10004a12:	4293      	cmp	r3, r2
10004a14:	d001      	beq.n	10004a1a <usbd_control_xfer_cb+0x86>
10004a16:	2d3f      	cmp	r5, #63	@ 0x3f
10004a18:	d827      	bhi.n	10004a6a <usbd_control_xfer_cb+0xd6>
10004a1a:	4b1f      	ldr	r3, [pc, #124]	@ (10004a98 <usbd_control_xfer_cb+0x104>)
10004a1c:	691b      	ldr	r3, [r3, #16]
10004a1e:	b123      	cbz	r3, 10004a2a <usbd_control_xfer_cb+0x96>
10004a20:	4a1d      	ldr	r2, [pc, #116]	@ (10004a98 <usbd_control_xfer_cb+0x104>)
10004a22:	2102      	movs	r1, #2
10004a24:	4620      	mov	r0, r4
10004a26:	4798      	blx	r3
10004a28:	b1a0      	cbz	r0, 10004a54 <usbd_control_xfer_cb+0xc0>
10004a2a:	491b      	ldr	r1, [pc, #108]	@ (10004a98 <usbd_control_xfer_cb+0x104>)
10004a2c:	4620      	mov	r0, r4
10004a2e:	f7ff feeb 	bl	10004808 <status_stage_xact>
10004a32:	4604      	mov	r4, r0
10004a34:	2800      	cmp	r0, #0
10004a36:	d1c7      	bne.n	100049c8 <usbd_control_xfer_cb+0x34>
10004a38:	22c5      	movs	r2, #197	@ 0xc5
10004a3a:	4918      	ldr	r1, [pc, #96]	@ (10004a9c <usbd_control_xfer_cb+0x108>)
10004a3c:	4818      	ldr	r0, [pc, #96]	@ (10004aa0 <usbd_control_xfer_cb+0x10c>)
10004a3e:	f7fe fa97 	bl	10002f70 <__wrap_printf>
10004a42:	f04f 23e0 	mov.w	r3, #3758153728	@ 0xe000e000
10004a46:	f8d3 3df0 	ldr.w	r3, [r3, #3568]	@ 0xdf0
10004a4a:	f013 0f01 	tst.w	r3, #1
10004a4e:	d0bb      	beq.n	100049c8 <usbd_control_xfer_cb+0x34>
10004a50:	be00      	bkpt	0x0000
10004a52:	e7b9      	b.n	100049c8 <usbd_control_xfer_cb+0x34>
10004a54:	4601      	mov	r1, r0
10004a56:	4620      	mov	r0, r4
10004a58:	f7fe ff48 	bl	100038ec <dcd_edpt_stall>
10004a5c:	2180      	movs	r1, #128	@ 0x80
10004a5e:	4620      	mov	r0, r4
10004a60:	f7fe ff44 	bl	100038ec <dcd_edpt_stall>
10004a64:	2301      	movs	r3, #1
10004a66:	461c      	mov	r4, r3
10004a68:	e7ae      	b.n	100049c8 <usbd_control_xfer_cb+0x34>
10004a6a:	4620      	mov	r0, r4
10004a6c:	f7ff feda 	bl	10004824 <data_stage_xact>
10004a70:	4604      	mov	r4, r0
10004a72:	2800      	cmp	r0, #0
10004a74:	d1a8      	bne.n	100049c8 <usbd_control_xfer_cb+0x34>
10004a76:	22cd      	movs	r2, #205	@ 0xcd
10004a78:	4908      	ldr	r1, [pc, #32]	@ (10004a9c <usbd_control_xfer_cb+0x108>)
10004a7a:	4809      	ldr	r0, [pc, #36]	@ (10004aa0 <usbd_control_xfer_cb+0x10c>)
10004a7c:	f7fe fa78 	bl	10002f70 <__wrap_printf>
10004a80:	f04f 23e0 	mov.w	r3, #3758153728	@ 0xe000e000
10004a84:	f8d3 3df0 	ldr.w	r3, [r3, #3568]	@ 0xdf0
10004a88:	f013 0f01 	tst.w	r3, #1
10004a8c:	d09c      	beq.n	100049c8 <usbd_control_xfer_cb+0x34>
10004a8e:	be00      	bkpt	0x0000
10004a90:	e79a      	b.n	100049c8 <usbd_control_xfer_cb+0x34>
10004a92:	4604      	mov	r4, r0
10004a94:	e798      	b.n	100049c8 <usbd_control_xfer_cb+0x34>
10004a96:	bf00      	nop
10004a98:	20001228 	.word	0x20001228
10004a9c:	10006938 	.word	0x10006938
10004aa0:	1000648c 	.word	0x1000648c
10004aa4:	200011e8 	.word	0x200011e8

10004aa8 <_prep_out_transaction>:
10004aa8:	b570      	push	{r4, r5, r6, lr}
10004aaa:	4604      	mov	r4, r0
10004aac:	f7ff f960 	bl	10003d70 <tud_mounted>
10004ab0:	b918      	cbnz	r0, 10004aba <_prep_out_transaction+0x12>
10004ab2:	2300      	movs	r3, #0
10004ab4:	461e      	mov	r6, r3
10004ab6:	4630      	mov	r0, r6
10004ab8:	bd70      	pop	{r4, r5, r6, pc}
10004aba:	f7ff f961 	bl	10003d80 <tud_suspended>
10004abe:	4606      	mov	r6, r0
10004ac0:	2800      	cmp	r0, #0
10004ac2:	d1f6      	bne.n	10004ab2 <_prep_out_transaction+0xa>
10004ac4:	4b1c      	ldr	r3, [pc, #112]	@ (10004b38 <_prep_out_transaction+0x90>)
10004ac6:	22c8      	movs	r2, #200	@ 0xc8
10004ac8:	fb02 3304 	mla	r3, r2, r4, r3
10004acc:	78db      	ldrb	r3, [r3, #3]
10004ace:	2b00      	cmp	r3, #0
10004ad0:	d0ef      	beq.n	10004ab2 <_prep_out_transaction+0xa>
10004ad2:	23c8      	movs	r3, #200	@ 0xc8
10004ad4:	fb04 f303 	mul.w	r3, r4, r3
10004ad8:	3310      	adds	r3, #16
10004ada:	4a17      	ldr	r2, [pc, #92]	@ (10004b38 <_prep_out_transaction+0x90>)
10004adc:	4413      	add	r3, r2
10004ade:	461d      	mov	r5, r3
10004ae0:	4618      	mov	r0, r3
10004ae2:	f000 fe84 	bl	100057ee <tu_fifo_remaining>
10004ae6:	283f      	cmp	r0, #63	@ 0x3f
10004ae8:	d9e5      	bls.n	10004ab6 <_prep_out_transaction+0xe>
10004aea:	4b13      	ldr	r3, [pc, #76]	@ (10004b38 <_prep_out_transaction+0x90>)
10004aec:	22c8      	movs	r2, #200	@ 0xc8
10004aee:	fb02 3304 	mla	r3, r2, r4, r3
10004af2:	78d9      	ldrb	r1, [r3, #3]
10004af4:	2000      	movs	r0, #0
10004af6:	f7ff fa77 	bl	10003fe8 <usbd_edpt_claim>
10004afa:	b908      	cbnz	r0, 10004b00 <_prep_out_transaction+0x58>
10004afc:	4606      	mov	r6, r0
10004afe:	e7da      	b.n	10004ab6 <_prep_out_transaction+0xe>
10004b00:	4628      	mov	r0, r5
10004b02:	f000 fe74 	bl	100057ee <tu_fifo_remaining>
10004b06:	283f      	cmp	r0, #63	@ 0x3f
10004b08:	d90d      	bls.n	10004b26 <_prep_out_transaction+0x7e>
10004b0a:	490b      	ldr	r1, [pc, #44]	@ (10004b38 <_prep_out_transaction+0x90>)
10004b0c:	23c8      	movs	r3, #200	@ 0xc8
10004b0e:	fb03 1104 	mla	r1, r3, r4, r1
10004b12:	2340      	movs	r3, #64	@ 0x40
10004b14:	4a09      	ldr	r2, [pc, #36]	@ (10004b3c <_prep_out_transaction+0x94>)
10004b16:	eb02 12c4 	add.w	r2, r2, r4, lsl #7
10004b1a:	78c9      	ldrb	r1, [r1, #3]
10004b1c:	2000      	movs	r0, #0
10004b1e:	f7ff fa8b 	bl	10004038 <usbd_edpt_xfer>
10004b22:	4606      	mov	r6, r0
10004b24:	e7c7      	b.n	10004ab6 <_prep_out_transaction+0xe>
10004b26:	4b04      	ldr	r3, [pc, #16]	@ (10004b38 <_prep_out_transaction+0x90>)
10004b28:	22c8      	movs	r2, #200	@ 0xc8
10004b2a:	fb02 3304 	mla	r3, r2, r4, r3
10004b2e:	78d9      	ldrb	r1, [r3, #3]
10004b30:	2000      	movs	r0, #0
10004b32:	f7ff fa6d 	bl	10004010 <usbd_edpt_release>
10004b36:	e7be      	b.n	10004ab6 <_prep_out_transaction+0xe>
10004b38:	20001120 	.word	0x20001120
10004b3c:	2000109c 	.word	0x2000109c

10004b40 <tud_cdc_n_connected>:
10004b40:	b510      	push	{r4, lr}
10004b42:	4604      	mov	r4, r0
10004b44:	f7ff f914 	bl	10003d70 <tud_mounted>
10004b48:	b900      	cbnz	r0, 10004b4c <tud_cdc_n_connected+0xc>
10004b4a:	bd10      	pop	{r4, pc}
10004b4c:	f7ff f918 	bl	10003d80 <tud_suspended>
10004b50:	b948      	cbnz	r0, 10004b66 <tud_cdc_n_connected+0x26>
10004b52:	4b07      	ldr	r3, [pc, #28]	@ (10004b70 <tud_cdc_n_connected+0x30>)
10004b54:	22c8      	movs	r2, #200	@ 0xc8
10004b56:	fb02 3304 	mla	r3, r2, r4, r3
10004b5a:	791b      	ldrb	r3, [r3, #4]
10004b5c:	f013 0f01 	tst.w	r3, #1
10004b60:	d003      	beq.n	10004b6a <tud_cdc_n_connected+0x2a>
10004b62:	2001      	movs	r0, #1
10004b64:	e7f1      	b.n	10004b4a <tud_cdc_n_connected+0xa>
10004b66:	2000      	movs	r0, #0
10004b68:	e7ef      	b.n	10004b4a <tud_cdc_n_connected+0xa>
10004b6a:	2000      	movs	r0, #0
10004b6c:	e7ed      	b.n	10004b4a <tud_cdc_n_connected+0xa>
10004b6e:	bf00      	nop
10004b70:	20001120 	.word	0x20001120

10004b74 <tud_cdc_n_available>:
10004b74:	b508      	push	{r3, lr}
10004b76:	23c8      	movs	r3, #200	@ 0xc8
10004b78:	fb03 f000 	mul.w	r0, r3, r0
10004b7c:	3010      	adds	r0, #16
10004b7e:	4b02      	ldr	r3, [pc, #8]	@ (10004b88 <tud_cdc_n_available+0x14>)
10004b80:	4418      	add	r0, r3
10004b82:	f000 fe03 	bl	1000578c <tu_fifo_count>
10004b86:	bd08      	pop	{r3, pc}
10004b88:	20001120 	.word	0x20001120

10004b8c <tud_cdc_n_read>:
10004b8c:	b538      	push	{r3, r4, r5, lr}
10004b8e:	4604      	mov	r4, r0
10004b90:	23c8      	movs	r3, #200	@ 0xc8
10004b92:	fb00 f303 	mul.w	r3, r0, r3
10004b96:	3310      	adds	r3, #16
10004b98:	4808      	ldr	r0, [pc, #32]	@ (10004bbc <tud_cdc_n_read+0x30>)
10004b9a:	4418      	add	r0, r3
10004b9c:	f64f 73fe 	movw	r3, #65534	@ 0xfffe
10004ba0:	429a      	cmp	r2, r3
10004ba2:	d808      	bhi.n	10004bb6 <tud_cdc_n_read+0x2a>
10004ba4:	b292      	uxth	r2, r2
10004ba6:	f000 fe57 	bl	10005858 <tu_fifo_read_n>
10004baa:	4605      	mov	r5, r0
10004bac:	4620      	mov	r0, r4
10004bae:	f7ff ff7b 	bl	10004aa8 <_prep_out_transaction>
10004bb2:	4628      	mov	r0, r5
10004bb4:	bd38      	pop	{r3, r4, r5, pc}
10004bb6:	f64f 72ff 	movw	r2, #65535	@ 0xffff
10004bba:	e7f4      	b.n	10004ba6 <tud_cdc_n_read+0x1a>
10004bbc:	20001120 	.word	0x20001120

10004bc0 <tud_cdc_n_write_flush>:
10004bc0:	b570      	push	{r4, r5, r6, lr}
10004bc2:	4604      	mov	r4, r0
10004bc4:	f7ff f8d4 	bl	10003d70 <tud_mounted>
10004bc8:	b908      	cbnz	r0, 10004bce <tud_cdc_n_write_flush+0xe>
10004bca:	2000      	movs	r0, #0
10004bcc:	bd70      	pop	{r4, r5, r6, pc}
10004bce:	f7ff f8d7 	bl	10003d80 <tud_suspended>
10004bd2:	2800      	cmp	r0, #0
10004bd4:	d1f9      	bne.n	10004bca <tud_cdc_n_write_flush+0xa>
10004bd6:	23c8      	movs	r3, #200	@ 0xc8
10004bd8:	fb04 f303 	mul.w	r3, r4, r3
10004bdc:	3320      	adds	r3, #32
10004bde:	4a22      	ldr	r2, [pc, #136]	@ (10004c68 <tud_cdc_n_write_flush+0xa8>)
10004be0:	4413      	add	r3, r2
10004be2:	3304      	adds	r3, #4
10004be4:	461e      	mov	r6, r3
10004be6:	4618      	mov	r0, r3
10004be8:	f000 fdd0 	bl	1000578c <tu_fifo_count>
10004bec:	2800      	cmp	r0, #0
10004bee:	d0ed      	beq.n	10004bcc <tud_cdc_n_write_flush+0xc>
10004bf0:	4b1d      	ldr	r3, [pc, #116]	@ (10004c68 <tud_cdc_n_write_flush+0xa8>)
10004bf2:	22c8      	movs	r2, #200	@ 0xc8
10004bf4:	fb02 3304 	mla	r3, r2, r4, r3
10004bf8:	7899      	ldrb	r1, [r3, #2]
10004bfa:	2000      	movs	r0, #0
10004bfc:	f7ff f9f4 	bl	10003fe8 <usbd_edpt_claim>
10004c00:	2800      	cmp	r0, #0
10004c02:	d0e3      	beq.n	10004bcc <tud_cdc_n_write_flush+0xc>
10004c04:	01e3      	lsls	r3, r4, #7
10004c06:	3340      	adds	r3, #64	@ 0x40
10004c08:	4a18      	ldr	r2, [pc, #96]	@ (10004c6c <tud_cdc_n_write_flush+0xac>)
10004c0a:	4413      	add	r3, r2
10004c0c:	461d      	mov	r5, r3
10004c0e:	2240      	movs	r2, #64	@ 0x40
10004c10:	4619      	mov	r1, r3
10004c12:	4630      	mov	r0, r6
10004c14:	f000 fe20 	bl	10005858 <tu_fifo_read_n>
10004c18:	4606      	mov	r6, r0
10004c1a:	b1d8      	cbz	r0, 10004c54 <tud_cdc_n_write_flush+0x94>
10004c1c:	4912      	ldr	r1, [pc, #72]	@ (10004c68 <tud_cdc_n_write_flush+0xa8>)
10004c1e:	23c8      	movs	r3, #200	@ 0xc8
10004c20:	fb03 1104 	mla	r1, r3, r4, r1
10004c24:	4603      	mov	r3, r0
10004c26:	462a      	mov	r2, r5
10004c28:	7889      	ldrb	r1, [r1, #2]
10004c2a:	2000      	movs	r0, #0
10004c2c:	f7ff fa04 	bl	10004038 <usbd_edpt_xfer>
10004c30:	b108      	cbz	r0, 10004c36 <tud_cdc_n_write_flush+0x76>
10004c32:	4630      	mov	r0, r6
10004c34:	e7ca      	b.n	10004bcc <tud_cdc_n_write_flush+0xc>
10004c36:	22d5      	movs	r2, #213	@ 0xd5
10004c38:	490d      	ldr	r1, [pc, #52]	@ (10004c70 <tud_cdc_n_write_flush+0xb0>)
10004c3a:	480e      	ldr	r0, [pc, #56]	@ (10004c74 <tud_cdc_n_write_flush+0xb4>)
10004c3c:	f7fe f998 	bl	10002f70 <__wrap_printf>
10004c40:	f04f 23e0 	mov.w	r3, #3758153728	@ 0xe000e000
10004c44:	f8d3 3df0 	ldr.w	r3, [r3, #3568]	@ 0xdf0
10004c48:	f013 0f01 	tst.w	r3, #1
10004c4c:	d000      	beq.n	10004c50 <tud_cdc_n_write_flush+0x90>
10004c4e:	be00      	bkpt	0x0000
10004c50:	2000      	movs	r0, #0
10004c52:	e7bb      	b.n	10004bcc <tud_cdc_n_write_flush+0xc>
10004c54:	4b04      	ldr	r3, [pc, #16]	@ (10004c68 <tud_cdc_n_write_flush+0xa8>)
10004c56:	22c8      	movs	r2, #200	@ 0xc8
10004c58:	fb02 3304 	mla	r3, r2, r4, r3
10004c5c:	7899      	ldrb	r1, [r3, #2]
10004c5e:	f7ff f9d7 	bl	10004010 <usbd_edpt_release>
10004c62:	2000      	movs	r0, #0
10004c64:	e7b2      	b.n	10004bcc <tud_cdc_n_write_flush+0xc>
10004c66:	bf00      	nop
10004c68:	20001120 	.word	0x20001120
10004c6c:	2000109c 	.word	0x2000109c
10004c70:	10006980 	.word	0x10006980
10004c74:	1000648c 	.word	0x1000648c

10004c78 <tud_cdc_n_write>:
10004c78:	b570      	push	{r4, r5, r6, lr}
10004c7a:	4606      	mov	r6, r0
10004c7c:	24c8      	movs	r4, #200	@ 0xc8
10004c7e:	fb00 f404 	mul.w	r4, r0, r4
10004c82:	3420      	adds	r4, #32
10004c84:	4b0c      	ldr	r3, [pc, #48]	@ (10004cb8 <tud_cdc_n_write+0x40>)
10004c86:	441c      	add	r4, r3
10004c88:	3404      	adds	r4, #4
10004c8a:	f64f 73fe 	movw	r3, #65534	@ 0xfffe
10004c8e:	429a      	cmp	r2, r3
10004c90:	d80b      	bhi.n	10004caa <tud_cdc_n_write+0x32>
10004c92:	b292      	uxth	r2, r2
10004c94:	4620      	mov	r0, r4
10004c96:	f000 fe16 	bl	100058c6 <tu_fifo_write_n>
10004c9a:	4605      	mov	r5, r0
10004c9c:	4620      	mov	r0, r4
10004c9e:	f000 fd75 	bl	1000578c <tu_fifo_count>
10004ca2:	283f      	cmp	r0, #63	@ 0x3f
10004ca4:	d804      	bhi.n	10004cb0 <tud_cdc_n_write+0x38>
10004ca6:	4628      	mov	r0, r5
10004ca8:	bd70      	pop	{r4, r5, r6, pc}
10004caa:	f64f 72ff 	movw	r2, #65535	@ 0xffff
10004cae:	e7f1      	b.n	10004c94 <tud_cdc_n_write+0x1c>
10004cb0:	4630      	mov	r0, r6
10004cb2:	f7ff ff85 	bl	10004bc0 <tud_cdc_n_write_flush>
10004cb6:	e7f6      	b.n	10004ca6 <tud_cdc_n_write+0x2e>
10004cb8:	20001120 	.word	0x20001120

10004cbc <tud_cdc_n_write_available>:
10004cbc:	b508      	push	{r3, lr}
10004cbe:	23c8      	movs	r3, #200	@ 0xc8
10004cc0:	fb03 f000 	mul.w	r0, r3, r0
10004cc4:	3020      	adds	r0, #32
10004cc6:	4b03      	ldr	r3, [pc, #12]	@ (10004cd4 <tud_cdc_n_write_available+0x18>)
10004cc8:	4418      	add	r0, r3
10004cca:	3004      	adds	r0, #4
10004ccc:	f000 fd8f 	bl	100057ee <tu_fifo_remaining>
10004cd0:	bd08      	pop	{r3, pc}
10004cd2:	bf00      	nop
10004cd4:	20001120 	.word	0x20001120

10004cd8 <cdcd_init>:
10004cd8:	e92d 43f0 	stmdb	sp!, {r4, r5, r6, r7, r8, r9, lr}
10004cdc:	b083      	sub	sp, #12
10004cde:	22c8      	movs	r2, #200	@ 0xc8
10004ce0:	2100      	movs	r1, #0
10004ce2:	4821      	ldr	r0, [pc, #132]	@ (10004d68 <cdcd_init+0x90>)
10004ce4:	f000 fe2c 	bl	10005940 <memset>
10004ce8:	2500      	movs	r5, #0
10004cea:	4b20      	ldr	r3, [pc, #128]	@ (10004d6c <cdcd_init+0x94>)
10004cec:	701d      	strb	r5, [r3, #0]
10004cee:	b115      	cbz	r5, 10004cf6 <cdcd_init+0x1e>
10004cf0:	b003      	add	sp, #12
10004cf2:	e8bd 83f0 	ldmia.w	sp!, {r4, r5, r6, r7, r8, r9, pc}
10004cf6:	4f1c      	ldr	r7, [pc, #112]	@ (10004d68 <cdcd_init+0x90>)
10004cf8:	24c8      	movs	r4, #200	@ 0xc8
10004cfa:	fb05 f404 	mul.w	r4, r5, r4
10004cfe:	193e      	adds	r6, r7, r4
10004d00:	23ff      	movs	r3, #255	@ 0xff
10004d02:	7173      	strb	r3, [r6, #5]
10004d04:	f44f 33e1 	mov.w	r3, #115200	@ 0x1c200
10004d08:	60b3      	str	r3, [r6, #8]
10004d0a:	7335      	strb	r5, [r6, #12]
10004d0c:	7375      	strb	r5, [r6, #13]
10004d0e:	2308      	movs	r3, #8
10004d10:	73b3      	strb	r3, [r6, #14]
10004d12:	f104 0138 	add.w	r1, r4, #56	@ 0x38
10004d16:	f104 0010 	add.w	r0, r4, #16
10004d1a:	9500      	str	r5, [sp, #0]
10004d1c:	2301      	movs	r3, #1
10004d1e:	2240      	movs	r2, #64	@ 0x40
10004d20:	4439      	add	r1, r7
10004d22:	4438      	add	r0, r7
10004d24:	f000 fd01 	bl	1000572a <tu_fifo_config>
10004d28:	f104 0178 	add.w	r1, r4, #120	@ 0x78
10004d2c:	f104 0020 	add.w	r0, r4, #32
10004d30:	4438      	add	r0, r7
10004d32:	2301      	movs	r3, #1
10004d34:	9300      	str	r3, [sp, #0]
10004d36:	2240      	movs	r2, #64	@ 0x40
10004d38:	4439      	add	r1, r7
10004d3a:	3004      	adds	r0, #4
10004d3c:	f000 fcf5 	bl	1000572a <tu_fifo_config>
10004d40:	f104 09b8 	add.w	r9, r4, #184	@ 0xb8
10004d44:	44b9      	add	r9, r7
10004d46:	4648      	mov	r0, r9
10004d48:	f7fb fdfc 	bl	10000944 <mutex_init>
10004d4c:	34c0      	adds	r4, #192	@ 0xc0
10004d4e:	443c      	add	r4, r7
10004d50:	4620      	mov	r0, r4
10004d52:	f7fb fdf7 	bl	10000944 <mutex_init>
10004d56:	61f5      	str	r5, [r6, #28]
10004d58:	f8c6 9020 	str.w	r9, [r6, #32]
10004d5c:	6334      	str	r4, [r6, #48]	@ 0x30
10004d5e:	6375      	str	r5, [r6, #52]	@ 0x34
10004d60:	3501      	adds	r5, #1
10004d62:	b2ed      	uxtb	r5, r5
10004d64:	e7c3      	b.n	10004cee <cdcd_init+0x16>
10004d66:	bf00      	nop
10004d68:	20001120 	.word	0x20001120
10004d6c:	2000111c 	.word	0x2000111c

10004d70 <cdcd_deinit>:
10004d70:	2300      	movs	r3, #0
10004d72:	b10b      	cbz	r3, 10004d78 <cdcd_deinit+0x8>
10004d74:	2001      	movs	r0, #1
10004d76:	4770      	bx	lr
10004d78:	469c      	mov	ip, r3
10004d7a:	4a0c      	ldr	r2, [pc, #48]	@ (10004dac <cdcd_deinit+0x3c>)
10004d7c:	21c8      	movs	r1, #200	@ 0xc8
10004d7e:	fb01 2203 	mla	r2, r1, r3, r2
10004d82:	6a11      	ldr	r1, [r2, #32]
10004d84:	6b10      	ldr	r0, [r2, #48]	@ 0x30
10004d86:	b129      	cbz	r1, 10004d94 <cdcd_deinit+0x24>
10004d88:	4a08      	ldr	r2, [pc, #32]	@ (10004dac <cdcd_deinit+0x3c>)
10004d8a:	21c8      	movs	r1, #200	@ 0xc8
10004d8c:	fb01 2203 	mla	r2, r1, r3, r2
10004d90:	61d3      	str	r3, [r2, #28]
10004d92:	6213      	str	r3, [r2, #32]
10004d94:	b130      	cbz	r0, 10004da4 <cdcd_deinit+0x34>
10004d96:	4a05      	ldr	r2, [pc, #20]	@ (10004dac <cdcd_deinit+0x3c>)
10004d98:	21c8      	movs	r1, #200	@ 0xc8
10004d9a:	fb01 220c 	mla	r2, r1, ip, r2
10004d9e:	2100      	movs	r1, #0
10004da0:	6311      	str	r1, [r2, #48]	@ 0x30
10004da2:	6351      	str	r1, [r2, #52]	@ 0x34
10004da4:	3301      	adds	r3, #1
10004da6:	b2db      	uxtb	r3, r3
10004da8:	e7e3      	b.n	10004d72 <cdcd_deinit+0x2>
10004daa:	bf00      	nop
10004dac:	20001120 	.word	0x20001120

10004db0 <cdcd_reset>:
10004db0:	b538      	push	{r3, r4, r5, lr}
10004db2:	2400      	movs	r4, #0
10004db4:	b104      	cbz	r4, 10004db8 <cdcd_reset+0x8>
10004db6:	bd38      	pop	{r3, r4, r5, pc}
10004db8:	4625      	mov	r5, r4
10004dba:	23c8      	movs	r3, #200	@ 0xc8
10004dbc:	fb04 f303 	mul.w	r3, r4, r3
10004dc0:	4917      	ldr	r1, [pc, #92]	@ (10004e20 <cdcd_reset+0x70>)
10004dc2:	1858      	adds	r0, r3, r1
10004dc4:	50cc      	str	r4, [r1, r3]
10004dc6:	7104      	strb	r4, [r0, #4]
10004dc8:	4b16      	ldr	r3, [pc, #88]	@ (10004e24 <cdcd_reset+0x74>)
10004dca:	781b      	ldrb	r3, [r3, #0]
10004dcc:	f013 0f01 	tst.w	r3, #1
10004dd0:	d012      	beq.n	10004df8 <cdcd_reset+0x48>
10004dd2:	4b14      	ldr	r3, [pc, #80]	@ (10004e24 <cdcd_reset+0x74>)
10004dd4:	781b      	ldrb	r3, [r3, #0]
10004dd6:	f013 0f02 	tst.w	r3, #2
10004dda:	d016      	beq.n	10004e0a <cdcd_reset+0x5a>
10004ddc:	23c8      	movs	r3, #200	@ 0xc8
10004dde:	4628      	mov	r0, r5
10004de0:	fb03 f000 	mul.w	r0, r3, r0
10004de4:	3020      	adds	r0, #32
10004de6:	4b0e      	ldr	r3, [pc, #56]	@ (10004e20 <cdcd_reset+0x70>)
10004de8:	4418      	add	r0, r3
10004dea:	2101      	movs	r1, #1
10004dec:	3004      	adds	r0, #4
10004dee:	f000 fd8a 	bl	10005906 <tu_fifo_set_overwritable>
10004df2:	3401      	adds	r4, #1
10004df4:	b2e4      	uxtb	r4, r4
10004df6:	e7dd      	b.n	10004db4 <cdcd_reset+0x4>
10004df8:	23c8      	movs	r3, #200	@ 0xc8
10004dfa:	fb04 f303 	mul.w	r3, r4, r3
10004dfe:	3310      	adds	r3, #16
10004e00:	4608      	mov	r0, r1
10004e02:	4418      	add	r0, r3
10004e04:	f000 fd64 	bl	100058d0 <tu_fifo_clear>
10004e08:	e7e3      	b.n	10004dd2 <cdcd_reset+0x22>
10004e0a:	20c8      	movs	r0, #200	@ 0xc8
10004e0c:	fb05 f000 	mul.w	r0, r5, r0
10004e10:	3020      	adds	r0, #32
10004e12:	4b03      	ldr	r3, [pc, #12]	@ (10004e20 <cdcd_reset+0x70>)
10004e14:	4418      	add	r0, r3
10004e16:	3004      	adds	r0, #4
10004e18:	f000 fd5a 	bl	100058d0 <tu_fifo_clear>
10004e1c:	e7de      	b.n	10004ddc <cdcd_reset+0x2c>
10004e1e:	bf00      	nop
10004e20:	20001120 	.word	0x20001120
10004e24:	2000111c 	.word	0x2000111c

10004e28 <cdcd_open>:
10004e28:	e92d 41f0 	stmdb	sp!, {r4, r5, r6, r7, r8, lr}
10004e2c:	b082      	sub	sp, #8
10004e2e:	794b      	ldrb	r3, [r1, #5]
10004e30:	2b02      	cmp	r3, #2
10004e32:	f040 8081 	bne.w	10004f38 <cdcd_open+0x110>
10004e36:	4607      	mov	r7, r0
10004e38:	798b      	ldrb	r3, [r1, #6]
10004e3a:	2b02      	cmp	r3, #2
10004e3c:	f040 8081 	bne.w	10004f42 <cdcd_open+0x11a>
10004e40:	2300      	movs	r3, #0
10004e42:	461e      	mov	r6, r3
10004e44:	b13e      	cbz	r6, 10004e56 <cdcd_open+0x2e>
10004e46:	b99e      	cbnz	r6, 10004e70 <cdcd_open+0x48>
10004e48:	788b      	ldrb	r3, [r1, #2]
10004e4a:	f888 3000 	strb.w	r3, [r8]
10004e4e:	780b      	ldrb	r3, [r1, #0]
10004e50:	18cc      	adds	r4, r1, r3
10004e52:	2509      	movs	r5, #9
10004e54:	e020      	b.n	10004e98 <cdcd_open+0x70>
10004e56:	20c8      	movs	r0, #200	@ 0xc8
10004e58:	4b3b      	ldr	r3, [pc, #236]	@ (10004f48 <cdcd_open+0x120>)
10004e5a:	fb00 3306 	mla	r3, r0, r6, r3
10004e5e:	4698      	mov	r8, r3
10004e60:	789b      	ldrb	r3, [r3, #2]
10004e62:	2b00      	cmp	r3, #0
10004e64:	d0ef      	beq.n	10004e46 <cdcd_open+0x1e>
10004e66:	4633      	mov	r3, r6
10004e68:	3301      	adds	r3, #1
10004e6a:	b2db      	uxtb	r3, r3
10004e6c:	461e      	mov	r6, r3
10004e6e:	e7e9      	b.n	10004e44 <cdcd_open+0x1c>
10004e70:	f240 1241 	movw	r2, #321	@ 0x141
10004e74:	4935      	ldr	r1, [pc, #212]	@ (10004f4c <cdcd_open+0x124>)
10004e76:	4836      	ldr	r0, [pc, #216]	@ (10004f50 <cdcd_open+0x128>)
10004e78:	f7fe f87a 	bl	10002f70 <__wrap_printf>
10004e7c:	f04f 23e0 	mov.w	r3, #3758153728	@ 0xe000e000
10004e80:	f8d3 3df0 	ldr.w	r3, [r3, #3568]	@ 0xdf0
10004e84:	f013 0f01 	tst.w	r3, #1
10004e88:	d000      	beq.n	10004e8c <cdcd_open+0x64>
10004e8a:	be00      	bkpt	0x0000
10004e8c:	2500      	movs	r5, #0
10004e8e:	e054      	b.n	10004f3a <cdcd_open+0x112>
10004e90:	7823      	ldrb	r3, [r4, #0]
10004e92:	441d      	add	r5, r3
10004e94:	b2ad      	uxth	r5, r5
10004e96:	441c      	add	r4, r3
10004e98:	7863      	ldrb	r3, [r4, #1]
10004e9a:	2b24      	cmp	r3, #36	@ 0x24
10004e9c:	d101      	bne.n	10004ea2 <cdcd_open+0x7a>
10004e9e:	4295      	cmp	r5, r2
10004ea0:	d9f6      	bls.n	10004e90 <cdcd_open+0x68>
10004ea2:	2b05      	cmp	r3, #5
10004ea4:	d009      	beq.n	10004eba <cdcd_open+0x92>
10004ea6:	7863      	ldrb	r3, [r4, #1]
10004ea8:	2b04      	cmp	r3, #4
10004eaa:	d102      	bne.n	10004eb2 <cdcd_open+0x8a>
10004eac:	7963      	ldrb	r3, [r4, #5]
10004eae:	2b0a      	cmp	r3, #10
10004eb0:	d020      	beq.n	10004ef4 <cdcd_open+0xcc>
10004eb2:	4630      	mov	r0, r6
10004eb4:	f7ff fdf8 	bl	10004aa8 <_prep_out_transaction>
10004eb8:	e03f      	b.n	10004f3a <cdcd_open+0x112>
10004eba:	4621      	mov	r1, r4
10004ebc:	4638      	mov	r0, r7
10004ebe:	f7ff f803 	bl	10003ec8 <usbd_edpt_open>
10004ec2:	b138      	cbz	r0, 10004ed4 <cdcd_open+0xac>
10004ec4:	78a3      	ldrb	r3, [r4, #2]
10004ec6:	f888 3001 	strb.w	r3, [r8, #1]
10004eca:	7823      	ldrb	r3, [r4, #0]
10004ecc:	441d      	add	r5, r3
10004ece:	b2ad      	uxth	r5, r5
10004ed0:	441c      	add	r4, r3
10004ed2:	e7e8      	b.n	10004ea6 <cdcd_open+0x7e>
10004ed4:	f240 1253 	movw	r2, #339	@ 0x153
10004ed8:	491c      	ldr	r1, [pc, #112]	@ (10004f4c <cdcd_open+0x124>)
10004eda:	481d      	ldr	r0, [pc, #116]	@ (10004f50 <cdcd_open+0x128>)
10004edc:	f7fe f848 	bl	10002f70 <__wrap_printf>
10004ee0:	f04f 23e0 	mov.w	r3, #3758153728	@ 0xe000e000
10004ee4:	f8d3 3df0 	ldr.w	r3, [r3, #3568]	@ 0xdf0
10004ee8:	f013 0f01 	tst.w	r3, #1
10004eec:	d000      	beq.n	10004ef0 <cdcd_open+0xc8>
10004eee:	be00      	bkpt	0x0000
10004ef0:	2500      	movs	r5, #0
10004ef2:	e022      	b.n	10004f3a <cdcd_open+0x112>
10004ef4:	7821      	ldrb	r1, [r4, #0]
10004ef6:	440d      	add	r5, r1
10004ef8:	b2ad      	uxth	r5, r5
10004efa:	4642      	mov	r2, r8
10004efc:	1c93      	adds	r3, r2, #2
10004efe:	9301      	str	r3, [sp, #4]
10004f00:	1cd3      	adds	r3, r2, #3
10004f02:	9300      	str	r3, [sp, #0]
10004f04:	2302      	movs	r3, #2
10004f06:	461a      	mov	r2, r3
10004f08:	4421      	add	r1, r4
10004f0a:	4638      	mov	r0, r7
10004f0c:	f7ff f81c 	bl	10003f48 <usbd_open_edpt_pair>
10004f10:	b110      	cbz	r0, 10004f18 <cdcd_open+0xf0>
10004f12:	350e      	adds	r5, #14
10004f14:	b2ad      	uxth	r5, r5
10004f16:	e7cc      	b.n	10004eb2 <cdcd_open+0x8a>
10004f18:	f44f 72b1 	mov.w	r2, #354	@ 0x162
10004f1c:	490b      	ldr	r1, [pc, #44]	@ (10004f4c <cdcd_open+0x124>)
10004f1e:	480c      	ldr	r0, [pc, #48]	@ (10004f50 <cdcd_open+0x128>)
10004f20:	f7fe f826 	bl	10002f70 <__wrap_printf>
10004f24:	f04f 23e0 	mov.w	r3, #3758153728	@ 0xe000e000
10004f28:	f8d3 3df0 	ldr.w	r3, [r3, #3568]	@ 0xdf0
10004f2c:	f013 0f01 	tst.w	r3, #1
10004f30:	d000      	beq.n	10004f34 <cdcd_open+0x10c>
10004f32:	be00      	bkpt	0x0000
10004f34:	2500      	movs	r5, #0
10004f36:	e000      	b.n	10004f3a <cdcd_open+0x112>
10004f38:	2500      	movs	r5, #0
10004f3a:	4628      	mov	r0, r5
10004f3c:	b002      	add	sp, #8
10004f3e:	e8bd 81f0 	ldmia.w	sp!, {r4, r5, r6, r7, r8, pc}
10004f42:	2500      	movs	r5, #0
10004f44:	e7f9      	b.n	10004f3a <cdcd_open+0x112>
10004f46:	bf00      	nop
10004f48:	20001120 	.word	0x20001120
10004f4c:	10006974 	.word	0x10006974
10004f50:	1000648c 	.word	0x1000648c

10004f54 <cdcd_control_xfer_cb>:
10004f54:	7813      	ldrb	r3, [r2, #0]
10004f56:	f003 0360 	and.w	r3, r3, #96	@ 0x60
10004f5a:	2b20      	cmp	r3, #32
10004f5c:	d17c      	bne.n	10005058 <cdcd_control_xfer_cb+0x104>
10004f5e:	b570      	push	{r4, r5, r6, lr}
10004f60:	4694      	mov	ip, r2
10004f62:	2400      	movs	r4, #0
10004f64:	b174      	cbz	r4, 10004f84 <cdcd_control_xfer_cb+0x30>
10004f66:	2c00      	cmp	r4, #0
10004f68:	d178      	bne.n	1000505c <cdcd_control_xfer_cb+0x108>
10004f6a:	f89c 3001 	ldrb.w	r3, [ip, #1]
10004f6e:	2b22      	cmp	r3, #34	@ 0x22
10004f70:	d042      	beq.n	10004ff8 <cdcd_control_xfer_cb+0xa4>
10004f72:	d817      	bhi.n	10004fa4 <cdcd_control_xfer_cb+0x50>
10004f74:	2b20      	cmp	r3, #32
10004f76:	d01f      	beq.n	10004fb8 <cdcd_control_xfer_cb+0x64>
10004f78:	2b21      	cmp	r3, #33	@ 0x21
10004f7a:	d111      	bne.n	10004fa0 <cdcd_control_xfer_cb+0x4c>
10004f7c:	2901      	cmp	r1, #1
10004f7e:	d033      	beq.n	10004fe8 <cdcd_control_xfer_cb+0x94>
10004f80:	2001      	movs	r0, #1
10004f82:	e06c      	b.n	1000505e <cdcd_control_xfer_cb+0x10a>
10004f84:	23c8      	movs	r3, #200	@ 0xc8
10004f86:	fb04 f303 	mul.w	r3, r4, r3
10004f8a:	4a38      	ldr	r2, [pc, #224]	@ (1000506c <cdcd_control_xfer_cb+0x118>)
10004f8c:	eb03 0e02 	add.w	lr, r3, r2
10004f90:	5cd2      	ldrb	r2, [r2, r3]
10004f92:	f8bc 3004 	ldrh.w	r3, [ip, #4]
10004f96:	429a      	cmp	r2, r3
10004f98:	d0e5      	beq.n	10004f66 <cdcd_control_xfer_cb+0x12>
10004f9a:	3401      	adds	r4, #1
10004f9c:	b2e4      	uxtb	r4, r4
10004f9e:	e7e1      	b.n	10004f64 <cdcd_control_xfer_cb+0x10>
10004fa0:	4620      	mov	r0, r4
10004fa2:	e05c      	b.n	1000505e <cdcd_control_xfer_cb+0x10a>
10004fa4:	2b23      	cmp	r3, #35	@ 0x23
10004fa6:	d105      	bne.n	10004fb4 <cdcd_control_xfer_cb+0x60>
10004fa8:	2901      	cmp	r1, #1
10004faa:	d047      	beq.n	1000503c <cdcd_control_xfer_cb+0xe8>
10004fac:	2903      	cmp	r1, #3
10004fae:	d04a      	beq.n	10005046 <cdcd_control_xfer_cb+0xf2>
10004fb0:	2001      	movs	r0, #1
10004fb2:	e054      	b.n	1000505e <cdcd_control_xfer_cb+0x10a>
10004fb4:	2000      	movs	r0, #0
10004fb6:	e052      	b.n	1000505e <cdcd_control_xfer_cb+0x10a>
10004fb8:	2901      	cmp	r1, #1
10004fba:	d003      	beq.n	10004fc4 <cdcd_control_xfer_cb+0x70>
10004fbc:	2903      	cmp	r1, #3
10004fbe:	d009      	beq.n	10004fd4 <cdcd_control_xfer_cb+0x80>
10004fc0:	2001      	movs	r0, #1
10004fc2:	e04c      	b.n	1000505e <cdcd_control_xfer_cb+0x10a>
10004fc4:	2307      	movs	r3, #7
10004fc6:	f10e 0208 	add.w	r2, lr, #8
10004fca:	4661      	mov	r1, ip
10004fcc:	f7ff fc6c 	bl	100048a8 <tud_control_xfer>
10004fd0:	2001      	movs	r0, #1
10004fd2:	e044      	b.n	1000505e <cdcd_control_xfer_cb+0x10a>
10004fd4:	4b26      	ldr	r3, [pc, #152]	@ (10005070 <cdcd_control_xfer_cb+0x11c>)
10004fd6:	2b00      	cmp	r3, #0
10004fd8:	d042      	beq.n	10005060 <cdcd_control_xfer_cb+0x10c>
10004fda:	f10e 0108 	add.w	r1, lr, #8
10004fde:	4620      	mov	r0, r4
10004fe0:	f7fe fafa 	bl	100035d8 <tud_cdc_line_coding_cb>
10004fe4:	2001      	movs	r0, #1
10004fe6:	e03a      	b.n	1000505e <cdcd_control_xfer_cb+0x10a>
10004fe8:	2307      	movs	r3, #7
10004fea:	f10e 0208 	add.w	r2, lr, #8
10004fee:	4661      	mov	r1, ip
10004ff0:	f7ff fc5a 	bl	100048a8 <tud_control_xfer>
10004ff4:	2001      	movs	r0, #1
10004ff6:	e032      	b.n	1000505e <cdcd_control_xfer_cb+0x10a>
10004ff8:	2901      	cmp	r1, #1
10004ffa:	d003      	beq.n	10005004 <cdcd_control_xfer_cb+0xb0>
10004ffc:	2903      	cmp	r1, #3
10004ffe:	d006      	beq.n	1000500e <cdcd_control_xfer_cb+0xba>
10005000:	2001      	movs	r0, #1
10005002:	e02c      	b.n	1000505e <cdcd_control_xfer_cb+0x10a>
10005004:	4661      	mov	r1, ip
10005006:	f7ff fc3b 	bl	10004880 <tud_control_status>
1000500a:	2001      	movs	r0, #1
1000500c:	e027      	b.n	1000505e <cdcd_control_xfer_cb+0x10a>
1000500e:	f8bc 3002 	ldrh.w	r3, [ip, #2]
10005012:	f003 0501 	and.w	r5, r3, #1
10005016:	f3c3 0640 	ubfx	r6, r3, #1, #1
1000501a:	f88e 3004 	strb.w	r3, [lr, #4]
1000501e:	f085 0101 	eor.w	r1, r5, #1
10005022:	f10e 0024 	add.w	r0, lr, #36	@ 0x24
10005026:	f000 fc6e 	bl	10005906 <tu_fifo_set_overwritable>
1000502a:	4b12      	ldr	r3, [pc, #72]	@ (10005074 <cdcd_control_xfer_cb+0x120>)
1000502c:	b1d3      	cbz	r3, 10005064 <cdcd_control_xfer_cb+0x110>
1000502e:	4632      	mov	r2, r6
10005030:	4629      	mov	r1, r5
10005032:	4620      	mov	r0, r4
10005034:	f3af 8000 	nop.w
10005038:	2001      	movs	r0, #1
1000503a:	e010      	b.n	1000505e <cdcd_control_xfer_cb+0x10a>
1000503c:	4661      	mov	r1, ip
1000503e:	f7ff fc1f 	bl	10004880 <tud_control_status>
10005042:	2001      	movs	r0, #1
10005044:	e00b      	b.n	1000505e <cdcd_control_xfer_cb+0x10a>
10005046:	4b0c      	ldr	r3, [pc, #48]	@ (10005078 <cdcd_control_xfer_cb+0x124>)
10005048:	b173      	cbz	r3, 10005068 <cdcd_control_xfer_cb+0x114>
1000504a:	f8bc 1002 	ldrh.w	r1, [ip, #2]
1000504e:	4620      	mov	r0, r4
10005050:	f3af 8000 	nop.w
10005054:	2001      	movs	r0, #1
10005056:	e002      	b.n	1000505e <cdcd_control_xfer_cb+0x10a>
10005058:	2000      	movs	r0, #0
1000505a:	4770      	bx	lr
1000505c:	2000      	movs	r0, #0
1000505e:	bd70      	pop	{r4, r5, r6, pc}
10005060:	2001      	movs	r0, #1
10005062:	e7fc      	b.n	1000505e <cdcd_control_xfer_cb+0x10a>
10005064:	2001      	movs	r0, #1
10005066:	e7fa      	b.n	1000505e <cdcd_control_xfer_cb+0x10a>
10005068:	2001      	movs	r0, #1
1000506a:	e7f8      	b.n	1000505e <cdcd_control_xfer_cb+0x10a>
1000506c:	20001120 	.word	0x20001120
10005070:	100035d9 	.word	0x100035d9
	...

1000507c <cdcd_xfer_cb>:
1000507c:	e92d 4ff8 	stmdb	sp!, {r3, r4, r5, r6, r7, r8, r9, sl, fp, lr}
10005080:	4682      	mov	sl, r0
10005082:	460d      	mov	r5, r1
10005084:	4698      	mov	r8, r3
10005086:	2400      	movs	r4, #0
10005088:	b15c      	cbz	r4, 100050a2 <cdcd_xfer_cb+0x26>
1000508a:	b9bc      	cbnz	r4, 100050bc <cdcd_xfer_cb+0x40>
1000508c:	46a1      	mov	r9, r4
1000508e:	78f3      	ldrb	r3, [r6, #3]
10005090:	42ab      	cmp	r3, r5
10005092:	d023      	beq.n	100050dc <cdcd_xfer_cb+0x60>
10005094:	78b3      	ldrb	r3, [r6, #2]
10005096:	42ab      	cmp	r3, r5
10005098:	d054      	beq.n	10005144 <cdcd_xfer_cb+0xc8>
1000509a:	2401      	movs	r4, #1
1000509c:	4620      	mov	r0, r4
1000509e:	e8bd 8ff8 	ldmia.w	sp!, {r3, r4, r5, r6, r7, r8, r9, sl, fp, pc}
100050a2:	23c8      	movs	r3, #200	@ 0xc8
100050a4:	4e3c      	ldr	r6, [pc, #240]	@ (10005198 <cdcd_xfer_cb+0x11c>)
100050a6:	fb03 6604 	mla	r6, r3, r4, r6
100050aa:	78f3      	ldrb	r3, [r6, #3]
100050ac:	42ab      	cmp	r3, r5
100050ae:	d0ec      	beq.n	1000508a <cdcd_xfer_cb+0xe>
100050b0:	78b3      	ldrb	r3, [r6, #2]
100050b2:	42ab      	cmp	r3, r5
100050b4:	d0e9      	beq.n	1000508a <cdcd_xfer_cb+0xe>
100050b6:	3401      	adds	r4, #1
100050b8:	b2e4      	uxtb	r4, r4
100050ba:	e7e5      	b.n	10005088 <cdcd_xfer_cb+0xc>
100050bc:	f44f 72e6 	mov.w	r2, #460	@ 0x1cc
100050c0:	4936      	ldr	r1, [pc, #216]	@ (1000519c <cdcd_xfer_cb+0x120>)
100050c2:	4837      	ldr	r0, [pc, #220]	@ (100051a0 <cdcd_xfer_cb+0x124>)
100050c4:	f7fd ff54 	bl	10002f70 <__wrap_printf>
100050c8:	f04f 23e0 	mov.w	r3, #3758153728	@ 0xe000e000
100050cc:	f8d3 3df0 	ldr.w	r3, [r3, #3568]	@ 0xdf0
100050d0:	f013 0f01 	tst.w	r3, #1
100050d4:	d000      	beq.n	100050d8 <cdcd_xfer_cb+0x5c>
100050d6:	be00      	bkpt	0x0000
100050d8:	2400      	movs	r4, #0
100050da:	e7df      	b.n	1000509c <cdcd_xfer_cb+0x20>
100050dc:	f106 0310 	add.w	r3, r6, #16
100050e0:	469b      	mov	fp, r3
100050e2:	fa1f f288 	uxth.w	r2, r8
100050e6:	492f      	ldr	r1, [pc, #188]	@ (100051a4 <cdcd_xfer_cb+0x128>)
100050e8:	eb01 11c4 	add.w	r1, r1, r4, lsl #7
100050ec:	4618      	mov	r0, r3
100050ee:	f000 fbea 	bl	100058c6 <tu_fifo_write_n>
100050f2:	4b2d      	ldr	r3, [pc, #180]	@ (100051a8 <cdcd_xfer_cb+0x12c>)
100050f4:	b1c3      	cbz	r3, 10005128 <cdcd_xfer_cb+0xac>
100050f6:	7973      	ldrb	r3, [r6, #5]
100050f8:	2bff      	cmp	r3, #255	@ 0xff
100050fa:	d015      	beq.n	10005128 <cdcd_xfer_cb+0xac>
100050fc:	2700      	movs	r7, #0
100050fe:	e000      	b.n	10005102 <cdcd_xfer_cb+0x86>
10005100:	3701      	adds	r7, #1
10005102:	4547      	cmp	r7, r8
10005104:	d210      	bcs.n	10005128 <cdcd_xfer_cb+0xac>
10005106:	7972      	ldrb	r2, [r6, #5]
10005108:	4b26      	ldr	r3, [pc, #152]	@ (100051a4 <cdcd_xfer_cb+0x128>)
1000510a:	eb03 13c9 	add.w	r3, r3, r9, lsl #7
1000510e:	5ddb      	ldrb	r3, [r3, r7]
10005110:	429a      	cmp	r2, r3
10005112:	d1f5      	bne.n	10005100 <cdcd_xfer_cb+0x84>
10005114:	4658      	mov	r0, fp
10005116:	f000 fb4d 	bl	100057b4 <tu_fifo_empty>
1000511a:	2800      	cmp	r0, #0
1000511c:	d1f0      	bne.n	10005100 <cdcd_xfer_cb+0x84>
1000511e:	7971      	ldrb	r1, [r6, #5]
10005120:	4620      	mov	r0, r4
10005122:	f3af 8000 	nop.w
10005126:	e7eb      	b.n	10005100 <cdcd_xfer_cb+0x84>
10005128:	4b20      	ldr	r3, [pc, #128]	@ (100051ac <cdcd_xfer_cb+0x130>)
1000512a:	b11b      	cbz	r3, 10005134 <cdcd_xfer_cb+0xb8>
1000512c:	4658      	mov	r0, fp
1000512e:	f000 fb41 	bl	100057b4 <tu_fifo_empty>
10005132:	b118      	cbz	r0, 1000513c <cdcd_xfer_cb+0xc0>
10005134:	4620      	mov	r0, r4
10005136:	f7ff fcb7 	bl	10004aa8 <_prep_out_transaction>
1000513a:	e7ab      	b.n	10005094 <cdcd_xfer_cb+0x18>
1000513c:	4620      	mov	r0, r4
1000513e:	f3af 8000 	nop.w
10005142:	e7f7      	b.n	10005134 <cdcd_xfer_cb+0xb8>
10005144:	4b1a      	ldr	r3, [pc, #104]	@ (100051b0 <cdcd_xfer_cb+0x134>)
10005146:	b113      	cbz	r3, 1000514e <cdcd_xfer_cb+0xd2>
10005148:	4620      	mov	r0, r4
1000514a:	f3af 8000 	nop.w
1000514e:	4620      	mov	r0, r4
10005150:	f7ff fd36 	bl	10004bc0 <tud_cdc_n_write_flush>
10005154:	b108      	cbz	r0, 1000515a <cdcd_xfer_cb+0xde>
10005156:	2401      	movs	r4, #1
10005158:	e7a0      	b.n	1000509c <cdcd_xfer_cb+0x20>
1000515a:	f106 0024 	add.w	r0, r6, #36	@ 0x24
1000515e:	f000 fb15 	bl	1000578c <tu_fifo_count>
10005162:	b9a8      	cbnz	r0, 10005190 <cdcd_xfer_cb+0x114>
10005164:	4643      	mov	r3, r8
10005166:	b1ab      	cbz	r3, 10005194 <cdcd_xfer_cb+0x118>
10005168:	f018 0f3f 	tst.w	r8, #63	@ 0x3f
1000516c:	d001      	beq.n	10005172 <cdcd_xfer_cb+0xf6>
1000516e:	2401      	movs	r4, #1
10005170:	e794      	b.n	1000509c <cdcd_xfer_cb+0x20>
10005172:	78b1      	ldrb	r1, [r6, #2]
10005174:	4650      	mov	r0, sl
10005176:	f7fe ff37 	bl	10003fe8 <usbd_edpt_claim>
1000517a:	4604      	mov	r4, r0
1000517c:	b908      	cbnz	r0, 10005182 <cdcd_xfer_cb+0x106>
1000517e:	2401      	movs	r4, #1
10005180:	e78c      	b.n	1000509c <cdcd_xfer_cb+0x20>
10005182:	2300      	movs	r3, #0
10005184:	461a      	mov	r2, r3
10005186:	78b1      	ldrb	r1, [r6, #2]
10005188:	4650      	mov	r0, sl
1000518a:	f7fe ff55 	bl	10004038 <usbd_edpt_xfer>
1000518e:	e785      	b.n	1000509c <cdcd_xfer_cb+0x20>
10005190:	2401      	movs	r4, #1
10005192:	e783      	b.n	1000509c <cdcd_xfer_cb+0x20>
10005194:	2401      	movs	r4, #1
10005196:	e781      	b.n	1000509c <cdcd_xfer_cb+0x20>
10005198:	20001120 	.word	0x20001120
1000519c:	10006964 	.word	0x10006964
100051a0:	1000648c 	.word	0x1000648c
100051a4:	2000109c 	.word	0x2000109c
	...

100051b4 <tusb_rhport_init>:
100051b4:	b510      	push	{r4, lr}
100051b6:	b082      	sub	sp, #8
100051b8:	b159      	cbz	r1, 100051d2 <tusb_rhport_init+0x1e>
100051ba:	460a      	mov	r2, r1
100051bc:	2801      	cmp	r0, #1
100051be:	d825      	bhi.n	1000520c <tusb_rhport_init+0x58>
100051c0:	780b      	ldrb	r3, [r1, #0]
100051c2:	b31b      	cbz	r3, 1000520c <tusb_rhport_init+0x58>
100051c4:	4924      	ldr	r1, [pc, #144]	@ (10005258 <tusb_rhport_init+0xa4>)
100051c6:	540b      	strb	r3, [r1, r0]
100051c8:	2b01      	cmp	r3, #1
100051ca:	d031      	beq.n	10005230 <tusb_rhport_init+0x7c>
100051cc:	2301      	movs	r3, #1
100051ce:	461c      	mov	r4, r3
100051d0:	e02b      	b.n	1000522a <tusb_rhport_init+0x76>
100051d2:	2301      	movs	r3, #1
100051d4:	f88d 3004 	strb.w	r3, [sp, #4]
100051d8:	4608      	mov	r0, r1
100051da:	f88d 1005 	strb.w	r1, [sp, #5]
100051de:	a901      	add	r1, sp, #4
100051e0:	f7fe fdde 	bl	10003da0 <tud_rhport_init>
100051e4:	4604      	mov	r4, r0
100051e6:	b118      	cbz	r0, 100051f0 <tusb_rhport_init+0x3c>
100051e8:	4b1b      	ldr	r3, [pc, #108]	@ (10005258 <tusb_rhport_init+0xa4>)
100051ea:	2201      	movs	r2, #1
100051ec:	701a      	strb	r2, [r3, #0]
100051ee:	e01c      	b.n	1000522a <tusb_rhport_init+0x76>
100051f0:	2247      	movs	r2, #71	@ 0x47
100051f2:	491a      	ldr	r1, [pc, #104]	@ (1000525c <tusb_rhport_init+0xa8>)
100051f4:	481a      	ldr	r0, [pc, #104]	@ (10005260 <tusb_rhport_init+0xac>)
100051f6:	f7fd febb 	bl	10002f70 <__wrap_printf>
100051fa:	f04f 23e0 	mov.w	r3, #3758153728	@ 0xe000e000
100051fe:	f8d3 3df0 	ldr.w	r3, [r3, #3568]	@ 0xdf0
10005202:	f013 0f01 	tst.w	r3, #1
10005206:	d010      	beq.n	1000522a <tusb_rhport_init+0x76>
10005208:	be00      	bkpt	0x0000
1000520a:	e00e      	b.n	1000522a <tusb_rhport_init+0x76>
1000520c:	225a      	movs	r2, #90	@ 0x5a
1000520e:	4913      	ldr	r1, [pc, #76]	@ (1000525c <tusb_rhport_init+0xa8>)
10005210:	4813      	ldr	r0, [pc, #76]	@ (10005260 <tusb_rhport_init+0xac>)
10005212:	f7fd fead 	bl	10002f70 <__wrap_printf>
10005216:	f04f 23e0 	mov.w	r3, #3758153728	@ 0xe000e000
1000521a:	f8d3 3df0 	ldr.w	r3, [r3, #3568]	@ 0xdf0
1000521e:	f013 0f01 	tst.w	r3, #1
10005222:	d000      	beq.n	10005226 <tusb_rhport_init+0x72>
10005224:	be00      	bkpt	0x0000
10005226:	2300      	movs	r3, #0
10005228:	461c      	mov	r4, r3
1000522a:	4620      	mov	r0, r4
1000522c:	b002      	add	sp, #8
1000522e:	bd10      	pop	{r4, pc}
10005230:	4611      	mov	r1, r2
10005232:	f7fe fdb5 	bl	10003da0 <tud_rhport_init>
10005236:	4604      	mov	r4, r0
10005238:	2800      	cmp	r0, #0
1000523a:	d1f6      	bne.n	1000522a <tusb_rhport_init+0x76>
1000523c:	225f      	movs	r2, #95	@ 0x5f
1000523e:	4907      	ldr	r1, [pc, #28]	@ (1000525c <tusb_rhport_init+0xa8>)
10005240:	4807      	ldr	r0, [pc, #28]	@ (10005260 <tusb_rhport_init+0xac>)
10005242:	f7fd fe95 	bl	10002f70 <__wrap_printf>
10005246:	f04f 23e0 	mov.w	r3, #3758153728	@ 0xe000e000
1000524a:	f8d3 3df0 	ldr.w	r3, [r3, #3568]	@ 0xdf0
1000524e:	f013 0f01 	tst.w	r3, #1
10005252:	d0ea      	beq.n	1000522a <tusb_rhport_init+0x76>
10005254:	be00      	bkpt	0x0000
10005256:	e7e8      	b.n	1000522a <tusb_rhport_init+0x76>
10005258:	2000125c 	.word	0x2000125c
1000525c:	100069ac 	.word	0x100069ac
10005260:	1000648c 	.word	0x1000648c

10005264 <tu_edpt_claim>:
10005264:	b570      	push	{r4, r5, r6, lr}
10005266:	4604      	mov	r4, r0
10005268:	7803      	ldrb	r3, [r0, #0]
1000526a:	f013 0001 	ands.w	r0, r3, #1
1000526e:	d122      	bne.n	100052b6 <tu_edpt_claim+0x52>
10005270:	468c      	mov	ip, r1
10005272:	460d      	mov	r5, r1
10005274:	7823      	ldrb	r3, [r4, #0]
10005276:	f3c3 0280 	ubfx	r2, r3, #2, #1
1000527a:	4616      	mov	r6, r2
1000527c:	f013 0f04 	tst.w	r3, #4
10005280:	d11a      	bne.n	100052b8 <tu_edpt_claim+0x54>
10005282:	f04f 31ff 	mov.w	r1, #4294967295	@ 0xffffffff
10005286:	4660      	mov	r0, ip
10005288:	f000 fc6a 	bl	10005b60 <__mutex_enter_timeout_ms_veneer>
1000528c:	7823      	ldrb	r3, [r4, #0]
1000528e:	f013 0301 	ands.w	r3, r3, #1
10005292:	d109      	bne.n	100052a8 <tu_edpt_claim+0x44>
10005294:	7822      	ldrb	r2, [r4, #0]
10005296:	f012 0f04 	tst.w	r2, #4
1000529a:	d10a      	bne.n	100052b2 <tu_edpt_claim+0x4e>
1000529c:	7823      	ldrb	r3, [r4, #0]
1000529e:	f043 0304 	orr.w	r3, r3, #4
100052a2:	7023      	strb	r3, [r4, #0]
100052a4:	2301      	movs	r3, #1
100052a6:	461e      	mov	r6, r3
100052a8:	4628      	mov	r0, r5
100052aa:	f000 fc3d 	bl	10005b28 <__mutex_exit_veneer>
100052ae:	4630      	mov	r0, r6
100052b0:	e002      	b.n	100052b8 <tu_edpt_claim+0x54>
100052b2:	461e      	mov	r6, r3
100052b4:	e7f8      	b.n	100052a8 <tu_edpt_claim+0x44>
100052b6:	2000      	movs	r0, #0
100052b8:	bd70      	pop	{r4, r5, r6, pc}

100052ba <tu_edpt_release>:
100052ba:	b570      	push	{r4, r5, r6, lr}
100052bc:	4604      	mov	r4, r0
100052be:	4606      	mov	r6, r0
100052c0:	460a      	mov	r2, r1
100052c2:	460d      	mov	r5, r1
100052c4:	f04f 31ff 	mov.w	r1, #4294967295	@ 0xffffffff
100052c8:	4610      	mov	r0, r2
100052ca:	f000 fc49 	bl	10005b60 <__mutex_enter_timeout_ms_veneer>
100052ce:	7823      	ldrb	r3, [r4, #0]
100052d0:	f3c3 0280 	ubfx	r2, r3, #2, #1
100052d4:	4614      	mov	r4, r2
100052d6:	f013 0f04 	tst.w	r3, #4
100052da:	d104      	bne.n	100052e6 <tu_edpt_release+0x2c>
100052dc:	4628      	mov	r0, r5
100052de:	f000 fc23 	bl	10005b28 <__mutex_exit_veneer>
100052e2:	4620      	mov	r0, r4
100052e4:	bd70      	pop	{r4, r5, r6, pc}
100052e6:	7833      	ldrb	r3, [r6, #0]
100052e8:	f013 0f01 	tst.w	r3, #1
100052ec:	d104      	bne.n	100052f8 <tu_edpt_release+0x3e>
100052ee:	7833      	ldrb	r3, [r6, #0]
100052f0:	f023 0304 	bic.w	r3, r3, #4
100052f4:	7033      	strb	r3, [r6, #0]
100052f6:	e7f1      	b.n	100052dc <tu_edpt_release+0x22>
100052f8:	2300      	movs	r3, #0
100052fa:	461c      	mov	r4, r3
100052fc:	e7ee      	b.n	100052dc <tu_edpt_release+0x22>
	...

10005300 <tu_edpt_validate>:
10005300:	b508      	push	{r3, lr}
10005302:	8883      	ldrh	r3, [r0, #4]
10005304:	f3c3 020a 	ubfx	r2, r3, #0, #11
10005308:	78c3      	ldrb	r3, [r0, #3]
1000530a:	f003 0303 	and.w	r3, r3, #3
1000530e:	2b02      	cmp	r3, #2
10005310:	d01d      	beq.n	1000534e <tu_edpt_validate+0x4e>
10005312:	2b03      	cmp	r3, #3
10005314:	d044      	beq.n	100053a0 <tu_edpt_validate+0xa0>
10005316:	2b01      	cmp	r3, #1
10005318:	d15b      	bne.n	100053d2 <tu_edpt_validate+0xd2>
1000531a:	2902      	cmp	r1, #2
1000531c:	d005      	beq.n	1000532a <tu_edpt_validate+0x2a>
1000531e:	f240 33ff 	movw	r3, #1023	@ 0x3ff
10005322:	4293      	cmp	r3, r2
10005324:	d304      	bcc.n	10005330 <tu_edpt_validate+0x30>
10005326:	2001      	movs	r0, #1
10005328:	e054      	b.n	100053d4 <tu_edpt_validate+0xd4>
1000532a:	f44f 6380 	mov.w	r3, #1024	@ 0x400
1000532e:	e7f8      	b.n	10005322 <tu_edpt_validate+0x22>
10005330:	22d1      	movs	r2, #209	@ 0xd1
10005332:	4929      	ldr	r1, [pc, #164]	@ (100053d8 <tu_edpt_validate+0xd8>)
10005334:	4829      	ldr	r0, [pc, #164]	@ (100053dc <tu_edpt_validate+0xdc>)
10005336:	f7fd fe1b 	bl	10002f70 <__wrap_printf>
1000533a:	f04f 23e0 	mov.w	r3, #3758153728	@ 0xe000e000
1000533e:	f8d3 3df0 	ldr.w	r3, [r3, #3568]	@ 0xdf0
10005342:	f013 0f01 	tst.w	r3, #1
10005346:	d000      	beq.n	1000534a <tu_edpt_validate+0x4a>
10005348:	be00      	bkpt	0x0000
1000534a:	2000      	movs	r0, #0
1000534c:	e042      	b.n	100053d4 <tu_edpt_validate+0xd4>
1000534e:	2902      	cmp	r1, #2
10005350:	d003      	beq.n	1000535a <tu_edpt_validate+0x5a>
10005352:	2a40      	cmp	r2, #64	@ 0x40
10005354:	d815      	bhi.n	10005382 <tu_edpt_validate+0x82>
10005356:	2001      	movs	r0, #1
10005358:	e03c      	b.n	100053d4 <tu_edpt_validate+0xd4>
1000535a:	f5b2 7f00 	cmp.w	r2, #512	@ 0x200
1000535e:	d101      	bne.n	10005364 <tu_edpt_validate+0x64>
10005360:	2001      	movs	r0, #1
10005362:	e037      	b.n	100053d4 <tu_edpt_validate+0xd4>
10005364:	22d8      	movs	r2, #216	@ 0xd8
10005366:	491c      	ldr	r1, [pc, #112]	@ (100053d8 <tu_edpt_validate+0xd8>)
10005368:	481c      	ldr	r0, [pc, #112]	@ (100053dc <tu_edpt_validate+0xdc>)
1000536a:	f7fd fe01 	bl	10002f70 <__wrap_printf>
1000536e:	f04f 23e0 	mov.w	r3, #3758153728	@ 0xe000e000
10005372:	f8d3 3df0 	ldr.w	r3, [r3, #3568]	@ 0xdf0
10005376:	f013 0f01 	tst.w	r3, #1
1000537a:	d000      	beq.n	1000537e <tu_edpt_validate+0x7e>
1000537c:	be00      	bkpt	0x0000
1000537e:	2000      	movs	r0, #0
10005380:	e028      	b.n	100053d4 <tu_edpt_validate+0xd4>
10005382:	22db      	movs	r2, #219	@ 0xdb
10005384:	4914      	ldr	r1, [pc, #80]	@ (100053d8 <tu_edpt_validate+0xd8>)
10005386:	4815      	ldr	r0, [pc, #84]	@ (100053dc <tu_edpt_validate+0xdc>)
10005388:	f7fd fdf2 	bl	10002f70 <__wrap_printf>
1000538c:	f04f 23e0 	mov.w	r3, #3758153728	@ 0xe000e000
10005390:	f8d3 3df0 	ldr.w	r3, [r3, #3568]	@ 0xdf0
10005394:	f013 0f01 	tst.w	r3, #1
10005398:	d000      	beq.n	1000539c <tu_edpt_validate+0x9c>
1000539a:	be00      	bkpt	0x0000
1000539c:	2000      	movs	r0, #0
1000539e:	e019      	b.n	100053d4 <tu_edpt_validate+0xd4>
100053a0:	2902      	cmp	r1, #2
100053a2:	d004      	beq.n	100053ae <tu_edpt_validate+0xae>
100053a4:	2340      	movs	r3, #64	@ 0x40
100053a6:	4293      	cmp	r3, r2
100053a8:	d304      	bcc.n	100053b4 <tu_edpt_validate+0xb4>
100053aa:	2001      	movs	r0, #1
100053ac:	e012      	b.n	100053d4 <tu_edpt_validate+0xd4>
100053ae:	f44f 6380 	mov.w	r3, #1024	@ 0x400
100053b2:	e7f8      	b.n	100053a6 <tu_edpt_validate+0xa6>
100053b4:	22e1      	movs	r2, #225	@ 0xe1
100053b6:	4908      	ldr	r1, [pc, #32]	@ (100053d8 <tu_edpt_validate+0xd8>)
100053b8:	4808      	ldr	r0, [pc, #32]	@ (100053dc <tu_edpt_validate+0xdc>)
100053ba:	f7fd fdd9 	bl	10002f70 <__wrap_printf>
100053be:	f04f 23e0 	mov.w	r3, #3758153728	@ 0xe000e000
100053c2:	f8d3 3df0 	ldr.w	r3, [r3, #3568]	@ 0xdf0
100053c6:	f013 0f01 	tst.w	r3, #1
100053ca:	d000      	beq.n	100053ce <tu_edpt_validate+0xce>
100053cc:	be00      	bkpt	0x0000
100053ce:	2000      	movs	r0, #0
100053d0:	e000      	b.n	100053d4 <tu_edpt_validate+0xd4>
100053d2:	2000      	movs	r0, #0
100053d4:	bd08      	pop	{r3, pc}
100053d6:	bf00      	nop
100053d8:	10006998 	.word	0x10006998
100053dc:	1000648c 	.word	0x1000648c

100053e0 <tu_edpt_bind_driver>:
100053e0:	440a      	add	r2, r1
100053e2:	e003      	b.n	100053ec <tu_edpt_bind_driver+0xc>
100053e4:	bd00      	pop	{pc}
100053e6:	f891 c000 	ldrb.w	ip, [r1]
100053ea:	4461      	add	r1, ip
100053ec:	4291      	cmp	r1, r2
100053ee:	d21a      	bcs.n	10005426 <tu_edpt_bind_driver+0x46>
100053f0:	f891 c001 	ldrb.w	ip, [r1, #1]
100053f4:	f1bc 0f05 	cmp.w	ip, #5
100053f8:	d1f5      	bne.n	100053e6 <tu_edpt_bind_driver+0x6>
100053fa:	b500      	push	{lr}
100053fc:	f891 c002 	ldrb.w	ip, [r1, #2]
10005400:	f00c 0e7f 	and.w	lr, ip, #127	@ 0x7f
10005404:	eb00 0e4e 	add.w	lr, r0, lr, lsl #1
10005408:	ea4f 1cdc 	mov.w	ip, ip, lsr #7
1000540c:	f80e 300c 	strb.w	r3, [lr, ip]
10005410:	f891 c000 	ldrb.w	ip, [r1]
10005414:	4461      	add	r1, ip
10005416:	4291      	cmp	r1, r2
10005418:	d2e4      	bcs.n	100053e4 <tu_edpt_bind_driver+0x4>
1000541a:	f891 c001 	ldrb.w	ip, [r1, #1]
1000541e:	f1bc 0f05 	cmp.w	ip, #5
10005422:	d1f5      	bne.n	10005410 <tu_edpt_bind_driver+0x30>
10005424:	e7ea      	b.n	100053fc <tu_edpt_bind_driver+0x1c>
10005426:	4770      	bx	lr

10005428 <advance_index>:
10005428:	4603      	mov	r3, r0
1000542a:	440a      	add	r2, r1
1000542c:	b290      	uxth	r0, r2
1000542e:	4281      	cmp	r1, r0
10005430:	d802      	bhi.n	10005438 <advance_index+0x10>
10005432:	ebb0 0f43 	cmp.w	r0, r3, lsl #1
10005436:	db03      	blt.n	10005440 <advance_index+0x18>
10005438:	005b      	lsls	r3, r3, #1
1000543a:	b29b      	uxth	r3, r3
1000543c:	1ac0      	subs	r0, r0, r3
1000543e:	b280      	uxth	r0, r0
10005440:	4770      	bx	lr

10005442 <_tu_fifo_peek>:
10005442:	b510      	push	{r4, lr}
10005444:	460c      	mov	r4, r1
10005446:	f8b0 c004 	ldrh.w	ip, [r0, #4]
1000544a:	429a      	cmp	r2, r3
1000544c:	d30d      	bcc.n	1000546a <_tu_fifo_peek+0x28>
1000544e:	eba2 0e03 	sub.w	lr, r2, r3
10005452:	fa1f f18e 	uxth.w	r1, lr
10005456:	b321      	cbz	r1, 100054a2 <_tu_fifo_peek+0x60>
10005458:	458c      	cmp	ip, r1
1000545a:	d215      	bcs.n	10005488 <_tu_fifo_peek+0x46>
1000545c:	4594      	cmp	ip, r2
1000545e:	d80d      	bhi.n	1000547c <_tu_fifo_peek+0x3a>
10005460:	eba2 020c 	sub.w	r2, r2, ip
10005464:	b293      	uxth	r3, r2
10005466:	8143      	strh	r3, [r0, #10]
10005468:	e00e      	b.n	10005488 <_tu_fifo_peek+0x46>
1000546a:	eba2 0e03 	sub.w	lr, r2, r3
1000546e:	ea4f 014c 	mov.w	r1, ip, lsl #1
10005472:	fa11 fe8e 	uxtah	lr, r1, lr
10005476:	fa1f f18e 	uxth.w	r1, lr
1000547a:	e7ec      	b.n	10005456 <_tu_fifo_peek+0x14>
1000547c:	4462      	add	r2, ip
1000547e:	b293      	uxth	r3, r2
10005480:	e7f1      	b.n	10005466 <_tu_fifo_peek+0x24>
10005482:	eba3 030c 	sub.w	r3, r3, ip
10005486:	b29b      	uxth	r3, r3
10005488:	459c      	cmp	ip, r3
1000548a:	d9fa      	bls.n	10005482 <_tu_fifo_peek+0x40>
1000548c:	6801      	ldr	r1, [r0, #0]
1000548e:	88c2      	ldrh	r2, [r0, #6]
10005490:	f3c2 020e 	ubfx	r2, r2, #0, #15
10005494:	fb02 1103 	mla	r1, r2, r3, r1
10005498:	4620      	mov	r0, r4
1000549a:	f000 fa95 	bl	100059c8 <memcpy>
1000549e:	2001      	movs	r0, #1
100054a0:	bd10      	pop	{r4, pc}
100054a2:	4608      	mov	r0, r1
100054a4:	e7fc      	b.n	100054a0 <_tu_fifo_peek+0x5e>

100054a6 <_ff_pull_n>:
100054a6:	e92d 43f8 	stmdb	sp!, {r3, r4, r5, r6, r7, r8, r9, lr}
100054aa:	4604      	mov	r4, r0
100054ac:	460f      	mov	r7, r1
100054ae:	f89d 5020 	ldrb.w	r5, [sp, #32]
100054b2:	f8b0 c004 	ldrh.w	ip, [r0, #4]
100054b6:	ebac 0003 	sub.w	r0, ip, r3
100054ba:	b280      	uxth	r0, r0
100054bc:	eba3 0c0c 	sub.w	ip, r3, ip
100054c0:	4494      	add	ip, r2
100054c2:	fa1f fc8c 	uxth.w	ip, ip
100054c6:	88e1      	ldrh	r1, [r4, #6]
100054c8:	f3c1 0e0e 	ubfx	lr, r1, #0, #15
100054cc:	4676      	mov	r6, lr
100054ce:	fb1e f100 	smulbb	r1, lr, r0
100054d2:	b289      	uxth	r1, r1
100054d4:	4688      	mov	r8, r1
100054d6:	fb1e fe0c 	smulbb	lr, lr, ip
100054da:	fa1f f18e 	uxth.w	r1, lr
100054de:	4689      	mov	r9, r1
100054e0:	6821      	ldr	r1, [r4, #0]
100054e2:	fb06 1103 	mla	r1, r6, r3, r1
100054e6:	b935      	cbnz	r5, 100054f6 <_ff_pull_n+0x50>
100054e8:	4290      	cmp	r0, r2
100054ea:	d306      	bcc.n	100054fa <_ff_pull_n+0x54>
100054ec:	fb06 f202 	mul.w	r2, r6, r2
100054f0:	4638      	mov	r0, r7
100054f2:	f000 fa69 	bl	100059c8 <memcpy>
100054f6:	e8bd 83f8 	ldmia.w	sp!, {r3, r4, r5, r6, r7, r8, r9, pc}
100054fa:	4642      	mov	r2, r8
100054fc:	4638      	mov	r0, r7
100054fe:	f000 fa63 	bl	100059c8 <memcpy>
10005502:	464a      	mov	r2, r9
10005504:	6821      	ldr	r1, [r4, #0]
10005506:	4638      	mov	r0, r7
10005508:	4440      	add	r0, r8
1000550a:	f000 fa5d 	bl	100059c8 <memcpy>
1000550e:	e7f2      	b.n	100054f6 <_ff_pull_n+0x50>

10005510 <_tu_fifo_peek_n>:
10005510:	b530      	push	{r4, r5, lr}
10005512:	b083      	sub	sp, #12
10005514:	4615      	mov	r5, r2
10005516:	469e      	mov	lr, r3
10005518:	f8bd 3018 	ldrh.w	r3, [sp, #24]
1000551c:	f8b0 c004 	ldrh.w	ip, [r0, #4]
10005520:	459e      	cmp	lr, r3
10005522:	d311      	bcc.n	10005548 <_tu_fifo_peek_n+0x38>
10005524:	ebae 0403 	sub.w	r4, lr, r3
10005528:	b2a4      	uxth	r4, r4
1000552a:	b324      	cbz	r4, 10005576 <_tu_fifo_peek_n+0x66>
1000552c:	45a4      	cmp	ip, r4
1000552e:	d207      	bcs.n	10005540 <_tu_fifo_peek_n+0x30>
10005530:	45f4      	cmp	ip, lr
10005532:	d811      	bhi.n	10005558 <_tu_fifo_peek_n+0x48>
10005534:	ebae 0e0c 	sub.w	lr, lr, ip
10005538:	fa1f f38e 	uxth.w	r3, lr
1000553c:	8143      	strh	r3, [r0, #10]
1000553e:	4664      	mov	r4, ip
10005540:	42ac      	cmp	r4, r5
10005542:	d310      	bcc.n	10005566 <_tu_fifo_peek_n+0x56>
10005544:	462c      	mov	r4, r5
10005546:	e00e      	b.n	10005566 <_tu_fifo_peek_n+0x56>
10005548:	ebae 0403 	sub.w	r4, lr, r3
1000554c:	ea4f 024c 	mov.w	r2, ip, lsl #1
10005550:	fa12 f484 	uxtah	r4, r2, r4
10005554:	b2a4      	uxth	r4, r4
10005556:	e7e8      	b.n	1000552a <_tu_fifo_peek_n+0x1a>
10005558:	44e6      	add	lr, ip
1000555a:	fa1f f38e 	uxth.w	r3, lr
1000555e:	e7ed      	b.n	1000553c <_tu_fifo_peek_n+0x2c>
10005560:	eba3 030c 	sub.w	r3, r3, ip
10005564:	b29b      	uxth	r3, r3
10005566:	459c      	cmp	ip, r3
10005568:	d9fa      	bls.n	10005560 <_tu_fifo_peek_n+0x50>
1000556a:	f89d 201c 	ldrb.w	r2, [sp, #28]
1000556e:	9200      	str	r2, [sp, #0]
10005570:	4622      	mov	r2, r4
10005572:	f7ff ff98 	bl	100054a6 <_ff_pull_n>
10005576:	4620      	mov	r0, r4
10005578:	b003      	add	sp, #12
1000557a:	bd30      	pop	{r4, r5, pc}

1000557c <_tu_fifo_read_n>:
1000557c:	b5f0      	push	{r4, r5, r6, r7, lr}
1000557e:	b083      	sub	sp, #12
10005580:	4604      	mov	r4, r0
10005582:	460d      	mov	r5, r1
10005584:	4616      	mov	r6, r2
10005586:	461f      	mov	r7, r3
10005588:	6900      	ldr	r0, [r0, #16]
1000558a:	b118      	cbz	r0, 10005594 <_tu_fifo_read_n+0x18>
1000558c:	f04f 31ff 	mov.w	r1, #4294967295	@ 0xffffffff
10005590:	f000 fae6 	bl	10005b60 <__mutex_enter_timeout_ms_veneer>
10005594:	8923      	ldrh	r3, [r4, #8]
10005596:	8962      	ldrh	r2, [r4, #10]
10005598:	b292      	uxth	r2, r2
1000559a:	9701      	str	r7, [sp, #4]
1000559c:	9200      	str	r2, [sp, #0]
1000559e:	b29b      	uxth	r3, r3
100055a0:	4632      	mov	r2, r6
100055a2:	4629      	mov	r1, r5
100055a4:	4620      	mov	r0, r4
100055a6:	f7ff ffb3 	bl	10005510 <_tu_fifo_peek_n>
100055aa:	4602      	mov	r2, r0
100055ac:	4605      	mov	r5, r0
100055ae:	8961      	ldrh	r1, [r4, #10]
100055b0:	b289      	uxth	r1, r1
100055b2:	88a0      	ldrh	r0, [r4, #4]
100055b4:	f7ff ff38 	bl	10005428 <advance_index>
100055b8:	8160      	strh	r0, [r4, #10]
100055ba:	6920      	ldr	r0, [r4, #16]
100055bc:	b108      	cbz	r0, 100055c2 <_tu_fifo_read_n+0x46>
100055be:	f000 fab3 	bl	10005b28 <__mutex_exit_veneer>
100055c2:	4628      	mov	r0, r5
100055c4:	b003      	add	sp, #12
100055c6:	bdf0      	pop	{r4, r5, r6, r7, pc}

100055c8 <_ff_push_n>:
100055c8:	e92d 41f0 	stmdb	sp!, {r4, r5, r6, r7, r8, lr}
100055cc:	4604      	mov	r4, r0
100055ce:	460f      	mov	r7, r1
100055d0:	f89d e018 	ldrb.w	lr, [sp, #24]
100055d4:	f8b0 c004 	ldrh.w	ip, [r0, #4]
100055d8:	ebac 0103 	sub.w	r1, ip, r3
100055dc:	b289      	uxth	r1, r1
100055de:	eba3 0c0c 	sub.w	ip, r3, ip
100055e2:	4494      	add	ip, r2
100055e4:	fa1f fc8c 	uxth.w	ip, ip
100055e8:	88c5      	ldrh	r5, [r0, #6]
100055ea:	f3c5 000e 	ubfx	r0, r5, #0, #15
100055ee:	4605      	mov	r5, r0
100055f0:	fb10 f601 	smulbb	r6, r0, r1
100055f4:	fb10 f00c 	smulbb	r0, r0, ip
100055f8:	b280      	uxth	r0, r0
100055fa:	4680      	mov	r8, r0
100055fc:	6820      	ldr	r0, [r4, #0]
100055fe:	fb05 0003 	mla	r0, r5, r3, r0
10005602:	f1be 0f00 	cmp.w	lr, #0
10005606:	d107      	bne.n	10005618 <_ff_push_n+0x50>
10005608:	b2b6      	uxth	r6, r6
1000560a:	4291      	cmp	r1, r2
1000560c:	d306      	bcc.n	1000561c <_ff_push_n+0x54>
1000560e:	fb05 f202 	mul.w	r2, r5, r2
10005612:	4639      	mov	r1, r7
10005614:	f000 f9d8 	bl	100059c8 <memcpy>
10005618:	e8bd 81f0 	ldmia.w	sp!, {r4, r5, r6, r7, r8, pc}
1000561c:	4632      	mov	r2, r6
1000561e:	4639      	mov	r1, r7
10005620:	f000 f9d2 	bl	100059c8 <memcpy>
10005624:	4642      	mov	r2, r8
10005626:	4639      	mov	r1, r7
10005628:	4431      	add	r1, r6
1000562a:	6820      	ldr	r0, [r4, #0]
1000562c:	f000 f9cc 	bl	100059c8 <memcpy>
10005630:	e7f2      	b.n	10005618 <_ff_push_n+0x50>

10005632 <_tu_fifo_write_n>:
10005632:	e92d 43f0 	stmdb	sp!, {r4, r5, r6, r7, r8, r9, lr}
10005636:	b083      	sub	sp, #12
10005638:	4616      	mov	r6, r2
1000563a:	2a00      	cmp	r2, #0
1000563c:	d073      	beq.n	10005726 <_tu_fifo_write_n+0xf4>
1000563e:	4604      	mov	r4, r0
10005640:	4689      	mov	r9, r1
10005642:	4698      	mov	r8, r3
10005644:	68c0      	ldr	r0, [r0, #12]
10005646:	b118      	cbz	r0, 10005650 <_tu_fifo_write_n+0x1e>
10005648:	f04f 31ff 	mov.w	r1, #4294967295	@ 0xffffffff
1000564c:	f000 fa88 	bl	10005b60 <__mutex_enter_timeout_ms_veneer>
10005650:	8923      	ldrh	r3, [r4, #8]
10005652:	b29a      	uxth	r2, r3
10005654:	4617      	mov	r7, r2
10005656:	f8b4 c00a 	ldrh.w	ip, [r4, #10]
1000565a:	fa1f f18c 	uxth.w	r1, ip
1000565e:	79e3      	ldrb	r3, [r4, #7]
10005660:	09db      	lsrs	r3, r3, #7
10005662:	d11d      	bne.n	100056a0 <_tu_fifo_write_n+0x6e>
10005664:	88a5      	ldrh	r5, [r4, #4]
10005666:	428a      	cmp	r2, r1
10005668:	d312      	bcc.n	10005690 <_tu_fifo_write_n+0x5e>
1000566a:	eba2 0c01 	sub.w	ip, r2, r1
1000566e:	fa1f fc8c 	uxth.w	ip, ip
10005672:	4565      	cmp	r5, ip
10005674:	d955      	bls.n	10005722 <_tu_fifo_write_n+0xf0>
10005676:	eba5 050c 	sub.w	r5, r5, ip
1000567a:	b2ad      	uxth	r5, r5
1000567c:	4633      	mov	r3, r6
1000567e:	42ae      	cmp	r6, r5
10005680:	bf28      	it	cs
10005682:	462b      	movcs	r3, r5
10005684:	461d      	mov	r5, r3
10005686:	2d00      	cmp	r5, #0
10005688:	d043      	beq.n	10005712 <_tu_fifo_write_n+0xe0>
1000568a:	88a2      	ldrh	r2, [r4, #4]
1000568c:	463b      	mov	r3, r7
1000568e:	e031      	b.n	100056f4 <_tu_fifo_write_n+0xc2>
10005690:	eba2 0c01 	sub.w	ip, r2, r1
10005694:	006b      	lsls	r3, r5, #1
10005696:	fa13 fc8c 	uxtah	ip, r3, ip
1000569a:	fa1f fc8c 	uxth.w	ip, ip
1000569e:	e7e8      	b.n	10005672 <_tu_fifo_write_n+0x40>
100056a0:	88a5      	ldrh	r5, [r4, #4]
100056a2:	42b5      	cmp	r5, r6
100056a4:	d80a      	bhi.n	100056bc <_tu_fifo_write_n+0x8a>
100056a6:	4642      	mov	r2, r8
100056a8:	b9f2      	cbnz	r2, 100056e8 <_tu_fifo_write_n+0xb6>
100056aa:	1b72      	subs	r2, r6, r5
100056ac:	88e3      	ldrh	r3, [r4, #6]
100056ae:	f3c3 030e 	ubfx	r3, r3, #0, #15
100056b2:	fb03 9302 	mla	r3, r3, r2, r9
100056b6:	4699      	mov	r9, r3
100056b8:	460f      	mov	r7, r1
100056ba:	e7e4      	b.n	10005686 <_tu_fifo_write_n+0x54>
100056bc:	428a      	cmp	r2, r1
100056be:	d30d      	bcc.n	100056dc <_tu_fifo_write_n+0xaa>
100056c0:	1a53      	subs	r3, r2, r1
100056c2:	b29b      	uxth	r3, r3
100056c4:	4433      	add	r3, r6
100056c6:	ebb3 0f45 	cmp.w	r3, r5, lsl #1
100056ca:	db0f      	blt.n	100056ec <_tu_fifo_write_n+0xba>
100056cc:	1baa      	subs	r2, r5, r6
100056ce:	b292      	uxth	r2, r2
100056d0:	4628      	mov	r0, r5
100056d2:	f7ff fea9 	bl	10005428 <advance_index>
100056d6:	4607      	mov	r7, r0
100056d8:	4635      	mov	r5, r6
100056da:	e7d4      	b.n	10005686 <_tu_fifo_write_n+0x54>
100056dc:	1a53      	subs	r3, r2, r1
100056de:	006a      	lsls	r2, r5, #1
100056e0:	fa12 f383 	uxtah	r3, r2, r3
100056e4:	b29b      	uxth	r3, r3
100056e6:	e7ed      	b.n	100056c4 <_tu_fifo_write_n+0x92>
100056e8:	460f      	mov	r7, r1
100056ea:	e7cc      	b.n	10005686 <_tu_fifo_write_n+0x54>
100056ec:	4635      	mov	r5, r6
100056ee:	e7ca      	b.n	10005686 <_tu_fifo_write_n+0x54>
100056f0:	1a9b      	subs	r3, r3, r2
100056f2:	b29b      	uxth	r3, r3
100056f4:	429a      	cmp	r2, r3
100056f6:	d9fb      	bls.n	100056f0 <_tu_fifo_write_n+0xbe>
100056f8:	f8cd 8000 	str.w	r8, [sp]
100056fc:	462a      	mov	r2, r5
100056fe:	4649      	mov	r1, r9
10005700:	4620      	mov	r0, r4
10005702:	f7ff ff61 	bl	100055c8 <_ff_push_n>
10005706:	462a      	mov	r2, r5
10005708:	4639      	mov	r1, r7
1000570a:	88a0      	ldrh	r0, [r4, #4]
1000570c:	f7ff fe8c 	bl	10005428 <advance_index>
10005710:	8120      	strh	r0, [r4, #8]
10005712:	68e0      	ldr	r0, [r4, #12]
10005714:	b108      	cbz	r0, 1000571a <_tu_fifo_write_n+0xe8>
10005716:	f000 fa07 	bl	10005b28 <__mutex_exit_veneer>
1000571a:	4628      	mov	r0, r5
1000571c:	b003      	add	sp, #12
1000571e:	e8bd 83f0 	ldmia.w	sp!, {r4, r5, r6, r7, r8, r9, pc}
10005722:	2500      	movs	r5, #0
10005724:	e7f5      	b.n	10005712 <_tu_fifo_write_n+0xe0>
10005726:	4615      	mov	r5, r2
10005728:	e7f7      	b.n	1000571a <_tu_fifo_write_n+0xe8>

1000572a <tu_fifo_config>:
1000572a:	b5f8      	push	{r3, r4, r5, r6, r7, lr}
1000572c:	461f      	mov	r7, r3
1000572e:	f5b2 4f00 	cmp.w	r2, #32768	@ 0x8000
10005732:	d827      	bhi.n	10005784 <tu_fifo_config+0x5a>
10005734:	4604      	mov	r4, r0
10005736:	460d      	mov	r5, r1
10005738:	4616      	mov	r6, r2
1000573a:	68c0      	ldr	r0, [r0, #12]
1000573c:	b118      	cbz	r0, 10005746 <tu_fifo_config+0x1c>
1000573e:	f04f 31ff 	mov.w	r1, #4294967295	@ 0xffffffff
10005742:	f000 fa0d 	bl	10005b60 <__mutex_enter_timeout_ms_veneer>
10005746:	6920      	ldr	r0, [r4, #16]
10005748:	b118      	cbz	r0, 10005752 <tu_fifo_config+0x28>
1000574a:	f04f 31ff 	mov.w	r1, #4294967295	@ 0xffffffff
1000574e:	f000 fa07 	bl	10005b60 <__mutex_enter_timeout_ms_veneer>
10005752:	6025      	str	r5, [r4, #0]
10005754:	80a6      	strh	r6, [r4, #4]
10005756:	88e3      	ldrh	r3, [r4, #6]
10005758:	f367 030e 	bfi	r3, r7, #0, #15
1000575c:	80e3      	strh	r3, [r4, #6]
1000575e:	79e3      	ldrb	r3, [r4, #7]
10005760:	f89d 2018 	ldrb.w	r2, [sp, #24]
10005764:	f362 13c7 	bfi	r3, r2, #7, #1
10005768:	71e3      	strb	r3, [r4, #7]
1000576a:	2300      	movs	r3, #0
1000576c:	8163      	strh	r3, [r4, #10]
1000576e:	8123      	strh	r3, [r4, #8]
10005770:	68e0      	ldr	r0, [r4, #12]
10005772:	b108      	cbz	r0, 10005778 <tu_fifo_config+0x4e>
10005774:	f000 f9d8 	bl	10005b28 <__mutex_exit_veneer>
10005778:	6920      	ldr	r0, [r4, #16]
1000577a:	b128      	cbz	r0, 10005788 <tu_fifo_config+0x5e>
1000577c:	f000 f9d4 	bl	10005b28 <__mutex_exit_veneer>
10005780:	2001      	movs	r0, #1
10005782:	bdf8      	pop	{r3, r4, r5, r6, r7, pc}
10005784:	2000      	movs	r0, #0
10005786:	e7fc      	b.n	10005782 <tu_fifo_config+0x58>
10005788:	2001      	movs	r0, #1
1000578a:	e7fa      	b.n	10005782 <tu_fifo_config+0x58>

1000578c <tu_fifo_count>:
1000578c:	4602      	mov	r2, r0
1000578e:	8880      	ldrh	r0, [r0, #4]
10005790:	8913      	ldrh	r3, [r2, #8]
10005792:	b29b      	uxth	r3, r3
10005794:	8952      	ldrh	r2, [r2, #10]
10005796:	b292      	uxth	r2, r2
10005798:	4293      	cmp	r3, r2
1000579a:	d305      	bcc.n	100057a8 <tu_fifo_count+0x1c>
1000579c:	1a9b      	subs	r3, r3, r2
1000579e:	b29b      	uxth	r3, r3
100057a0:	4298      	cmp	r0, r3
100057a2:	bf28      	it	cs
100057a4:	4618      	movcs	r0, r3
100057a6:	4770      	bx	lr
100057a8:	1a9b      	subs	r3, r3, r2
100057aa:	0042      	lsls	r2, r0, #1
100057ac:	fa12 f383 	uxtah	r3, r2, r3
100057b0:	b29b      	uxth	r3, r3
100057b2:	e7f5      	b.n	100057a0 <tu_fifo_count+0x14>

100057b4 <tu_fifo_empty>:
100057b4:	8902      	ldrh	r2, [r0, #8]
100057b6:	b292      	uxth	r2, r2
100057b8:	8943      	ldrh	r3, [r0, #10]
100057ba:	b29b      	uxth	r3, r3
100057bc:	429a      	cmp	r2, r3
100057be:	bf14      	ite	ne
100057c0:	2000      	movne	r0, #0
100057c2:	2001      	moveq	r0, #1
100057c4:	4770      	bx	lr

100057c6 <tu_fifo_full>:
100057c6:	8881      	ldrh	r1, [r0, #4]
100057c8:	8903      	ldrh	r3, [r0, #8]
100057ca:	b29b      	uxth	r3, r3
100057cc:	8942      	ldrh	r2, [r0, #10]
100057ce:	b292      	uxth	r2, r2
100057d0:	4293      	cmp	r3, r2
100057d2:	d306      	bcc.n	100057e2 <tu_fifo_full+0x1c>
100057d4:	1a9b      	subs	r3, r3, r2
100057d6:	b298      	uxth	r0, r3
100057d8:	4281      	cmp	r1, r0
100057da:	bf8c      	ite	hi
100057dc:	2000      	movhi	r0, #0
100057de:	2001      	movls	r0, #1
100057e0:	4770      	bx	lr
100057e2:	1a9b      	subs	r3, r3, r2
100057e4:	004a      	lsls	r2, r1, #1
100057e6:	fa12 f383 	uxtah	r3, r2, r3
100057ea:	b298      	uxth	r0, r3
100057ec:	e7f4      	b.n	100057d8 <tu_fifo_full+0x12>

100057ee <tu_fifo_remaining>:
100057ee:	8882      	ldrh	r2, [r0, #4]
100057f0:	8903      	ldrh	r3, [r0, #8]
100057f2:	b29b      	uxth	r3, r3
100057f4:	8941      	ldrh	r1, [r0, #10]
100057f6:	b289      	uxth	r1, r1
100057f8:	428b      	cmp	r3, r1
100057fa:	d306      	bcc.n	1000580a <tu_fifo_remaining+0x1c>
100057fc:	1a5b      	subs	r3, r3, r1
100057fe:	b29b      	uxth	r3, r3
10005800:	429a      	cmp	r2, r3
10005802:	d908      	bls.n	10005816 <tu_fifo_remaining+0x28>
10005804:	1ad0      	subs	r0, r2, r3
10005806:	b280      	uxth	r0, r0
10005808:	4770      	bx	lr
1000580a:	1a5b      	subs	r3, r3, r1
1000580c:	0051      	lsls	r1, r2, #1
1000580e:	fa11 f383 	uxtah	r3, r1, r3
10005812:	b29b      	uxth	r3, r3
10005814:	e7f4      	b.n	10005800 <tu_fifo_remaining+0x12>
10005816:	2000      	movs	r0, #0
10005818:	4770      	bx	lr

1000581a <tu_fifo_read>:
1000581a:	b538      	push	{r3, r4, r5, lr}
1000581c:	4604      	mov	r4, r0
1000581e:	460d      	mov	r5, r1
10005820:	6900      	ldr	r0, [r0, #16]
10005822:	b118      	cbz	r0, 1000582c <tu_fifo_read+0x12>
10005824:	f04f 31ff 	mov.w	r1, #4294967295	@ 0xffffffff
10005828:	f000 f99a 	bl	10005b60 <__mutex_enter_timeout_ms_veneer>
1000582c:	8922      	ldrh	r2, [r4, #8]
1000582e:	8963      	ldrh	r3, [r4, #10]
10005830:	b29b      	uxth	r3, r3
10005832:	b292      	uxth	r2, r2
10005834:	4629      	mov	r1, r5
10005836:	4620      	mov	r0, r4
10005838:	f7ff fe03 	bl	10005442 <_tu_fifo_peek>
1000583c:	4602      	mov	r2, r0
1000583e:	4605      	mov	r5, r0
10005840:	8961      	ldrh	r1, [r4, #10]
10005842:	b289      	uxth	r1, r1
10005844:	88a0      	ldrh	r0, [r4, #4]
10005846:	f7ff fdef 	bl	10005428 <advance_index>
1000584a:	8160      	strh	r0, [r4, #10]
1000584c:	6920      	ldr	r0, [r4, #16]
1000584e:	b108      	cbz	r0, 10005854 <tu_fifo_read+0x3a>
10005850:	f000 f96a 	bl	10005b28 <__mutex_exit_veneer>
10005854:	4628      	mov	r0, r5
10005856:	bd38      	pop	{r3, r4, r5, pc}

10005858 <tu_fifo_read_n>:
10005858:	b508      	push	{r3, lr}
1000585a:	2300      	movs	r3, #0
1000585c:	f7ff fe8e 	bl	1000557c <_tu_fifo_read_n>
10005860:	bd08      	pop	{r3, pc}

10005862 <tu_fifo_write>:
10005862:	b5f8      	push	{r3, r4, r5, r6, r7, lr}
10005864:	4604      	mov	r4, r0
10005866:	460f      	mov	r7, r1
10005868:	68c0      	ldr	r0, [r0, #12]
1000586a:	b118      	cbz	r0, 10005874 <tu_fifo_write+0x12>
1000586c:	f04f 31ff 	mov.w	r1, #4294967295	@ 0xffffffff
10005870:	f000 f976 	bl	10005b60 <__mutex_enter_timeout_ms_veneer>
10005874:	8923      	ldrh	r3, [r4, #8]
10005876:	b29b      	uxth	r3, r3
10005878:	461d      	mov	r5, r3
1000587a:	4620      	mov	r0, r4
1000587c:	f7ff ffa3 	bl	100057c6 <tu_fifo_full>
10005880:	b118      	cbz	r0, 1000588a <tu_fifo_write+0x28>
10005882:	79e3      	ldrb	r3, [r4, #7]
10005884:	09db      	lsrs	r3, r3, #7
10005886:	461e      	mov	r6, r3
10005888:	d017      	beq.n	100058ba <tu_fifo_write+0x58>
1000588a:	88a2      	ldrh	r2, [r4, #4]
1000588c:	462b      	mov	r3, r5
1000588e:	e001      	b.n	10005894 <tu_fifo_write+0x32>
10005890:	1a9b      	subs	r3, r3, r2
10005892:	b29b      	uxth	r3, r3
10005894:	429a      	cmp	r2, r3
10005896:	d9fb      	bls.n	10005890 <tu_fifo_write+0x2e>
10005898:	6820      	ldr	r0, [r4, #0]
1000589a:	88e2      	ldrh	r2, [r4, #6]
1000589c:	f3c2 020e 	ubfx	r2, r2, #0, #15
100058a0:	4639      	mov	r1, r7
100058a2:	fb02 0003 	mla	r0, r2, r3, r0
100058a6:	f000 f88f 	bl	100059c8 <memcpy>
100058aa:	2201      	movs	r2, #1
100058ac:	4629      	mov	r1, r5
100058ae:	88a0      	ldrh	r0, [r4, #4]
100058b0:	f7ff fdba 	bl	10005428 <advance_index>
100058b4:	8120      	strh	r0, [r4, #8]
100058b6:	2301      	movs	r3, #1
100058b8:	461e      	mov	r6, r3
100058ba:	68e0      	ldr	r0, [r4, #12]
100058bc:	b108      	cbz	r0, 100058c2 <tu_fifo_write+0x60>
100058be:	f000 f933 	bl	10005b28 <__mutex_exit_veneer>
100058c2:	4630      	mov	r0, r6
100058c4:	bdf8      	pop	{r3, r4, r5, r6, r7, pc}

100058c6 <tu_fifo_write_n>:
100058c6:	b508      	push	{r3, lr}
100058c8:	2300      	movs	r3, #0
100058ca:	f7ff feb2 	bl	10005632 <_tu_fifo_write_n>
100058ce:	bd08      	pop	{r3, pc}

100058d0 <tu_fifo_clear>:
100058d0:	b510      	push	{r4, lr}
100058d2:	4604      	mov	r4, r0
100058d4:	68c0      	ldr	r0, [r0, #12]
100058d6:	b118      	cbz	r0, 100058e0 <tu_fifo_clear+0x10>
100058d8:	f04f 31ff 	mov.w	r1, #4294967295	@ 0xffffffff
100058dc:	f000 f940 	bl	10005b60 <__mutex_enter_timeout_ms_veneer>
100058e0:	6920      	ldr	r0, [r4, #16]
100058e2:	b118      	cbz	r0, 100058ec <tu_fifo_clear+0x1c>
100058e4:	f04f 31ff 	mov.w	r1, #4294967295	@ 0xffffffff
100058e8:	f000 f93a 	bl	10005b60 <__mutex_enter_timeout_ms_veneer>
100058ec:	2300      	movs	r3, #0
100058ee:	8163      	strh	r3, [r4, #10]
100058f0:	8123      	strh	r3, [r4, #8]
100058f2:	68e0      	ldr	r0, [r4, #12]
100058f4:	b108      	cbz	r0, 100058fa <tu_fifo_clear+0x2a>
100058f6:	f000 f917 	bl	10005b28 <__mutex_exit_veneer>
100058fa:	6920      	ldr	r0, [r4, #16]
100058fc:	b108      	cbz	r0, 10005902 <tu_fifo_clear+0x32>
100058fe:	f000 f913 	bl	10005b28 <__mutex_exit_veneer>
10005902:	2001      	movs	r0, #1
10005904:	bd10      	pop	{r4, pc}

10005906 <tu_fifo_set_overwritable>:
10005906:	b538      	push	{r3, r4, r5, lr}
10005908:	4604      	mov	r4, r0
1000590a:	460d      	mov	r5, r1
1000590c:	68c0      	ldr	r0, [r0, #12]
1000590e:	b118      	cbz	r0, 10005918 <tu_fifo_set_overwritable+0x12>
10005910:	f04f 31ff 	mov.w	r1, #4294967295	@ 0xffffffff
10005914:	f000 f924 	bl	10005b60 <__mutex_enter_timeout_ms_veneer>
10005918:	6920      	ldr	r0, [r4, #16]
1000591a:	b118      	cbz	r0, 10005924 <tu_fifo_set_overwritable+0x1e>
1000591c:	f04f 31ff 	mov.w	r1, #4294967295	@ 0xffffffff
10005920:	f000 f91e 	bl	10005b60 <__mutex_enter_timeout_ms_veneer>
10005924:	79e3      	ldrb	r3, [r4, #7]
10005926:	f365 13c7 	bfi	r3, r5, #7, #1
1000592a:	71e3      	strb	r3, [r4, #7]
1000592c:	68e0      	ldr	r0, [r4, #12]
1000592e:	b108      	cbz	r0, 10005934 <tu_fifo_set_overwritable+0x2e>
10005930:	f000 f8fa 	bl	10005b28 <__mutex_exit_veneer>
10005934:	6920      	ldr	r0, [r4, #16]
10005936:	b108      	cbz	r0, 1000593c <tu_fifo_set_overwritable+0x36>
10005938:	f000 f8f6 	bl	10005b28 <__mutex_exit_veneer>
1000593c:	2001      	movs	r0, #1
1000593e:	bd38      	pop	{r3, r4, r5, pc}

10005940 <memset>:
10005940:	b530      	push	{r4, r5, lr}
10005942:	0784      	lsls	r4, r0, #30
10005944:	4686      	mov	lr, r0
10005946:	4603      	mov	r3, r0
10005948:	d006      	beq.n	10005958 <memset+0x18>
1000594a:	b3a2      	cbz	r2, 100059b6 <memset+0x76>
1000594c:	f803 1b01 	strb.w	r1, [r3], #1
10005950:	0798      	lsls	r0, r3, #30
10005952:	f102 32ff 	add.w	r2, r2, #4294967295	@ 0xffffffff
10005956:	d1f8      	bne.n	1000594a <memset+0xa>
10005958:	2a03      	cmp	r2, #3
1000595a:	d926      	bls.n	100059aa <memset+0x6a>
1000595c:	fa5f fc81 	uxtb.w	ip, r1
10005960:	2a0f      	cmp	r2, #15
10005962:	eb0c 2c0c 	add.w	ip, ip, ip, lsl #8
10005966:	eb0c 400c 	add.w	r0, ip, ip, lsl #16
1000596a:	d92a      	bls.n	100059c2 <memset+0x82>
1000596c:	f022 0c0f 	bic.w	ip, r2, #15
10005970:	449c      	add	ip, r3
10005972:	e9c3 0000 	strd	r0, r0, [r3]
10005976:	e9c3 0002 	strd	r0, r0, [r3, #8]
1000597a:	3310      	adds	r3, #16
1000597c:	4563      	cmp	r3, ip
1000597e:	d1f8      	bne.n	10005972 <memset+0x32>
10005980:	f012 0f0c 	tst.w	r2, #12
10005984:	f002 050f 	and.w	r5, r2, #15
10005988:	d017      	beq.n	100059ba <memset+0x7a>
1000598a:	ea4f 0c95 	mov.w	ip, r5, lsr #2
1000598e:	461a      	mov	r2, r3
10005990:	f10c 34ff 	add.w	r4, ip, #4294967295	@ 0xffffffff
10005994:	eb03 0c8c 	add.w	ip, r3, ip, lsl #2
10005998:	f842 0b04 	str.w	r0, [r2], #4
1000599c:	4562      	cmp	r2, ip
1000599e:	d1fb      	bne.n	10005998 <memset+0x58>
100059a0:	3304      	adds	r3, #4
100059a2:	f005 0203 	and.w	r2, r5, #3
100059a6:	eb03 0384 	add.w	r3, r3, r4, lsl #2
100059aa:	b122      	cbz	r2, 100059b6 <memset+0x76>
100059ac:	441a      	add	r2, r3
100059ae:	f803 1b01 	strb.w	r1, [r3], #1
100059b2:	429a      	cmp	r2, r3
100059b4:	d1fb      	bne.n	100059ae <memset+0x6e>
100059b6:	4670      	mov	r0, lr
100059b8:	bd30      	pop	{r4, r5, pc}
100059ba:	462a      	mov	r2, r5
100059bc:	2a00      	cmp	r2, #0
100059be:	d1f5      	bne.n	100059ac <memset+0x6c>
100059c0:	e7f9      	b.n	100059b6 <memset+0x76>
100059c2:	4615      	mov	r5, r2
100059c4:	e7e1      	b.n	1000598a <memset+0x4a>
100059c6:	bf00      	nop

100059c8 <memcpy>:
100059c8:	4684      	mov	ip, r0
100059ca:	ea41 0300 	orr.w	r3, r1, r0
100059ce:	f013 0303 	ands.w	r3, r3, #3
100059d2:	d149      	bne.n	10005a68 <memcpy+0xa0>
100059d4:	3a40      	subs	r2, #64	@ 0x40
100059d6:	d323      	bcc.n	10005a20 <memcpy+0x58>
100059d8:	680b      	ldr	r3, [r1, #0]
100059da:	6003      	str	r3, [r0, #0]
100059dc:	684b      	ldr	r3, [r1, #4]
100059de:	6043      	str	r3, [r0, #4]
100059e0:	688b      	ldr	r3, [r1, #8]
100059e2:	6083      	str	r3, [r0, #8]
100059e4:	68cb      	ldr	r3, [r1, #12]
100059e6:	60c3      	str	r3, [r0, #12]
100059e8:	690b      	ldr	r3, [r1, #16]
100059ea:	6103      	str	r3, [r0, #16]
100059ec:	694b      	ldr	r3, [r1, #20]
100059ee:	6143      	str	r3, [r0, #20]
100059f0:	698b      	ldr	r3, [r1, #24]
100059f2:	6183      	str	r3, [r0, #24]
100059f4:	69cb      	ldr	r3, [r1, #28]
100059f6:	61c3      	str	r3, [r0, #28]
100059f8:	6a0b      	ldr	r3, [r1, #32]
100059fa:	6203      	str	r3, [r0, #32]
100059fc:	6a4b      	ldr	r3, [r1, #36]	@ 0x24
100059fe:	6243      	str	r3, [r0, #36]	@ 0x24
10005a00:	6a8b      	ldr	r3, [r1, #40]	@ 0x28
10005a02:	6283      	str	r3, [r0, #40]	@ 0x28
10005a04:	6acb      	ldr	r3, [r1, #44]	@ 0x2c
10005a06:	62c3      	str	r3, [r0, #44]	@ 0x2c
10005a08:	6b0b      	ldr	r3, [r1, #48]	@ 0x30
10005a0a:	6303      	str	r3, [r0, #48]	@ 0x30
10005a0c:	6b4b      	ldr	r3, [r1, #52]	@ 0x34
10005a0e:	6343      	str	r3, [r0, #52]	@ 0x34
10005a10:	6b8b      	ldr	r3, [r1, #56]	@ 0x38
10005a12:	6383      	str	r3, [r0, #56]	@ 0x38
10005a14:	6bcb      	ldr	r3, [r1, #60]	@ 0x3c
10005a16:	63c3      	str	r3, [r0, #60]	@ 0x3c
10005a18:	3040      	adds	r0, #64	@ 0x40
10005a1a:	3140      	adds	r1, #64	@ 0x40
10005a1c:	3a40      	subs	r2, #64	@ 0x40
10005a1e:	d2db      	bcs.n	100059d8 <memcpy+0x10>
10005a20:	3230      	adds	r2, #48	@ 0x30
10005a22:	d30b      	bcc.n	10005a3c <memcpy+0x74>
10005a24:	680b      	ldr	r3, [r1, #0]
10005a26:	6003      	str	r3, [r0, #0]
10005a28:	684b      	ldr	r3, [r1, #4]
10005a2a:	6043      	str	r3, [r0, #4]
10005a2c:	688b      	ldr	r3, [r1, #8]
10005a2e:	6083      	str	r3, [r0, #8]
10005a30:	68cb      	ldr	r3, [r1, #12]
10005a32:	60c3      	str	r3, [r0, #12]
10005a34:	3010      	adds	r0, #16
10005a36:	3110      	adds	r1, #16
10005a38:	3a10      	subs	r2, #16
10005a3a:	d2f3      	bcs.n	10005a24 <memcpy+0x5c>
10005a3c:	320c      	adds	r2, #12
10005a3e:	d305      	bcc.n	10005a4c <memcpy+0x84>
10005a40:	f851 3b04 	ldr.w	r3, [r1], #4
10005a44:	f840 3b04 	str.w	r3, [r0], #4
10005a48:	3a04      	subs	r2, #4
10005a4a:	d2f9      	bcs.n	10005a40 <memcpy+0x78>
10005a4c:	3204      	adds	r2, #4
10005a4e:	d008      	beq.n	10005a62 <memcpy+0x9a>
10005a50:	07d2      	lsls	r2, r2, #31
10005a52:	bf1c      	itt	ne
10005a54:	f811 3b01 	ldrbne.w	r3, [r1], #1
10005a58:	f800 3b01 	strbne.w	r3, [r0], #1
10005a5c:	d301      	bcc.n	10005a62 <memcpy+0x9a>
10005a5e:	880b      	ldrh	r3, [r1, #0]
10005a60:	8003      	strh	r3, [r0, #0]
10005a62:	4660      	mov	r0, ip
10005a64:	4770      	bx	lr
10005a66:	bf00      	nop
10005a68:	2a08      	cmp	r2, #8
10005a6a:	d313      	bcc.n	10005a94 <memcpy+0xcc>
10005a6c:	078b      	lsls	r3, r1, #30
10005a6e:	d0b1      	beq.n	100059d4 <memcpy+0xc>
10005a70:	f010 0303 	ands.w	r3, r0, #3
10005a74:	d0ae      	beq.n	100059d4 <memcpy+0xc>
10005a76:	f1c3 0304 	rsb	r3, r3, #4
10005a7a:	1ad2      	subs	r2, r2, r3
10005a7c:	07db      	lsls	r3, r3, #31
10005a7e:	bf1c      	itt	ne
10005a80:	f811 3b01 	ldrbne.w	r3, [r1], #1
10005a84:	f800 3b01 	strbne.w	r3, [r0], #1
10005a88:	d3a4      	bcc.n	100059d4 <memcpy+0xc>
10005a8a:	f831 3b02 	ldrh.w	r3, [r1], #2
10005a8e:	f820 3b02 	strh.w	r3, [r0], #2
10005a92:	e79f      	b.n	100059d4 <memcpy+0xc>
10005a94:	3a04      	subs	r2, #4
10005a96:	d3d9      	bcc.n	10005a4c <memcpy+0x84>
10005a98:	3a01      	subs	r2, #1
10005a9a:	f811 3b01 	ldrb.w	r3, [r1], #1
10005a9e:	f800 3b01 	strb.w	r3, [r0], #1
10005aa2:	d2f9      	bcs.n	10005a98 <memcpy+0xd0>
10005aa4:	780b      	ldrb	r3, [r1, #0]
10005aa6:	7003      	strb	r3, [r0, #0]
10005aa8:	784b      	ldrb	r3, [r1, #1]
10005aaa:	7043      	strb	r3, [r0, #1]
10005aac:	788b      	ldrb	r3, [r1, #2]
10005aae:	7083      	strb	r3, [r0, #2]
10005ab0:	4660      	mov	r0, ip
10005ab2:	4770      	bx	lr

10005ab4 <strlen>:
10005ab4:	f020 0103 	bic.w	r1, r0, #3
10005ab8:	f010 0003 	ands.w	r0, r0, #3
10005abc:	f1c0 0000 	rsb	r0, r0, #0
10005ac0:	f851 3b04 	ldr.w	r3, [r1], #4
10005ac4:	f100 0c04 	add.w	ip, r0, #4
10005ac8:	ea4f 0ccc 	mov.w	ip, ip, lsl #3
10005acc:	f06f 0200 	mvn.w	r2, #0
10005ad0:	bf1c      	itt	ne
10005ad2:	fa22 f20c 	lsrne.w	r2, r2, ip
10005ad6:	4313      	orrne	r3, r2
10005ad8:	f04f 0c01 	mov.w	ip, #1
10005adc:	ea4c 2c0c 	orr.w	ip, ip, ip, lsl #8
10005ae0:	ea4c 4c0c 	orr.w	ip, ip, ip, lsl #16
10005ae4:	eba3 020c 	sub.w	r2, r3, ip
10005ae8:	ea22 0203 	bic.w	r2, r2, r3
10005aec:	ea12 12cc 	ands.w	r2, r2, ip, lsl #7
10005af0:	bf04      	itt	eq
10005af2:	f851 3b04 	ldreq.w	r3, [r1], #4
10005af6:	3004      	addeq	r0, #4
10005af8:	d0f4      	beq.n	10005ae4 <strlen+0x30>
10005afa:	f1c2 0100 	rsb	r1, r2, #0
10005afe:	ea02 0201 	and.w	r2, r2, r1
10005b02:	fab2 f282 	clz	r2, r2
10005b06:	f1c2 021f 	rsb	r2, r2, #31
10005b0a:	eb00 00d2 	add.w	r0, r0, r2, lsr #3
10005b0e:	4770      	bx	lr

10005b10 <__mutex_try_enter_block_until_veneer>:
10005b10:	f85f f000 	ldr.w	pc, [pc]	@ 10005b14 <__mutex_try_enter_block_until_veneer+0x4>
10005b14:	2000022d 	.word	0x2000022d

10005b18 <__e15_is_critical_frame_period_veneer>:
10005b18:	f85f f000 	ldr.w	pc, [pc]	@ 10005b1c <__e15_is_critical_frame_period_veneer+0x4>
10005b1c:	2000066d 	.word	0x2000066d

10005b20 <__e15_is_bulkin_ep_veneer>:
10005b20:	f85f f000 	ldr.w	pc, [pc]	@ 10005b24 <__e15_is_bulkin_ep_veneer+0x4>
10005b24:	20000641 	.word	0x20000641

10005b28 <__mutex_exit_veneer>:
10005b28:	f85f f000 	ldr.w	pc, [pc]	@ 10005b2c <__mutex_exit_veneer+0x4>
10005b2c:	200002b1 	.word	0x200002b1

10005b30 <___hw_endpoint_buffer_control_update32_veneer>:
10005b30:	f85f f000 	ldr.w	pc, [pc]	@ 10005b34 <___hw_endpoint_buffer_control_update32_veneer+0x4>
10005b34:	20000749 	.word	0x20000749

10005b38 <__hw_endpoint_reset_transfer_veneer>:
10005b38:	f85f f000 	ldr.w	pc, [pc]	@ 10005b3c <__hw_endpoint_reset_transfer_veneer+0x4>
10005b3c:	2000073b 	.word	0x2000073b

10005b40 <____aeabi_uldivmod_veneer>:
10005b40:	f85f f000 	ldr.w	pc, [pc]	@ 10005b44 <____aeabi_uldivmod_veneer+0x4>
10005b44:	20000a95 	.word	0x20000a95

10005b48 <__hw_endpoint_start_next_buffer_veneer>:
10005b48:	f85f f000 	ldr.w	pc, [pc]	@ 10005b4c <__hw_endpoint_start_next_buffer_veneer+0x4>
10005b4c:	20000795 	.word	0x20000795

10005b50 <__reset_non_control_endpoints_veneer>:
10005b50:	f85f f000 	ldr.w	pc, [pc]	@ 10005b54 <__reset_non_control_endpoints_veneer+0x4>
10005b54:	20000319 	.word	0x20000319

10005b58 <__mutex_try_enter_veneer>:
10005b58:	f85f f000 	ldr.w	pc, [pc]	@ 10005b5c <__mutex_try_enter_veneer+0x4>
10005b5c:	20000111 	.word	0x20000111

10005b60 <__mutex_enter_timeout_ms_veneer>:
10005b60:	f85f f000 	ldr.w	pc, [pc]	@ 10005b64 <__mutex_enter_timeout_ms_veneer+0x4>
10005b64:	2000025f 	.word	0x2000025f

10005b68 <__pre_init_runtime_init_bootrom_reset>:
10005b68:	100016ed                                ....

10005b6c <__pre_init_runtime_init_early_resets>:
10005b6c:	10001665                                e...

10005b70 <__pre_init_runtime_init_usb_power_down>:
10005b70:	10001691                                ....

10005b74 <__pre_init_runtime_init_clocks>:
10005b74:	10001789                                ....

10005b78 <__pre_init_runtime_init_post_clock_resets>:
10005b78:	100016cd                                ....

10005b7c <__pre_init_runtime_init_boot_locks_reset>:
10005b7c:	10001609                                ....

10005b80 <__pre_init_runtime_init_spin_locks_reset>:
10005b80:	10001711                                ....

10005b84 <__pre_init_runtime_init_bootrom_locking_enable>:
10005b84:	100015d5                                ....

10005b88 <__pre_init_runtime_init_mutex>:
10005b88:	1000097d                                }...

10005b8c <__pre_init_runtime_init_install_ram_vector_table>:
10005b8c:	10001719                                ....

10005b90 <__pre_init_runtime_init_default_alarm_pool>:
10005b90:	100011c9                                ....

10005b94 <__pre_init_first_per_core_initializer>:
10005b94:	10001651                                Q...

10005b98 <__pre_init_runtime_init_per_core_bootrom_reset>:
10005b98:	100016ff                                ....

10005b9c <__pre_init_runtime_init_per_core_enable_coprocessors>:
10005b9c:	100016b1                                ....

10005ba0 <__pre_init_spinlock_set_extexclall>:
10005ba0:	100003f5                                ....

10005ba4 <__pre_init_runtime_init_per_core_irq_priorities>:
10005ba4:	1000044d                                M...

10005ba8 <__init_array_start>:
10005ba8:	10003445 	.word	0x10003445

Disassembly of section .data:

20000110 <mutex_try_enter>:
20000110:	b500      	push	{lr}
20000112:	4603      	mov	r3, r0
20000114:	6800      	ldr	r0, [r0, #0]
20000116:	f3ef 8210 	mrs	r2, PRIMASK
2000011a:	b672      	cpsid	i
2000011c:	e8d0 efcf 	ldaexb	lr, [r0]
20000120:	f05f 0c01 	movs.w	ip, #1
20000124:	f1be 0f00 	cmp.w	lr, #0
20000128:	d1f8      	bne.n	2000011c <mutex_try_enter+0xc>
2000012a:	e8c0 cf4e 	strexb	lr, ip, [r0]
2000012e:	f1be 0f00 	cmp.w	lr, #0
20000132:	d1f3      	bne.n	2000011c <mutex_try_enter+0xc>
20000134:	f3bf 8f5f 	dmb	sy
20000138:	f993 0004 	ldrsb.w	r0, [r3, #4]
2000013c:	2800      	cmp	r0, #0
2000013e:	db09      	blt.n	20000154 <mutex_try_enter+0x44>
20000140:	b179      	cbz	r1, 20000162 <mutex_try_enter+0x52>
20000142:	6008      	str	r0, [r1, #0]
20000144:	2000      	movs	r0, #0
20000146:	6819      	ldr	r1, [r3, #0]
20000148:	2300      	movs	r3, #0
2000014a:	e8c1 3f8f 	stlb	r3, [r1]
2000014e:	f382 8810 	msr	PRIMASK, r2
20000152:	bd00      	pop	{pc}
20000154:	f04f 4150 	mov.w	r1, #3489660928	@ 0xd0000000
20000158:	f991 1000 	ldrsb.w	r1, [r1]
2000015c:	7119      	strb	r1, [r3, #4]
2000015e:	2001      	movs	r0, #1
20000160:	e7f1      	b.n	20000146 <mutex_try_enter+0x36>
20000162:	4608      	mov	r0, r1
20000164:	e7ef      	b.n	20000146 <mutex_try_enter+0x36>
	...

20000168 <mutex_enter_block_until>:
20000168:	b5f8      	push	{r3, r4, r5, r6, r7, lr}
2000016a:	461d      	mov	r5, r3
2000016c:	6803      	ldr	r3, [r0, #0]
2000016e:	b13b      	cbz	r3, 20000180 <mutex_enter_block_until+0x18>
20000170:	4604      	mov	r4, r0
20000172:	4616      	mov	r6, r2
20000174:	f04f 4350 	mov.w	r3, #3489660928	@ 0xd0000000
20000178:	f993 3000 	ldrsb.w	r3, [r3]
2000017c:	461f      	mov	r7, r3
2000017e:	e018      	b.n	200001b2 <mutex_enter_block_until+0x4a>
20000180:	4b25      	ldr	r3, [pc, #148]	@ (20000218 <mutex_enter_block_until+0xb0>)
20000182:	4a26      	ldr	r2, [pc, #152]	@ (2000021c <mutex_enter_block_until+0xb4>)
20000184:	21a8      	movs	r1, #168	@ 0xa8
20000186:	4826      	ldr	r0, [pc, #152]	@ (20000220 <mutex_enter_block_until+0xb8>)
20000188:	f000 fe4e 	bl	20000e28 <____assert_func_veneer>
2000018c:	7127      	strb	r7, [r4, #4]
2000018e:	6822      	ldr	r2, [r4, #0]
20000190:	2300      	movs	r3, #0
20000192:	e8c2 3f8f 	stlb	r3, [r2]
20000196:	f38c 8810 	msr	PRIMASK, ip
2000019a:	2001      	movs	r0, #1
2000019c:	bdf8      	pop	{r3, r4, r5, r6, r7, pc}
2000019e:	4630      	mov	r0, r6
200001a0:	4629      	mov	r1, r5
200001a2:	f000 fe3d 	bl	20000e20 <__best_effort_wfe_or_timeout_veneer>
200001a6:	e002      	b.n	200001ae <mutex_enter_block_until+0x46>
200001a8:	2000      	movs	r0, #0
200001aa:	e000      	b.n	200001ae <mutex_enter_block_until+0x46>
200001ac:	2000      	movs	r0, #0
200001ae:	2800      	cmp	r0, #0
200001b0:	d12f      	bne.n	20000212 <mutex_enter_block_until+0xaa>
200001b2:	6821      	ldr	r1, [r4, #0]
200001b4:	f3ef 8c10 	mrs	ip, PRIMASK
200001b8:	b672      	cpsid	i
200001ba:	e8d1 2fcf 	ldaexb	r2, [r1]
200001be:	2301      	movs	r3, #1
200001c0:	2a00      	cmp	r2, #0
200001c2:	d1fa      	bne.n	200001ba <mutex_enter_block_until+0x52>
200001c4:	e8c1 3f42 	strexb	r2, r3, [r1]
200001c8:	2a00      	cmp	r2, #0
200001ca:	d1f6      	bne.n	200001ba <mutex_enter_block_until+0x52>
200001cc:	f3bf 8f5f 	dmb	sy
200001d0:	f994 3004 	ldrsb.w	r3, [r4, #4]
200001d4:	2b00      	cmp	r3, #0
200001d6:	dbd9      	blt.n	2000018c <mutex_enter_block_until+0x24>
200001d8:	4b12      	ldr	r3, [pc, #72]	@ (20000224 <mutex_enter_block_until+0xbc>)
200001da:	f893 e000 	ldrb.w	lr, [r3]
200001de:	fa5f fe8e 	uxtb.w	lr, lr
200001e2:	6822      	ldr	r2, [r4, #0]
200001e4:	2100      	movs	r1, #0
200001e6:	e8c2 1f8f 	stlb	r1, [r2]
200001ea:	bf20      	wfe
200001ec:	f38c 8810 	msr	PRIMASK, ip
200001f0:	781b      	ldrb	r3, [r3, #0]
200001f2:	4573      	cmp	r3, lr
200001f4:	d0d3      	beq.n	2000019e <mutex_enter_block_until+0x36>
200001f6:	4b0c      	ldr	r3, [pc, #48]	@ (20000228 <mutex_enter_block_until+0xc0>)
200001f8:	6a5b      	ldr	r3, [r3, #36]	@ 0x24
200001fa:	429d      	cmp	r5, r3
200001fc:	d8d6      	bhi.n	200001ac <mutex_enter_block_until+0x44>
200001fe:	4a0a      	ldr	r2, [pc, #40]	@ (20000228 <mutex_enter_block_until+0xc0>)
20000200:	6a92      	ldr	r2, [r2, #40]	@ 0x28
20000202:	42b2      	cmp	r2, r6
20000204:	d203      	bcs.n	2000020e <mutex_enter_block_until+0xa6>
20000206:	429d      	cmp	r5, r3
20000208:	d0ce      	beq.n	200001a8 <mutex_enter_block_until+0x40>
2000020a:	2001      	movs	r0, #1
2000020c:	e7cf      	b.n	200001ae <mutex_enter_block_until+0x46>
2000020e:	2001      	movs	r0, #1
20000210:	e7cd      	b.n	200001ae <mutex_enter_block_until+0x46>
20000212:	2000      	movs	r0, #0
20000214:	e7c2      	b.n	2000019c <mutex_enter_block_until+0x34>
20000216:	bf00      	nop
20000218:	10005ec0 	.word	0x10005ec0
2000021c:	1000651c 	.word	0x1000651c
20000220:	10005e78 	.word	0x10005e78
20000224:	20001846 	.word	0x20001846
20000228:	400b0000 	.word	0x400b0000

2000022c <mutex_try_enter_block_until>:
2000022c:	b570      	push	{r4, r5, r6, lr}
2000022e:	b082      	sub	sp, #8
20000230:	4606      	mov	r6, r0
20000232:	4615      	mov	r5, r2
20000234:	461c      	mov	r4, r3
20000236:	a901      	add	r1, sp, #4
20000238:	f7ff ff6a 	bl	20000110 <mutex_try_enter>
2000023c:	b938      	cbnz	r0, 2000024e <mutex_try_enter_block_until+0x22>
2000023e:	f99d 2004 	ldrsb.w	r2, [sp, #4]
20000242:	f04f 4350 	mov.w	r3, #3489660928	@ 0xd0000000
20000246:	f993 3000 	ldrsb.w	r3, [r3]
2000024a:	429a      	cmp	r2, r3
2000024c:	d101      	bne.n	20000252 <mutex_try_enter_block_until+0x26>
2000024e:	b002      	add	sp, #8
20000250:	bd70      	pop	{r4, r5, r6, pc}
20000252:	462a      	mov	r2, r5
20000254:	4623      	mov	r3, r4
20000256:	4630      	mov	r0, r6
20000258:	f7ff ff86 	bl	20000168 <mutex_enter_block_until>
2000025c:	e7f7      	b.n	2000024e <mutex_try_enter_block_until+0x22>

2000025e <mutex_enter_timeout_ms>:
2000025e:	b538      	push	{r3, r4, r5, lr}
20000260:	4605      	mov	r5, r0
20000262:	460c      	mov	r4, r1
20000264:	f000 fdd4 	bl	20000e10 <__time_us_64_veneer>
20000268:	0ee3      	lsrs	r3, r4, #27
2000026a:	ea4f 1c44 	mov.w	ip, r4, lsl #5
2000026e:	ebbc 0c04 	subs.w	ip, ip, r4
20000272:	f163 0300 	sbc.w	r3, r3, #0
20000276:	009b      	lsls	r3, r3, #2
20000278:	ea43 739c 	orr.w	r3, r3, ip, lsr #30
2000027c:	ea4f 0c8c 	mov.w	ip, ip, lsl #2
20000280:	eb1c 0c04 	adds.w	ip, ip, r4
20000284:	f143 0300 	adc.w	r3, r3, #0
20000288:	00db      	lsls	r3, r3, #3
2000028a:	ea43 735c 	orr.w	r3, r3, ip, lsr #29
2000028e:	ea4f 0ccc 	mov.w	ip, ip, lsl #3
20000292:	eb10 020c 	adds.w	r2, r0, ip
20000296:	eb43 0301 	adc.w	r3, r3, r1
2000029a:	2b00      	cmp	r3, #0
2000029c:	db03      	blt.n	200002a6 <mutex_enter_timeout_ms+0x48>
2000029e:	4628      	mov	r0, r5
200002a0:	f7ff ff62 	bl	20000168 <mutex_enter_block_until>
200002a4:	bd38      	pop	{r3, r4, r5, pc}
200002a6:	f04f 32ff 	mov.w	r2, #4294967295	@ 0xffffffff
200002aa:	f06f 4300 	mvn.w	r3, #2147483648	@ 0x80000000
200002ae:	e7f6      	b.n	2000029e <mutex_enter_timeout_ms+0x40>

200002b0 <mutex_exit>:
200002b0:	b508      	push	{r3, lr}
200002b2:	6801      	ldr	r1, [r0, #0]
200002b4:	f3ef 8310 	mrs	r3, PRIMASK
200002b8:	b672      	cpsid	i
200002ba:	461a      	mov	r2, r3
200002bc:	e8d1 cfcf 	ldaexb	ip, [r1]
200002c0:	2301      	movs	r3, #1
200002c2:	f1bc 0f00 	cmp.w	ip, #0
200002c6:	d1f9      	bne.n	200002bc <mutex_exit+0xc>
200002c8:	e8c1 3f4c 	strexb	ip, r3, [r1]
200002cc:	f1bc 0f00 	cmp.w	ip, #0
200002d0:	d1f4      	bne.n	200002bc <mutex_exit+0xc>
200002d2:	f3bf 8f5f 	dmb	sy
200002d6:	f990 3004 	ldrsb.w	r3, [r0, #4]
200002da:	2b00      	cmp	r3, #0
200002dc:	db0e      	blt.n	200002fc <mutex_exit+0x4c>
200002de:	23ff      	movs	r3, #255	@ 0xff
200002e0:	7103      	strb	r3, [r0, #4]
200002e2:	4909      	ldr	r1, [pc, #36]	@ (20000308 <mutex_exit+0x58>)
200002e4:	780b      	ldrb	r3, [r1, #0]
200002e6:	3301      	adds	r3, #1
200002e8:	b2db      	uxtb	r3, r3
200002ea:	700b      	strb	r3, [r1, #0]
200002ec:	6801      	ldr	r1, [r0, #0]
200002ee:	2300      	movs	r3, #0
200002f0:	e8c1 3f8f 	stlb	r3, [r1]
200002f4:	f382 8810 	msr	PRIMASK, r2
200002f8:	bf40      	sev
200002fa:	bd08      	pop	{r3, pc}
200002fc:	4b03      	ldr	r3, [pc, #12]	@ (2000030c <mutex_exit+0x5c>)
200002fe:	4a04      	ldr	r2, [pc, #16]	@ (20000310 <mutex_exit+0x60>)
20000300:	21d9      	movs	r1, #217	@ 0xd9
20000302:	4804      	ldr	r0, [pc, #16]	@ (20000314 <mutex_exit+0x64>)
20000304:	f000 fd90 	bl	20000e28 <____assert_func_veneer>
20000308:	20001846 	.word	0x20001846
2000030c:	10005ed4 	.word	0x10005ed4
20000310:	10006510 	.word	0x10006510
20000314:	10005e78 	.word	0x10005e78

20000318 <reset_non_control_endpoints>:
20000318:	b508      	push	{r3, lr}
2000031a:	2300      	movs	r3, #0
2000031c:	e008      	b.n	20000330 <reset_non_control_endpoints+0x18>
2000031e:	4a0a      	ldr	r2, [pc, #40]	@ (20000348 <reset_non_control_endpoints+0x30>)
20000320:	3301      	adds	r3, #1
20000322:	2100      	movs	r1, #0
20000324:	f842 1033 	str.w	r1, [r2, r3, lsl #3]
20000328:	eb02 02c3 	add.w	r2, r2, r3, lsl #3
2000032c:	6051      	str	r1, [r2, #4]
2000032e:	b2db      	uxtb	r3, r3
20000330:	2b0e      	cmp	r3, #14
20000332:	d9f4      	bls.n	2000031e <reset_non_control_endpoints+0x6>
20000334:	f44f 7270 	mov.w	r2, #960	@ 0x3c0
20000338:	2100      	movs	r1, #0
2000033a:	4804      	ldr	r0, [pc, #16]	@ (2000034c <reset_non_control_endpoints+0x34>)
2000033c:	f000 fd84 	bl	20000e48 <__memset_veneer>
20000340:	4b03      	ldr	r3, [pc, #12]	@ (20000350 <reset_non_control_endpoints+0x38>)
20000342:	4a04      	ldr	r2, [pc, #16]	@ (20000354 <reset_non_control_endpoints+0x3c>)
20000344:	601a      	str	r2, [r3, #0]
20000346:	bd08      	pop	{r3, pc}
20000348:	50100000 	.word	0x50100000
2000034c:	20001430 	.word	0x20001430
20000350:	200017f4 	.word	0x200017f4
20000354:	50100180 	.word	0x50100180

20000358 <hw_handle_buff_status>:
20000358:	e92d 43f0 	stmdb	sp!, {r4, r5, r6, r7, r8, r9, lr}
2000035c:	b085      	sub	sp, #20
2000035e:	4b1f      	ldr	r3, [pc, #124]	@ (200003dc <hw_handle_buff_status+0x84>)
20000360:	6d9e      	ldr	r6, [r3, #88]	@ 0x58
20000362:	2400      	movs	r4, #0
20000364:	2501      	movs	r5, #1
20000366:	e004      	b.n	20000372 <hw_handle_buff_status+0x1a>
20000368:	ea26 0605 	bic.w	r6, r6, r5
2000036c:	006d      	lsls	r5, r5, #1
2000036e:	3401      	adds	r4, #1
20000370:	b2e4      	uxtb	r4, r4
20000372:	b386      	cbz	r6, 200003d6 <hw_handle_buff_status+0x7e>
20000374:	2c1f      	cmp	r4, #31
20000376:	d82e      	bhi.n	200003d6 <hw_handle_buff_status+0x7e>
20000378:	422e      	tst	r6, r5
2000037a:	d0f7      	beq.n	2000036c <hw_handle_buff_status+0x14>
2000037c:	4b18      	ldr	r3, [pc, #96]	@ (200003e0 <hw_handle_buff_status+0x88>)
2000037e:	659d      	str	r5, [r3, #88]	@ 0x58
20000380:	ea4f 0954 	mov.w	r9, r4, lsr #1
20000384:	f004 0701 	and.w	r7, r4, #1
20000388:	f087 0701 	eor.w	r7, r7, #1
2000038c:	f004 03fe 	and.w	r3, r4, #254	@ 0xfe
20000390:	443b      	add	r3, r7
20000392:	4a14      	ldr	r2, [pc, #80]	@ (200003e4 <hw_handle_buff_status+0x8c>)
20000394:	eb02 1843 	add.w	r8, r2, r3, lsl #5
20000398:	4640      	mov	r0, r8
2000039a:	f000 fa33 	bl	20000804 <hw_endpoint_xfer_continue>
2000039e:	2800      	cmp	r0, #0
200003a0:	d0e2      	beq.n	20000368 <hw_handle_buff_status+0x10>
200003a2:	eb07 0749 	add.w	r7, r7, r9, lsl #1
200003a6:	4b0f      	ldr	r3, [pc, #60]	@ (200003e4 <hw_handle_buff_status+0x8c>)
200003a8:	eb03 1347 	add.w	r3, r3, r7, lsl #5
200003ac:	7899      	ldrb	r1, [r3, #2]
200003ae:	8ada      	ldrh	r2, [r3, #22]
200003b0:	2300      	movs	r3, #0
200003b2:	f88d 3004 	strb.w	r3, [sp, #4]
200003b6:	2007      	movs	r0, #7
200003b8:	f88d 0005 	strb.w	r0, [sp, #5]
200003bc:	f88d 1008 	strb.w	r1, [sp, #8]
200003c0:	9203      	str	r2, [sp, #12]
200003c2:	f88d 3009 	strb.w	r3, [sp, #9]
200003c6:	2101      	movs	r1, #1
200003c8:	a801      	add	r0, sp, #4
200003ca:	f000 fa39 	bl	20000840 <dcd_event_handler>
200003ce:	4640      	mov	r0, r8
200003d0:	f000 f9b3 	bl	2000073a <hw_endpoint_reset_transfer>
200003d4:	e7c8      	b.n	20000368 <hw_handle_buff_status+0x10>
200003d6:	b005      	add	sp, #20
200003d8:	e8bd 83f0 	ldmia.w	sp!, {r4, r5, r6, r7, r8, r9, pc}
200003dc:	50110000 	.word	0x50110000
200003e0:	50113000 	.word	0x50113000
200003e4:	200013f0 	.word	0x200013f0

200003e8 <dcd_rp2040_irq>:
200003e8:	e92d 43f0 	stmdb	sp!, {r4, r5, r6, r7, r8, r9, lr}
200003ec:	b085      	sub	sp, #20
200003ee:	4b74      	ldr	r3, [pc, #464]	@ (200005c0 <dcd_rp2040_irq+0x1d8>)
200003f0:	f8d3 5098 	ldr.w	r5, [r3, #152]	@ 0x98
200003f4:	f415 3600 	ands.w	r6, r5, #131072	@ 0x20000
200003f8:	d047      	beq.n	2000048a <dcd_rp2040_irq+0xa2>
200003fa:	4b72      	ldr	r3, [pc, #456]	@ (200005c4 <dcd_rp2040_irq+0x1dc>)
200003fc:	6a9a      	ldr	r2, [r3, #40]	@ 0x28
200003fe:	4b72      	ldr	r3, [pc, #456]	@ (200005c8 <dcd_rp2040_irq+0x1e0>)
20000400:	601a      	str	r2, [r3, #0]
20000402:	2400      	movs	r4, #0
20000404:	4627      	mov	r7, r4
20000406:	e00a      	b.n	2000041e <dcd_rp2040_irq+0x36>
20000408:	4b70      	ldr	r3, [pc, #448]	@ (200005cc <dcd_rp2040_irq+0x1e4>)
2000040a:	eb03 1384 	add.w	r3, r3, r4, lsl #6
2000040e:	2200      	movs	r2, #0
20000410:	f883 203c 	strb.w	r2, [r3, #60]	@ 0x3c
20000414:	f000 f9be 	bl	20000794 <hw_endpoint_start_next_buffer>
20000418:	4637      	mov	r7, r6
2000041a:	3401      	adds	r4, #1
2000041c:	b2e4      	uxtb	r4, r4
2000041e:	2c0f      	cmp	r4, #15
20000420:	d819      	bhi.n	20000456 <dcd_rp2040_irq+0x6e>
20000422:	01a2      	lsls	r2, r4, #6
20000424:	f102 0020 	add.w	r0, r2, #32
20000428:	4b68      	ldr	r3, [pc, #416]	@ (200005cc <dcd_rp2040_irq+0x1e4>)
2000042a:	4418      	add	r0, r3
2000042c:	4413      	add	r3, r2
2000042e:	f893 303b 	ldrb.w	r3, [r3, #59]	@ 0x3b
20000432:	2b02      	cmp	r3, #2
20000434:	d1f1      	bne.n	2000041a <dcd_rp2040_irq+0x32>
20000436:	4b65      	ldr	r3, [pc, #404]	@ (200005cc <dcd_rp2040_irq+0x1e4>)
20000438:	eb03 1384 	add.w	r3, r3, r4, lsl #6
2000043c:	f893 603a 	ldrb.w	r6, [r3, #58]	@ 0x3a
20000440:	2e00      	cmp	r6, #0
20000442:	d0ea      	beq.n	2000041a <dcd_rp2040_irq+0x32>
20000444:	4b61      	ldr	r3, [pc, #388]	@ (200005cc <dcd_rp2040_irq+0x1e4>)
20000446:	eb03 1384 	add.w	r3, r3, r4, lsl #6
2000044a:	f893 303c 	ldrb.w	r3, [r3, #60]	@ 0x3c
2000044e:	2b00      	cmp	r3, #0
20000450:	d1da      	bne.n	20000408 <dcd_rp2040_irq+0x20>
20000452:	4637      	mov	r7, r6
20000454:	e7e1      	b.n	2000041a <dcd_rp2040_irq+0x32>
20000456:	b93f      	cbnz	r7, 20000468 <dcd_rp2040_irq+0x80>
20000458:	4b5d      	ldr	r3, [pc, #372]	@ (200005d0 <dcd_rp2040_irq+0x1e8>)
2000045a:	781b      	ldrb	r3, [r3, #0]
2000045c:	b923      	cbnz	r3, 20000468 <dcd_rp2040_irq+0x80>
2000045e:	4b5d      	ldr	r3, [pc, #372]	@ (200005d4 <dcd_rp2040_irq+0x1ec>)
20000460:	f44f 3200 	mov.w	r2, #131072	@ 0x20000
20000464:	f8c3 2090 	str.w	r2, [r3, #144]	@ 0x90
20000468:	4b55      	ldr	r3, [pc, #340]	@ (200005c0 <dcd_rp2040_irq+0x1d8>)
2000046a:	6c9b      	ldr	r3, [r3, #72]	@ 0x48
2000046c:	f3c3 030a 	ubfx	r3, r3, #0, #11
20000470:	2200      	movs	r2, #0
20000472:	f88d 2004 	strb.w	r2, [sp, #4]
20000476:	2203      	movs	r2, #3
20000478:	f88d 2005 	strb.w	r2, [sp, #5]
2000047c:	9302      	str	r3, [sp, #8]
2000047e:	2101      	movs	r1, #1
20000480:	a801      	add	r0, sp, #4
20000482:	f000 f9dd 	bl	20000840 <dcd_event_handler>
20000486:	f44f 3600 	mov.w	r6, #131072	@ 0x20000
2000048a:	f015 0f10 	tst.w	r5, #16
2000048e:	d106      	bne.n	2000049e <dcd_rp2040_irq+0xb6>
20000490:	f415 3f80 	tst.w	r5, #65536	@ 0x10000
20000494:	d049      	beq.n	2000052a <dcd_rp2040_irq+0x142>
20000496:	f446 3680 	orr.w	r6, r6, #65536	@ 0x10000
2000049a:	2400      	movs	r4, #0
2000049c:	e023      	b.n	200004e6 <dcd_rp2040_irq+0xfe>
2000049e:	f046 0610 	orr.w	r6, r6, #16
200004a2:	f7ff ff59 	bl	20000358 <hw_handle_buff_status>
200004a6:	e7f3      	b.n	20000490 <dcd_rp2040_irq+0xa8>
200004a8:	f04f 0802 	mov.w	r8, #2
200004ac:	4b4a      	ldr	r3, [pc, #296]	@ (200005d8 <dcd_rp2040_irq+0x1f0>)
200004ae:	f8c3 8060 	str.w	r8, [r3, #96]	@ 0x60
200004b2:	4b43      	ldr	r3, [pc, #268]	@ (200005c0 <dcd_rp2040_irq+0x1d8>)
200004b4:	6e5b      	ldr	r3, [r3, #100]	@ 0x64
200004b6:	ea38 0303 	bics.w	r3, r8, r3
200004ba:	d1fa      	bne.n	200004b2 <dcd_rp2040_irq+0xca>
200004bc:	f44f 5240 	mov.w	r2, #12288	@ 0x3000
200004c0:	2100      	movs	r1, #0
200004c2:	4638      	mov	r0, r7
200004c4:	f000 f940 	bl	20000748 <_hw_endpoint_buffer_control_update32>
200004c8:	4638      	mov	r0, r7
200004ca:	f000 f936 	bl	2000073a <hw_endpoint_reset_transfer>
200004ce:	4b41      	ldr	r3, [pc, #260]	@ (200005d4 <dcd_rp2040_irq+0x1ec>)
200004d0:	f8c3 8064 	str.w	r8, [r3, #100]	@ 0x64
200004d4:	f8c3 8060 	str.w	r8, [r3, #96]	@ 0x60
200004d8:	4b3c      	ldr	r3, [pc, #240]	@ (200005cc <dcd_rp2040_irq+0x1e4>)
200004da:	eb03 1349 	add.w	r3, r3, r9, lsl #5
200004de:	2201      	movs	r2, #1
200004e0:	70da      	strb	r2, [r3, #3]
200004e2:	4414      	add	r4, r2
200004e4:	b2e4      	uxtb	r4, r4
200004e6:	2c01      	cmp	r4, #1
200004e8:	d80b      	bhi.n	20000502 <dcd_rp2040_irq+0x11a>
200004ea:	46a1      	mov	r9, r4
200004ec:	4f37      	ldr	r7, [pc, #220]	@ (200005cc <dcd_rp2040_irq+0x1e4>)
200004ee:	eb07 1744 	add.w	r7, r7, r4, lsl #5
200004f2:	7ebb      	ldrb	r3, [r7, #26]
200004f4:	2b00      	cmp	r3, #0
200004f6:	d0ef      	beq.n	200004d8 <dcd_rp2040_irq+0xf0>
200004f8:	2c00      	cmp	r4, #0
200004fa:	d0d5      	beq.n	200004a8 <dcd_rp2040_irq+0xc0>
200004fc:	f04f 0801 	mov.w	r8, #1
20000500:	e7d4      	b.n	200004ac <dcd_rp2040_irq+0xc4>
20000502:	2300      	movs	r3, #0
20000504:	f88d 3004 	strb.w	r3, [sp, #4]
20000508:	2306      	movs	r3, #6
2000050a:	f88d 3005 	strb.w	r3, [sp, #5]
2000050e:	4b33      	ldr	r3, [pc, #204]	@ (200005dc <dcd_rp2040_irq+0x1f4>)
20000510:	e893 0003 	ldmia.w	r3, {r0, r1}
20000514:	ab04      	add	r3, sp, #16
20000516:	e903 0003 	stmdb	r3, {r0, r1}
2000051a:	2101      	movs	r1, #1
2000051c:	a801      	add	r0, sp, #4
2000051e:	f000 f98f 	bl	20000840 <dcd_event_handler>
20000522:	4b2c      	ldr	r3, [pc, #176]	@ (200005d4 <dcd_rp2040_irq+0x1ec>)
20000524:	f44f 3200 	mov.w	r2, #131072	@ 0x20000
20000528:	651a      	str	r2, [r3, #80]	@ 0x50
2000052a:	f415 5f80 	tst.w	r5, #4096	@ 0x1000
2000052e:	d10a      	bne.n	20000546 <dcd_rp2040_irq+0x15e>
20000530:	f415 4f80 	tst.w	r5, #16384	@ 0x4000
20000534:	d11d      	bne.n	20000572 <dcd_rp2040_irq+0x18a>
20000536:	f415 4f00 	tst.w	r5, #32768	@ 0x8000
2000053a:	d12b      	bne.n	20000594 <dcd_rp2040_irq+0x1ac>
2000053c:	42ae      	cmp	r6, r5
2000053e:	d13a      	bne.n	200005b6 <dcd_rp2040_irq+0x1ce>
20000540:	b005      	add	sp, #20
20000542:	e8bd 83f0 	ldmia.w	sp!, {r4, r5, r6, r7, r8, r9, pc}
20000546:	f446 5680 	orr.w	r6, r6, #4096	@ 0x1000
2000054a:	2400      	movs	r4, #0
2000054c:	4b1c      	ldr	r3, [pc, #112]	@ (200005c0 <dcd_rp2040_irq+0x1d8>)
2000054e:	601c      	str	r4, [r3, #0]
20000550:	f7ff fee2 	bl	20000318 <reset_non_control_endpoints>
20000554:	f88d 4004 	strb.w	r4, [sp, #4]
20000558:	2101      	movs	r1, #1
2000055a:	f88d 1005 	strb.w	r1, [sp, #5]
2000055e:	f88d 4008 	strb.w	r4, [sp, #8]
20000562:	a801      	add	r0, sp, #4
20000564:	f000 f96c 	bl	20000840 <dcd_event_handler>
20000568:	4b1a      	ldr	r3, [pc, #104]	@ (200005d4 <dcd_rp2040_irq+0x1ec>)
2000056a:	f44f 2200 	mov.w	r2, #524288	@ 0x80000
2000056e:	651a      	str	r2, [r3, #80]	@ 0x50
20000570:	e7de      	b.n	20000530 <dcd_rp2040_irq+0x148>
20000572:	f446 4680 	orr.w	r6, r6, #16384	@ 0x4000
20000576:	2300      	movs	r3, #0
20000578:	f88d 3004 	strb.w	r3, [sp, #4]
2000057c:	2304      	movs	r3, #4
2000057e:	f88d 3005 	strb.w	r3, [sp, #5]
20000582:	2101      	movs	r1, #1
20000584:	eb0d 0003 	add.w	r0, sp, r3
20000588:	f000 f95a 	bl	20000840 <dcd_event_handler>
2000058c:	4b11      	ldr	r3, [pc, #68]	@ (200005d4 <dcd_rp2040_irq+0x1ec>)
2000058e:	2210      	movs	r2, #16
20000590:	651a      	str	r2, [r3, #80]	@ 0x50
20000592:	e7d0      	b.n	20000536 <dcd_rp2040_irq+0x14e>
20000594:	f446 4600 	orr.w	r6, r6, #32768	@ 0x8000
20000598:	2300      	movs	r3, #0
2000059a:	f88d 3004 	strb.w	r3, [sp, #4]
2000059e:	2305      	movs	r3, #5
200005a0:	f88d 3005 	strb.w	r3, [sp, #5]
200005a4:	2101      	movs	r1, #1
200005a6:	a801      	add	r0, sp, #4
200005a8:	f000 f94a 	bl	20000840 <dcd_event_handler>
200005ac:	4b09      	ldr	r3, [pc, #36]	@ (200005d4 <dcd_rp2040_irq+0x1ec>)
200005ae:	f44f 6200 	mov.w	r2, #2048	@ 0x800
200005b2:	651a      	str	r2, [r3, #80]	@ 0x50
200005b4:	e7c2      	b.n	2000053c <dcd_rp2040_irq+0x154>
200005b6:	ea86 0105 	eor.w	r1, r6, r5
200005ba:	4809      	ldr	r0, [pc, #36]	@ (200005e0 <dcd_rp2040_irq+0x1f8>)
200005bc:	f000 fc38 	bl	20000e30 <__panic_veneer>
200005c0:	50110000 	.word	0x50110000
200005c4:	400b0000 	.word	0x400b0000
200005c8:	200013e8 	.word	0x200013e8
200005cc:	200013f0 	.word	0x200013f0
200005d0:	20001842 	.word	0x20001842
200005d4:	50113000 	.word	0x50113000
200005d8:	50112000 	.word	0x50112000
200005dc:	50100000 	.word	0x50100000
200005e0:	10006350 	.word	0x10006350

200005e4 <prepare_ep_buffer>:
200005e4:	b5f8      	push	{r3, r4, r5, r6, r7, lr}
200005e6:	4604      	mov	r4, r0
200005e8:	460f      	mov	r7, r1
200005ea:	8a83      	ldrh	r3, [r0, #20]
200005ec:	8b06      	ldrh	r6, [r0, #24]
200005ee:	429e      	cmp	r6, r3
200005f0:	bf28      	it	cs
200005f2:	461e      	movcs	r6, r3
200005f4:	1b9b      	subs	r3, r3, r6
200005f6:	8283      	strh	r3, [r0, #20]
200005f8:	f446 6280 	orr.w	r2, r6, #1024	@ 0x400
200005fc:	78c3      	ldrb	r3, [r0, #3]
200005fe:	b17b      	cbz	r3, 20000620 <prepare_ep_buffer+0x3c>
20000600:	f44f 5500 	mov.w	r5, #8192	@ 0x2000
20000604:	4315      	orrs	r5, r2
20000606:	f083 0301 	eor.w	r3, r3, #1
2000060a:	70e3      	strb	r3, [r4, #3]
2000060c:	7863      	ldrb	r3, [r4, #1]
2000060e:	b14b      	cbz	r3, 20000624 <prepare_ep_buffer+0x40>
20000610:	8aa3      	ldrh	r3, [r4, #20]
20000612:	b90b      	cbnz	r3, 20000618 <prepare_ep_buffer+0x34>
20000614:	f445 4580 	orr.w	r5, r5, #16384	@ 0x4000
20000618:	b107      	cbz	r7, 2000061c <prepare_ep_buffer+0x38>
2000061a:	042d      	lsls	r5, r5, #16
2000061c:	4628      	mov	r0, r5
2000061e:	bdf8      	pop	{r3, r4, r5, r6, r7, pc}
20000620:	461d      	mov	r5, r3
20000622:	e7ef      	b.n	20000604 <prepare_ep_buffer+0x20>
20000624:	68e0      	ldr	r0, [r4, #12]
20000626:	4632      	mov	r2, r6
20000628:	6921      	ldr	r1, [r4, #16]
2000062a:	eb00 1087 	add.w	r0, r0, r7, lsl #6
2000062e:	f000 fc07 	bl	20000e40 <__unaligned_memcpy_veneer>
20000632:	6923      	ldr	r3, [r4, #16]
20000634:	4433      	add	r3, r6
20000636:	6123      	str	r3, [r4, #16]
20000638:	f445 4500 	orr.w	r5, r5, #32768	@ 0x8000
2000063c:	e7e8      	b.n	20000610 <prepare_ep_buffer+0x2c>
	...

20000640 <e15_is_bulkin_ep>:
20000640:	4b09      	ldr	r3, [pc, #36]	@ (20000668 <e15_is_bulkin_ep+0x28>)
20000642:	6c1b      	ldr	r3, [r3, #64]	@ 0x40
20000644:	f013 0f02 	tst.w	r3, #2
20000648:	d10b      	bne.n	20000662 <e15_is_bulkin_ep+0x22>
2000064a:	7883      	ldrb	r3, [r0, #2]
2000064c:	09db      	lsrs	r3, r3, #7
2000064e:	d101      	bne.n	20000654 <e15_is_bulkin_ep+0x14>
20000650:	2000      	movs	r0, #0
20000652:	4770      	bx	lr
20000654:	7ec3      	ldrb	r3, [r0, #27]
20000656:	2b02      	cmp	r3, #2
20000658:	d001      	beq.n	2000065e <e15_is_bulkin_ep+0x1e>
2000065a:	2000      	movs	r0, #0
2000065c:	4770      	bx	lr
2000065e:	2001      	movs	r0, #1
20000660:	4770      	bx	lr
20000662:	2000      	movs	r0, #0
20000664:	4770      	bx	lr
20000666:	bf00      	nop
20000668:	50110000 	.word	0x50110000

2000066c <e15_is_critical_frame_period>:
2000066c:	b508      	push	{r3, lr}
2000066e:	f7ff ffe7 	bl	20000640 <e15_is_bulkin_ep>
20000672:	b140      	cbz	r0, 20000686 <e15_is_critical_frame_period+0x1a>
20000674:	4b05      	ldr	r3, [pc, #20]	@ (2000068c <e15_is_critical_frame_period+0x20>)
20000676:	6a9b      	ldr	r3, [r3, #40]	@ 0x28
20000678:	4a05      	ldr	r2, [pc, #20]	@ (20000690 <e15_is_critical_frame_period+0x24>)
2000067a:	6812      	ldr	r2, [r2, #0]
2000067c:	1a9b      	subs	r3, r3, r2
2000067e:	f5a3 7348 	sub.w	r3, r3, #800	@ 0x320
20000682:	2bc6      	cmp	r3, #198	@ 0xc6
20000684:	d800      	bhi.n	20000688 <e15_is_critical_frame_period+0x1c>
20000686:	bd08      	pop	{r3, pc}
20000688:	2000      	movs	r0, #0
2000068a:	e7fc      	b.n	20000686 <e15_is_critical_frame_period+0x1a>
2000068c:	400b0000 	.word	0x400b0000
20000690:	200013e8 	.word	0x200013e8

20000694 <sync_ep_buffer>:
20000694:	b538      	push	{r3, r4, r5, lr}
20000696:	4604      	mov	r4, r0
20000698:	6883      	ldr	r3, [r0, #8]
2000069a:	681b      	ldr	r3, [r3, #0]
2000069c:	4608      	mov	r0, r1
2000069e:	b101      	cbz	r1, 200006a2 <sync_ep_buffer+0xe>
200006a0:	0c1b      	lsrs	r3, r3, #16
200006a2:	f3c3 0509 	ubfx	r5, r3, #0, #10
200006a6:	7862      	ldrb	r2, [r4, #1]
200006a8:	b992      	cbnz	r2, 200006d0 <sync_ep_buffer+0x3c>
200006aa:	f413 4f00 	tst.w	r3, #32768	@ 0x8000
200006ae:	d109      	bne.n	200006c4 <sync_ep_buffer+0x30>
200006b0:	8ae3      	ldrh	r3, [r4, #22]
200006b2:	442b      	add	r3, r5
200006b4:	82e3      	strh	r3, [r4, #22]
200006b6:	8b23      	ldrh	r3, [r4, #24]
200006b8:	42ab      	cmp	r3, r5
200006ba:	d901      	bls.n	200006c0 <sync_ep_buffer+0x2c>
200006bc:	2300      	movs	r3, #0
200006be:	82a3      	strh	r3, [r4, #20]
200006c0:	4628      	mov	r0, r5
200006c2:	bd38      	pop	{r3, r4, r5, pc}
200006c4:	4b0e      	ldr	r3, [pc, #56]	@ (20000700 <sync_ep_buffer+0x6c>)
200006c6:	4a0f      	ldr	r2, [pc, #60]	@ (20000704 <sync_ep_buffer+0x70>)
200006c8:	21e8      	movs	r1, #232	@ 0xe8
200006ca:	480f      	ldr	r0, [pc, #60]	@ (20000708 <sync_ep_buffer+0x74>)
200006cc:	f000 fbac 	bl	20000e28 <____assert_func_veneer>
200006d0:	f413 4f00 	tst.w	r3, #32768	@ 0x8000
200006d4:	d00d      	beq.n	200006f2 <sync_ep_buffer+0x5e>
200006d6:	68e1      	ldr	r1, [r4, #12]
200006d8:	462a      	mov	r2, r5
200006da:	eb01 1180 	add.w	r1, r1, r0, lsl #6
200006de:	6920      	ldr	r0, [r4, #16]
200006e0:	f000 fbae 	bl	20000e40 <__unaligned_memcpy_veneer>
200006e4:	8ae3      	ldrh	r3, [r4, #22]
200006e6:	442b      	add	r3, r5
200006e8:	82e3      	strh	r3, [r4, #22]
200006ea:	6923      	ldr	r3, [r4, #16]
200006ec:	442b      	add	r3, r5
200006ee:	6123      	str	r3, [r4, #16]
200006f0:	e7e1      	b.n	200006b6 <sync_ep_buffer+0x22>
200006f2:	4b06      	ldr	r3, [pc, #24]	@ (2000070c <sync_ep_buffer+0x78>)
200006f4:	4a03      	ldr	r2, [pc, #12]	@ (20000704 <sync_ep_buffer+0x70>)
200006f6:	21ee      	movs	r1, #238	@ 0xee
200006f8:	4803      	ldr	r0, [pc, #12]	@ (20000708 <sync_ep_buffer+0x74>)
200006fa:	f000 fb95 	bl	20000e28 <____assert_func_veneer>
200006fe:	bf00      	nop
20000700:	10006370 	.word	0x10006370
20000704:	10006850 	.word	0x10006850
20000708:	10006390 	.word	0x10006390
2000070c:	100063ec 	.word	0x100063ec

20000710 <_hw_endpoint_xfer_sync>:
20000710:	b510      	push	{r4, lr}
20000712:	4604      	mov	r4, r0
20000714:	6883      	ldr	r3, [r0, #8]
20000716:	681b      	ldr	r3, [r3, #0]
20000718:	2100      	movs	r1, #0
2000071a:	f7ff ffbb 	bl	20000694 <sync_ep_buffer>
2000071e:	6863      	ldr	r3, [r4, #4]
20000720:	681b      	ldr	r3, [r3, #0]
20000722:	f013 4f80 	tst.w	r3, #1073741824	@ 0x40000000
20000726:	d002      	beq.n	2000072e <_hw_endpoint_xfer_sync+0x1e>
20000728:	8b23      	ldrh	r3, [r4, #24]
2000072a:	4283      	cmp	r3, r0
2000072c:	d000      	beq.n	20000730 <_hw_endpoint_xfer_sync+0x20>
2000072e:	bd10      	pop	{r4, pc}
20000730:	2101      	movs	r1, #1
20000732:	4620      	mov	r0, r4
20000734:	f7ff ffae 	bl	20000694 <sync_ep_buffer>
20000738:	e7f9      	b.n	2000072e <_hw_endpoint_xfer_sync+0x1e>

2000073a <hw_endpoint_reset_transfer>:
2000073a:	2300      	movs	r3, #0
2000073c:	7683      	strb	r3, [r0, #26]
2000073e:	8283      	strh	r3, [r0, #20]
20000740:	82c3      	strh	r3, [r0, #22]
20000742:	6103      	str	r3, [r0, #16]
20000744:	4770      	bx	lr
	...

20000748 <_hw_endpoint_buffer_control_update32>:
20000748:	b508      	push	{r3, lr}
2000074a:	460b      	mov	r3, r1
2000074c:	b111      	cbz	r1, 20000754 <_hw_endpoint_buffer_control_update32+0xc>
2000074e:	6881      	ldr	r1, [r0, #8]
20000750:	6809      	ldr	r1, [r1, #0]
20000752:	400b      	ands	r3, r1
20000754:	b19a      	cbz	r2, 2000077e <_hw_endpoint_buffer_control_update32+0x36>
20000756:	4313      	orrs	r3, r2
20000758:	f412 6f80 	tst.w	r2, #1024	@ 0x400
2000075c:	d00f      	beq.n	2000077e <_hw_endpoint_buffer_control_update32+0x36>
2000075e:	6882      	ldr	r2, [r0, #8]
20000760:	6811      	ldr	r1, [r2, #0]
20000762:	f411 6f80 	tst.w	r1, #1024	@ 0x400
20000766:	d10d      	bne.n	20000784 <_hw_endpoint_buffer_control_update32+0x3c>
20000768:	f423 6180 	bic.w	r1, r3, #1024	@ 0x400
2000076c:	6011      	str	r1, [r2, #0]
2000076e:	4a07      	ldr	r2, [pc, #28]	@ (2000078c <_hw_endpoint_buffer_control_update32+0x44>)
20000770:	6c12      	ldr	r2, [r2, #64]	@ 0x40
20000772:	f012 0f02 	tst.w	r2, #2
20000776:	d102      	bne.n	2000077e <_hw_endpoint_buffer_control_update32+0x36>
20000778:	220c      	movs	r2, #12
2000077a:	3a03      	subs	r2, #3
2000077c:	d2fd      	bcs.n	2000077a <_hw_endpoint_buffer_control_update32+0x32>
2000077e:	6882      	ldr	r2, [r0, #8]
20000780:	6013      	str	r3, [r2, #0]
20000782:	bd08      	pop	{r3, pc}
20000784:	7881      	ldrb	r1, [r0, #2]
20000786:	4802      	ldr	r0, [pc, #8]	@ (20000790 <_hw_endpoint_buffer_control_update32+0x48>)
20000788:	f000 fb52 	bl	20000e30 <__panic_veneer>
2000078c:	50110000 	.word	0x50110000
20000790:	1000640c 	.word	0x1000640c

20000794 <hw_endpoint_start_next_buffer>:
20000794:	b570      	push	{r4, r5, r6, lr}
20000796:	4604      	mov	r4, r0
20000798:	6843      	ldr	r3, [r0, #4]
2000079a:	681d      	ldr	r5, [r3, #0]
2000079c:	2100      	movs	r1, #0
2000079e:	f7ff ff21 	bl	200005e4 <prepare_ep_buffer>
200007a2:	f440 5680 	orr.w	r6, r0, #4096	@ 0x1000
200007a6:	4b16      	ldr	r3, [pc, #88]	@ (20000800 <hw_endpoint_start_next_buffer+0x6c>)
200007a8:	6c1b      	ldr	r3, [r3, #64]	@ 0x40
200007aa:	f013 0f02 	tst.w	r3, #2
200007ae:	d013      	beq.n	200007d8 <hw_endpoint_start_next_buffer+0x44>
200007b0:	78a3      	ldrb	r3, [r4, #2]
200007b2:	f013 0f7f 	tst.w	r3, #127	@ 0x7f
200007b6:	d114      	bne.n	200007e2 <hw_endpoint_start_next_buffer+0x4e>
200007b8:	2300      	movs	r3, #0
200007ba:	8aa2      	ldrh	r2, [r4, #20]
200007bc:	b102      	cbz	r2, 200007c0 <hw_endpoint_start_next_buffer+0x2c>
200007be:	b1a3      	cbz	r3, 200007ea <hw_endpoint_start_next_buffer+0x56>
200007c0:	f025 45a0 	bic.w	r5, r5, #1342177280	@ 0x50000000
200007c4:	f045 5500 	orr.w	r5, r5, #536870912	@ 0x20000000
200007c8:	6863      	ldr	r3, [r4, #4]
200007ca:	601d      	str	r5, [r3, #0]
200007cc:	4632      	mov	r2, r6
200007ce:	2100      	movs	r1, #0
200007d0:	4620      	mov	r0, r4
200007d2:	f7ff ffb9 	bl	20000748 <_hw_endpoint_buffer_control_update32>
200007d6:	bd70      	pop	{r4, r5, r6, pc}
200007d8:	78a3      	ldrb	r3, [r4, #2]
200007da:	09db      	lsrs	r3, r3, #7
200007dc:	d103      	bne.n	200007e6 <hw_endpoint_start_next_buffer+0x52>
200007de:	2301      	movs	r3, #1
200007e0:	e7eb      	b.n	200007ba <hw_endpoint_start_next_buffer+0x26>
200007e2:	2301      	movs	r3, #1
200007e4:	e7e9      	b.n	200007ba <hw_endpoint_start_next_buffer+0x26>
200007e6:	2300      	movs	r3, #0
200007e8:	e7e7      	b.n	200007ba <hw_endpoint_start_next_buffer+0x26>
200007ea:	2101      	movs	r1, #1
200007ec:	4620      	mov	r0, r4
200007ee:	f7ff fef9 	bl	200005e4 <prepare_ep_buffer>
200007f2:	4306      	orrs	r6, r0
200007f4:	f025 5500 	bic.w	r5, r5, #536870912	@ 0x20000000
200007f8:	f045 45a0 	orr.w	r5, r5, #1342177280	@ 0x50000000
200007fc:	e7e4      	b.n	200007c8 <hw_endpoint_start_next_buffer+0x34>
200007fe:	bf00      	nop
20000800:	50110000 	.word	0x50110000

20000804 <hw_endpoint_xfer_continue>:
20000804:	b538      	push	{r3, r4, r5, lr}
20000806:	4604      	mov	r4, r0
20000808:	7e85      	ldrb	r5, [r0, #26]
2000080a:	b12d      	cbz	r5, 20000818 <hw_endpoint_xfer_continue+0x14>
2000080c:	f7ff ff80 	bl	20000710 <_hw_endpoint_xfer_sync>
20000810:	8aa3      	ldrh	r3, [r4, #20]
20000812:	b92b      	cbnz	r3, 20000820 <hw_endpoint_xfer_continue+0x1c>
20000814:	4628      	mov	r0, r5
20000816:	bd38      	pop	{r3, r4, r5, pc}
20000818:	7881      	ldrb	r1, [r0, #2]
2000081a:	4808      	ldr	r0, [pc, #32]	@ (2000083c <hw_endpoint_xfer_continue+0x38>)
2000081c:	f000 fb08 	bl	20000e30 <__panic_veneer>
20000820:	4620      	mov	r0, r4
20000822:	f7ff ff23 	bl	2000066c <e15_is_critical_frame_period>
20000826:	4605      	mov	r5, r0
20000828:	b118      	cbz	r0, 20000832 <hw_endpoint_xfer_continue+0x2e>
2000082a:	2301      	movs	r3, #1
2000082c:	7723      	strb	r3, [r4, #28]
2000082e:	2500      	movs	r5, #0
20000830:	e7f0      	b.n	20000814 <hw_endpoint_xfer_continue+0x10>
20000832:	4620      	mov	r0, r4
20000834:	f7ff ffae 	bl	20000794 <hw_endpoint_start_next_buffer>
20000838:	e7ec      	b.n	20000814 <hw_endpoint_xfer_continue+0x10>
2000083a:	bf00      	nop
2000083c:	1000642c 	.word	0x1000642c

20000840 <dcd_event_handler>:
20000840:	b5f0      	push	{r4, r5, r6, r7, lr}
20000842:	b085      	sub	sp, #20
20000844:	4605      	mov	r5, r0
20000846:	460f      	mov	r7, r1
20000848:	7843      	ldrb	r3, [r0, #1]
2000084a:	2b04      	cmp	r3, #4
2000084c:	d046      	beq.n	200008dc <dcd_event_handler+0x9c>
2000084e:	d909      	bls.n	20000864 <dcd_event_handler+0x24>
20000850:	2b05      	cmp	r3, #5
20000852:	d04e      	beq.n	200008f2 <dcd_event_handler+0xb2>
20000854:	2b06      	cmp	r3, #6
20000856:	d11a      	bne.n	2000088e <dcd_event_handler+0x4e>
20000858:	4a86      	ldr	r2, [pc, #536]	@ (20000a74 <dcd_event_handler+0x234>)
2000085a:	7813      	ldrb	r3, [r2, #0]
2000085c:	3301      	adds	r3, #1
2000085e:	b2db      	uxtb	r3, r3
20000860:	7013      	strb	r3, [r2, #0]
20000862:	e014      	b.n	2000088e <dcd_event_handler+0x4e>
20000864:	2b02      	cmp	r3, #2
20000866:	d003      	beq.n	20000870 <dcd_event_handler+0x30>
20000868:	2b03      	cmp	r3, #3
2000086a:	d110      	bne.n	2000088e <dcd_event_handler+0x4e>
2000086c:	2400      	movs	r4, #0
2000086e:	e056      	b.n	2000091e <dcd_event_handler+0xde>
20000870:	4b81      	ldr	r3, [pc, #516]	@ (20000a78 <dcd_event_handler+0x238>)
20000872:	781a      	ldrb	r2, [r3, #0]
20000874:	f022 0201 	bic.w	r2, r2, #1
20000878:	701a      	strb	r2, [r3, #0]
2000087a:	781a      	ldrb	r2, [r3, #0]
2000087c:	f022 0202 	bic.w	r2, r2, #2
20000880:	701a      	strb	r2, [r3, #0]
20000882:	2200      	movs	r2, #0
20000884:	705a      	strb	r2, [r3, #1]
20000886:	781a      	ldrb	r2, [r3, #0]
20000888:	f022 0204 	bic.w	r2, r2, #4
2000088c:	701a      	strb	r2, [r3, #0]
2000088e:	4b7b      	ldr	r3, [pc, #492]	@ (20000a7c <dcd_event_handler+0x23c>)
20000890:	681c      	ldr	r4, [r3, #0]
20000892:	6963      	ldr	r3, [r4, #20]
20000894:	f3ef 8210 	mrs	r2, PRIMASK
20000898:	b672      	cpsid	i
2000089a:	e8d3 0fcf 	ldaexb	r0, [r3]
2000089e:	2101      	movs	r1, #1
200008a0:	2800      	cmp	r0, #0
200008a2:	d1fa      	bne.n	2000089a <dcd_event_handler+0x5a>
200008a4:	e8c3 1f40 	strexb	r0, r1, [r3]
200008a8:	2800      	cmp	r0, #0
200008aa:	d1f6      	bne.n	2000089a <dcd_event_handler+0x5a>
200008ac:	f3bf 8f5f 	dmb	sy
200008b0:	61a2      	str	r2, [r4, #24]
200008b2:	4629      	mov	r1, r5
200008b4:	4620      	mov	r0, r4
200008b6:	f000 fabf 	bl	20000e38 <__tu_fifo_write_veneer>
200008ba:	6961      	ldr	r1, [r4, #20]
200008bc:	69a3      	ldr	r3, [r4, #24]
200008be:	2200      	movs	r2, #0
200008c0:	e8c1 2f8f 	stlb	r2, [r1]
200008c4:	f383 8810 	msr	PRIMASK, r3
200008c8:	2800      	cmp	r0, #0
200008ca:	f000 80c2 	beq.w	20000a52 <dcd_event_handler+0x212>
200008ce:	463a      	mov	r2, r7
200008d0:	7869      	ldrb	r1, [r5, #1]
200008d2:	7828      	ldrb	r0, [r5, #0]
200008d4:	f000 faa0 	bl	20000e18 <__tud_event_hook_cb_veneer>
200008d8:	b005      	add	sp, #20
200008da:	bdf0      	pop	{r4, r5, r6, r7, pc}
200008dc:	4b66      	ldr	r3, [pc, #408]	@ (20000a78 <dcd_event_handler+0x238>)
200008de:	781b      	ldrb	r3, [r3, #0]
200008e0:	f013 0f01 	tst.w	r3, #1
200008e4:	d0f8      	beq.n	200008d8 <dcd_event_handler+0x98>
200008e6:	4a64      	ldr	r2, [pc, #400]	@ (20000a78 <dcd_event_handler+0x238>)
200008e8:	7813      	ldrb	r3, [r2, #0]
200008ea:	f043 0304 	orr.w	r3, r3, #4
200008ee:	7013      	strb	r3, [r2, #0]
200008f0:	e7cd      	b.n	2000088e <dcd_event_handler+0x4e>
200008f2:	4b61      	ldr	r3, [pc, #388]	@ (20000a78 <dcd_event_handler+0x238>)
200008f4:	781b      	ldrb	r3, [r3, #0]
200008f6:	f013 0f01 	tst.w	r3, #1
200008fa:	d0ed      	beq.n	200008d8 <dcd_event_handler+0x98>
200008fc:	4a5e      	ldr	r2, [pc, #376]	@ (20000a78 <dcd_event_handler+0x238>)
200008fe:	7813      	ldrb	r3, [r2, #0]
20000900:	f023 0304 	bic.w	r3, r3, #4
20000904:	7013      	strb	r3, [r2, #0]
20000906:	e7c2      	b.n	2000088e <dcd_event_handler+0x4e>
20000908:	1ae3      	subs	r3, r4, r3
2000090a:	485d      	ldr	r0, [pc, #372]	@ (20000a80 <dcd_event_handler+0x240>)
2000090c:	eb00 1343 	add.w	r3, r0, r3, lsl #5
20000910:	69db      	ldr	r3, [r3, #28]
20000912:	b113      	cbz	r3, 2000091a <dcd_event_handler+0xda>
20000914:	6869      	ldr	r1, [r5, #4]
20000916:	7828      	ldrb	r0, [r5, #0]
20000918:	4798      	blx	r3
2000091a:	3401      	adds	r4, #1
2000091c:	b2e4      	uxtb	r4, r4
2000091e:	4b59      	ldr	r3, [pc, #356]	@ (20000a84 <dcd_event_handler+0x244>)
20000920:	781b      	ldrb	r3, [r3, #0]
20000922:	42a3      	cmp	r3, r4
20000924:	d307      	bcc.n	20000936 <dcd_event_handler+0xf6>
20000926:	42a3      	cmp	r3, r4
20000928:	d9ee      	bls.n	20000908 <dcd_event_handler+0xc8>
2000092a:	4b57      	ldr	r3, [pc, #348]	@ (20000a88 <dcd_event_handler+0x248>)
2000092c:	681b      	ldr	r3, [r3, #0]
2000092e:	eb13 1344 	adds.w	r3, r3, r4, lsl #5
20000932:	d1ed      	bne.n	20000910 <dcd_event_handler+0xd0>
20000934:	e7f1      	b.n	2000091a <dcd_event_handler+0xda>
20000936:	4b50      	ldr	r3, [pc, #320]	@ (20000a78 <dcd_event_handler+0x238>)
20000938:	781b      	ldrb	r3, [r3, #0]
2000093a:	f013 0f04 	tst.w	r3, #4
2000093e:	d133      	bne.n	200009a8 <dcd_event_handler+0x168>
20000940:	4b4d      	ldr	r3, [pc, #308]	@ (20000a78 <dcd_event_handler+0x238>)
20000942:	78db      	ldrb	r3, [r3, #3]
20000944:	f013 0f01 	tst.w	r3, #1
20000948:	d0c6      	beq.n	200008d8 <dcd_event_handler+0x98>
2000094a:	782b      	ldrb	r3, [r5, #0]
2000094c:	f88d 3004 	strb.w	r3, [sp, #4]
20000950:	2303      	movs	r3, #3
20000952:	f88d 3005 	strb.w	r3, [sp, #5]
20000956:	686b      	ldr	r3, [r5, #4]
20000958:	9302      	str	r3, [sp, #8]
2000095a:	4b48      	ldr	r3, [pc, #288]	@ (20000a7c <dcd_event_handler+0x23c>)
2000095c:	681c      	ldr	r4, [r3, #0]
2000095e:	6963      	ldr	r3, [r4, #20]
20000960:	f3ef 8210 	mrs	r2, PRIMASK
20000964:	b672      	cpsid	i
20000966:	e8d3 0fcf 	ldaexb	r0, [r3]
2000096a:	2101      	movs	r1, #1
2000096c:	2800      	cmp	r0, #0
2000096e:	d1fa      	bne.n	20000966 <dcd_event_handler+0x126>
20000970:	e8c3 1f40 	strexb	r0, r1, [r3]
20000974:	2800      	cmp	r0, #0
20000976:	d1f6      	bne.n	20000966 <dcd_event_handler+0x126>
20000978:	f3bf 8f5f 	dmb	sy
2000097c:	61a2      	str	r2, [r4, #24]
2000097e:	a901      	add	r1, sp, #4
20000980:	4620      	mov	r0, r4
20000982:	f000 fa59 	bl	20000e38 <__tu_fifo_write_veneer>
20000986:	6961      	ldr	r1, [r4, #20]
20000988:	69a3      	ldr	r3, [r4, #24]
2000098a:	2200      	movs	r2, #0
2000098c:	e8c1 2f8f 	stlb	r2, [r1]
20000990:	f383 8810 	msr	PRIMASK, r3
20000994:	2800      	cmp	r0, #0
20000996:	d04c      	beq.n	20000a32 <dcd_event_handler+0x1f2>
20000998:	463a      	mov	r2, r7
2000099a:	f89d 1005 	ldrb.w	r1, [sp, #5]
2000099e:	f89d 0004 	ldrb.w	r0, [sp, #4]
200009a2:	f000 fa39 	bl	20000e18 <__tud_event_hook_cb_veneer>
200009a6:	e797      	b.n	200008d8 <dcd_event_handler+0x98>
200009a8:	4a33      	ldr	r2, [pc, #204]	@ (20000a78 <dcd_event_handler+0x238>)
200009aa:	7813      	ldrb	r3, [r2, #0]
200009ac:	f023 0304 	bic.w	r3, r3, #4
200009b0:	7013      	strb	r3, [r2, #0]
200009b2:	a901      	add	r1, sp, #4
200009b4:	2600      	movs	r6, #0
200009b6:	9601      	str	r6, [sp, #4]
200009b8:	604e      	str	r6, [r1, #4]
200009ba:	608e      	str	r6, [r1, #8]
200009bc:	782b      	ldrb	r3, [r5, #0]
200009be:	f88d 3004 	strb.w	r3, [sp, #4]
200009c2:	2305      	movs	r3, #5
200009c4:	f88d 3005 	strb.w	r3, [sp, #5]
200009c8:	4b2c      	ldr	r3, [pc, #176]	@ (20000a7c <dcd_event_handler+0x23c>)
200009ca:	681c      	ldr	r4, [r3, #0]
200009cc:	6963      	ldr	r3, [r4, #20]
200009ce:	f3ef 8210 	mrs	r2, PRIMASK
200009d2:	b672      	cpsid	i
200009d4:	e8d3 cfcf 	ldaexb	ip, [r3]
200009d8:	2001      	movs	r0, #1
200009da:	f1bc 0f00 	cmp.w	ip, #0
200009de:	d1f9      	bne.n	200009d4 <dcd_event_handler+0x194>
200009e0:	e8c3 0f4c 	strexb	ip, r0, [r3]
200009e4:	f1bc 0f00 	cmp.w	ip, #0
200009e8:	d1f4      	bne.n	200009d4 <dcd_event_handler+0x194>
200009ea:	f3bf 8f5f 	dmb	sy
200009ee:	61a2      	str	r2, [r4, #24]
200009f0:	4620      	mov	r0, r4
200009f2:	f000 fa21 	bl	20000e38 <__tu_fifo_write_veneer>
200009f6:	6962      	ldr	r2, [r4, #20]
200009f8:	69a3      	ldr	r3, [r4, #24]
200009fa:	e8c2 6f8f 	stlb	r6, [r2]
200009fe:	f383 8810 	msr	PRIMASK, r3
20000a02:	b138      	cbz	r0, 20000a14 <dcd_event_handler+0x1d4>
20000a04:	463a      	mov	r2, r7
20000a06:	f89d 1005 	ldrb.w	r1, [sp, #5]
20000a0a:	f89d 0004 	ldrb.w	r0, [sp, #4]
20000a0e:	f000 fa03 	bl	20000e18 <__tud_event_hook_cb_veneer>
20000a12:	e795      	b.n	20000940 <dcd_event_handler+0x100>
20000a14:	f240 1265 	movw	r2, #357	@ 0x165
20000a18:	491c      	ldr	r1, [pc, #112]	@ (20000a8c <dcd_event_handler+0x24c>)
20000a1a:	481d      	ldr	r0, [pc, #116]	@ (20000a90 <dcd_event_handler+0x250>)
20000a1c:	f000 f9f4 	bl	20000e08 <____wrap_printf_veneer>
20000a20:	f04f 23e0 	mov.w	r3, #3758153728	@ 0xe000e000
20000a24:	f8d3 3df0 	ldr.w	r3, [r3, #3568]	@ 0xdf0
20000a28:	f013 0f01 	tst.w	r3, #1
20000a2c:	d088      	beq.n	20000940 <dcd_event_handler+0x100>
20000a2e:	be00      	bkpt	0x0000
20000a30:	e786      	b.n	20000940 <dcd_event_handler+0x100>
20000a32:	f240 1265 	movw	r2, #357	@ 0x165
20000a36:	4915      	ldr	r1, [pc, #84]	@ (20000a8c <dcd_event_handler+0x24c>)
20000a38:	4815      	ldr	r0, [pc, #84]	@ (20000a90 <dcd_event_handler+0x250>)
20000a3a:	f000 f9e5 	bl	20000e08 <____wrap_printf_veneer>
20000a3e:	f04f 23e0 	mov.w	r3, #3758153728	@ 0xe000e000
20000a42:	f8d3 3df0 	ldr.w	r3, [r3, #3568]	@ 0xdf0
20000a46:	f013 0f01 	tst.w	r3, #1
20000a4a:	f43f af45 	beq.w	200008d8 <dcd_event_handler+0x98>
20000a4e:	be00      	bkpt	0x0000
20000a50:	e742      	b.n	200008d8 <dcd_event_handler+0x98>
20000a52:	f240 1265 	movw	r2, #357	@ 0x165
20000a56:	490d      	ldr	r1, [pc, #52]	@ (20000a8c <dcd_event_handler+0x24c>)
20000a58:	480d      	ldr	r0, [pc, #52]	@ (20000a90 <dcd_event_handler+0x250>)
20000a5a:	f000 f9d5 	bl	20000e08 <____wrap_printf_veneer>
20000a5e:	f04f 23e0 	mov.w	r3, #3758153728	@ 0xe000e000
20000a62:	f8d3 3df0 	ldr.w	r3, [r3, #3568]	@ 0xdf0
20000a66:	f013 0f01 	tst.w	r3, #1
20000a6a:	f43f af35 	beq.w	200008d8 <dcd_event_handler+0x98>
20000a6e:	be00      	bkpt	0x0000
20000a70:	e732      	b.n	200008d8 <dcd_event_handler+0x98>
20000a72:	bf00      	nop
20000a74:	20001843 	.word	0x20001843
20000a78:	20001268 	.word	0x20001268
20000a7c:	200012c0 	.word	0x200012c0
20000a80:	10006918 	.word	0x10006918
20000a84:	20001841 	.word	0x20001841
20000a88:	20001098 	.word	0x20001098
20000a8c:	10006894 	.word	0x10006894
20000a90:	1000648c 	.word	0x1000648c

20000a94 <__aeabi_uldivmod>:
20000a94:	b953      	cbnz	r3, 20000aac <__aeabi_uldivmod+0x18>
20000a96:	b94a      	cbnz	r2, 20000aac <__aeabi_uldivmod+0x18>
20000a98:	2900      	cmp	r1, #0
20000a9a:	bf08      	it	eq
20000a9c:	2800      	cmpeq	r0, #0
20000a9e:	bf1c      	itt	ne
20000aa0:	f04f 31ff 	movne.w	r1, #4294967295	@ 0xffffffff
20000aa4:	f04f 30ff 	movne.w	r0, #4294967295	@ 0xffffffff
20000aa8:	f000 b9ac 	b.w	20000e04 <__aeabi_idiv0>
20000aac:	f1ad 0c08 	sub.w	ip, sp, #8
20000ab0:	e96d ce04 	strd	ip, lr, [sp, #-16]!
20000ab4:	f000 f806 	bl	20000ac4 <__udivmoddi4>
20000ab8:	f8dd e004 	ldr.w	lr, [sp, #4]
20000abc:	e9dd 2302 	ldrd	r2, r3, [sp, #8]
20000ac0:	b004      	add	sp, #16
20000ac2:	4770      	bx	lr

20000ac4 <__udivmoddi4>:
20000ac4:	e92d 47f0 	stmdb	sp!, {r4, r5, r6, r7, r8, r9, sl, lr}
20000ac8:	4606      	mov	r6, r0
20000aca:	b082      	sub	sp, #8
20000acc:	4617      	mov	r7, r2
20000ace:	4608      	mov	r0, r1
20000ad0:	9a0a      	ldr	r2, [sp, #40]	@ 0x28
20000ad2:	46b4      	mov	ip, r6
20000ad4:	460d      	mov	r5, r1
20000ad6:	2b00      	cmp	r3, #0
20000ad8:	d14d      	bne.n	20000b76 <__udivmoddi4+0xb2>
20000ada:	428f      	cmp	r7, r1
20000adc:	46be      	mov	lr, r7
20000ade:	d965      	bls.n	20000bac <__udivmoddi4+0xe8>
20000ae0:	fab7 f187 	clz	r1, r7
20000ae4:	b149      	cbz	r1, 20000afa <__udivmoddi4+0x36>
20000ae6:	f1c1 0320 	rsb	r3, r1, #32
20000aea:	408d      	lsls	r5, r1
20000aec:	fa07 fe01 	lsl.w	lr, r7, r1
20000af0:	fa06 fc01 	lsl.w	ip, r6, r1
20000af4:	fa26 f303 	lsr.w	r3, r6, r3
20000af8:	431d      	orrs	r5, r3
20000afa:	ea4f 461e 	mov.w	r6, lr, lsr #16
20000afe:	fa1f f08e 	uxth.w	r0, lr
20000b02:	ea4f 431c 	mov.w	r3, ip, lsr #16
20000b06:	fbb5 f4f6 	udiv	r4, r5, r6
20000b0a:	fb06 5514 	mls	r5, r6, r4, r5
20000b0e:	ea43 4305 	orr.w	r3, r3, r5, lsl #16
20000b12:	fb04 f500 	mul.w	r5, r4, r0
20000b16:	429d      	cmp	r5, r3
20000b18:	d906      	bls.n	20000b28 <__udivmoddi4+0x64>
20000b1a:	eb1e 0303 	adds.w	r3, lr, r3
20000b1e:	d202      	bcs.n	20000b26 <__udivmoddi4+0x62>
20000b20:	429d      	cmp	r5, r3
20000b22:	f200 814c 	bhi.w	20000dbe <__udivmoddi4+0x2fa>
20000b26:	3c01      	subs	r4, #1
20000b28:	1b5b      	subs	r3, r3, r5
20000b2a:	fa1f fc8c 	uxth.w	ip, ip
20000b2e:	fbb3 f5f6 	udiv	r5, r3, r6
20000b32:	fb06 3315 	mls	r3, r6, r5, r3
20000b36:	fb05 f000 	mul.w	r0, r5, r0
20000b3a:	ea4c 4c03 	orr.w	ip, ip, r3, lsl #16
20000b3e:	4560      	cmp	r0, ip
20000b40:	d90a      	bls.n	20000b58 <__udivmoddi4+0x94>
20000b42:	eb1e 0c0c 	adds.w	ip, lr, ip
20000b46:	bf2c      	ite	cs
20000b48:	2301      	movcs	r3, #1
20000b4a:	2300      	movcc	r3, #0
20000b4c:	4560      	cmp	r0, ip
20000b4e:	d902      	bls.n	20000b56 <__udivmoddi4+0x92>
20000b50:	2b00      	cmp	r3, #0
20000b52:	f000 8137 	beq.w	20000dc4 <__udivmoddi4+0x300>
20000b56:	3d01      	subs	r5, #1
20000b58:	ebac 0c00 	sub.w	ip, ip, r0
20000b5c:	ea45 4004 	orr.w	r0, r5, r4, lsl #16
20000b60:	2400      	movs	r4, #0
20000b62:	b122      	cbz	r2, 20000b6e <__udivmoddi4+0xaa>
20000b64:	fa2c f301 	lsr.w	r3, ip, r1
20000b68:	2100      	movs	r1, #0
20000b6a:	e9c2 3100 	strd	r3, r1, [r2]
20000b6e:	4621      	mov	r1, r4
20000b70:	b002      	add	sp, #8
20000b72:	e8bd 87f0 	ldmia.w	sp!, {r4, r5, r6, r7, r8, r9, sl, pc}
20000b76:	428b      	cmp	r3, r1
20000b78:	d908      	bls.n	20000b8c <__udivmoddi4+0xc8>
20000b7a:	b10a      	cbz	r2, 20000b80 <__udivmoddi4+0xbc>
20000b7c:	e9c2 6100 	strd	r6, r1, [r2]
20000b80:	2400      	movs	r4, #0
20000b82:	4620      	mov	r0, r4
20000b84:	4621      	mov	r1, r4
20000b86:	b002      	add	sp, #8
20000b88:	e8bd 87f0 	ldmia.w	sp!, {r4, r5, r6, r7, r8, r9, sl, pc}
20000b8c:	fab3 f483 	clz	r4, r3
20000b90:	2c00      	cmp	r4, #0
20000b92:	d14d      	bne.n	20000c30 <__udivmoddi4+0x16c>
20000b94:	428b      	cmp	r3, r1
20000b96:	f0c0 8105 	bcc.w	20000da4 <__udivmoddi4+0x2e0>
20000b9a:	42b7      	cmp	r7, r6
20000b9c:	f240 8102 	bls.w	20000da4 <__udivmoddi4+0x2e0>
20000ba0:	4620      	mov	r0, r4
20000ba2:	2a00      	cmp	r2, #0
20000ba4:	d0e3      	beq.n	20000b6e <__udivmoddi4+0xaa>
20000ba6:	e9c2 c500 	strd	ip, r5, [r2]
20000baa:	e7e0      	b.n	20000b6e <__udivmoddi4+0xaa>
20000bac:	2f00      	cmp	r7, #0
20000bae:	f000 80a2 	beq.w	20000cf6 <__udivmoddi4+0x232>
20000bb2:	4619      	mov	r1, r3
20000bb4:	fab7 f387 	clz	r3, r7
20000bb8:	2b00      	cmp	r3, #0
20000bba:	f040 80b4 	bne.w	20000d26 <__udivmoddi4+0x262>
20000bbe:	1bc3      	subs	r3, r0, r7
20000bc0:	fa1f f88e 	uxth.w	r8, lr
20000bc4:	0c3f      	lsrs	r7, r7, #16
20000bc6:	2401      	movs	r4, #1
20000bc8:	ea4f 401c 	mov.w	r0, ip, lsr #16
20000bcc:	fbb3 f5f7 	udiv	r5, r3, r7
20000bd0:	fb07 3315 	mls	r3, r7, r5, r3
20000bd4:	ea40 4303 	orr.w	r3, r0, r3, lsl #16
20000bd8:	fb08 f005 	mul.w	r0, r8, r5
20000bdc:	4298      	cmp	r0, r3
20000bde:	d90a      	bls.n	20000bf6 <__udivmoddi4+0x132>
20000be0:	eb1e 0303 	adds.w	r3, lr, r3
20000be4:	bf2c      	ite	cs
20000be6:	2601      	movcs	r6, #1
20000be8:	2600      	movcc	r6, #0
20000bea:	4298      	cmp	r0, r3
20000bec:	d902      	bls.n	20000bf4 <__udivmoddi4+0x130>
20000bee:	2e00      	cmp	r6, #0
20000bf0:	f000 80e2 	beq.w	20000db8 <__udivmoddi4+0x2f4>
20000bf4:	3d01      	subs	r5, #1
20000bf6:	1a1b      	subs	r3, r3, r0
20000bf8:	fa1f fc8c 	uxth.w	ip, ip
20000bfc:	fbb3 f0f7 	udiv	r0, r3, r7
20000c00:	fb07 3310 	mls	r3, r7, r0, r3
20000c04:	ea4c 4c03 	orr.w	ip, ip, r3, lsl #16
20000c08:	fb08 f300 	mul.w	r3, r8, r0
20000c0c:	4563      	cmp	r3, ip
20000c0e:	d90a      	bls.n	20000c26 <__udivmoddi4+0x162>
20000c10:	eb1e 0c0c 	adds.w	ip, lr, ip
20000c14:	bf2c      	ite	cs
20000c16:	2601      	movcs	r6, #1
20000c18:	2600      	movcc	r6, #0
20000c1a:	4563      	cmp	r3, ip
20000c1c:	d902      	bls.n	20000c24 <__udivmoddi4+0x160>
20000c1e:	2e00      	cmp	r6, #0
20000c20:	f000 80c7 	beq.w	20000db2 <__udivmoddi4+0x2ee>
20000c24:	3801      	subs	r0, #1
20000c26:	ebac 0c03 	sub.w	ip, ip, r3
20000c2a:	ea40 4005 	orr.w	r0, r0, r5, lsl #16
20000c2e:	e798      	b.n	20000b62 <__udivmoddi4+0x9e>
20000c30:	f1c4 0820 	rsb	r8, r4, #32
20000c34:	40a3      	lsls	r3, r4
20000c36:	fa06 fa04 	lsl.w	sl, r6, r4
20000c3a:	40a1      	lsls	r1, r4
20000c3c:	fa27 fc08 	lsr.w	ip, r7, r8
20000c40:	fa20 f008 	lsr.w	r0, r0, r8
20000c44:	fa07 f904 	lsl.w	r9, r7, r4
20000c48:	ea4c 0c03 	orr.w	ip, ip, r3
20000c4c:	fa26 f308 	lsr.w	r3, r6, r8
20000c50:	ea4f 461c 	mov.w	r6, ip, lsr #16
20000c54:	430b      	orrs	r3, r1
20000c56:	fa1f fe8c 	uxth.w	lr, ip
20000c5a:	0c19      	lsrs	r1, r3, #16
20000c5c:	fbb0 f7f6 	udiv	r7, r0, r6
20000c60:	fb06 0017 	mls	r0, r6, r7, r0
20000c64:	ea41 4100 	orr.w	r1, r1, r0, lsl #16
20000c68:	fb07 f00e 	mul.w	r0, r7, lr
20000c6c:	4288      	cmp	r0, r1
20000c6e:	d90a      	bls.n	20000c86 <__udivmoddi4+0x1c2>
20000c70:	eb1c 0101 	adds.w	r1, ip, r1
20000c74:	bf2c      	ite	cs
20000c76:	2501      	movcs	r5, #1
20000c78:	2500      	movcc	r5, #0
20000c7a:	4288      	cmp	r0, r1
20000c7c:	d902      	bls.n	20000c84 <__udivmoddi4+0x1c0>
20000c7e:	2d00      	cmp	r5, #0
20000c80:	f000 80b2 	beq.w	20000de8 <__udivmoddi4+0x324>
20000c84:	3f01      	subs	r7, #1
20000c86:	1a09      	subs	r1, r1, r0
20000c88:	b29b      	uxth	r3, r3
20000c8a:	fbb1 f0f6 	udiv	r0, r1, r6
20000c8e:	fb06 1110 	mls	r1, r6, r0, r1
20000c92:	fb00 fe0e 	mul.w	lr, r0, lr
20000c96:	ea43 4301 	orr.w	r3, r3, r1, lsl #16
20000c9a:	459e      	cmp	lr, r3
20000c9c:	d90a      	bls.n	20000cb4 <__udivmoddi4+0x1f0>
20000c9e:	eb1c 0303 	adds.w	r3, ip, r3
20000ca2:	bf2c      	ite	cs
20000ca4:	2101      	movcs	r1, #1
20000ca6:	2100      	movcc	r1, #0
20000ca8:	459e      	cmp	lr, r3
20000caa:	d902      	bls.n	20000cb2 <__udivmoddi4+0x1ee>
20000cac:	2900      	cmp	r1, #0
20000cae:	f000 809e 	beq.w	20000dee <__udivmoddi4+0x32a>
20000cb2:	3801      	subs	r0, #1
20000cb4:	ea40 4007 	orr.w	r0, r0, r7, lsl #16
20000cb8:	eba3 030e 	sub.w	r3, r3, lr
20000cbc:	fba0 e109 	umull	lr, r1, r0, r9
20000cc0:	428b      	cmp	r3, r1
20000cc2:	4676      	mov	r6, lr
20000cc4:	460f      	mov	r7, r1
20000cc6:	d302      	bcc.n	20000cce <__udivmoddi4+0x20a>
20000cc8:	d107      	bne.n	20000cda <__udivmoddi4+0x216>
20000cca:	45f2      	cmp	sl, lr
20000ccc:	d205      	bcs.n	20000cda <__udivmoddi4+0x216>
20000cce:	ebbe 0609 	subs.w	r6, lr, r9
20000cd2:	eb61 010c 	sbc.w	r1, r1, ip
20000cd6:	3801      	subs	r0, #1
20000cd8:	460f      	mov	r7, r1
20000cda:	b152      	cbz	r2, 20000cf2 <__udivmoddi4+0x22e>
20000cdc:	ebba 0106 	subs.w	r1, sl, r6
20000ce0:	eb63 0307 	sbc.w	r3, r3, r7
20000ce4:	fa03 f508 	lsl.w	r5, r3, r8
20000ce8:	40e1      	lsrs	r1, r4
20000cea:	40e3      	lsrs	r3, r4
20000cec:	430d      	orrs	r5, r1
20000cee:	e9c2 5300 	strd	r5, r3, [r2]
20000cf2:	2400      	movs	r4, #0
20000cf4:	e73b      	b.n	20000b6e <__udivmoddi4+0xaa>
20000cf6:	0873      	lsrs	r3, r6, #1
20000cf8:	46b8      	mov	r8, r7
20000cfa:	0849      	lsrs	r1, r1, #1
20000cfc:	9701      	str	r7, [sp, #4]
20000cfe:	ea43 73c0 	orr.w	r3, r3, r0, lsl #31
20000d02:	ea4f 7cc6 	mov.w	ip, r6, lsl #31
20000d06:	0c1c      	lsrs	r4, r3, #16
20000d08:	b29b      	uxth	r3, r3
20000d0a:	ea44 4401 	orr.w	r4, r4, r1, lsl #16
20000d0e:	ea43 4304 	orr.w	r3, r3, r4, lsl #16
20000d12:	fbb4 f4f7 	udiv	r4, r4, r7
20000d16:	fbb1 f5f7 	udiv	r5, r1, r7
20000d1a:	211f      	movs	r1, #31
20000d1c:	9801      	ldr	r0, [sp, #4]
20000d1e:	ea44 4405 	orr.w	r4, r4, r5, lsl #16
20000d22:	1a1b      	subs	r3, r3, r0
20000d24:	e750      	b.n	20000bc8 <__udivmoddi4+0x104>
20000d26:	4619      	mov	r1, r3
20000d28:	fa07 fe03 	lsl.w	lr, r7, r3
20000d2c:	f1c3 0320 	rsb	r3, r3, #32
20000d30:	fa00 f401 	lsl.w	r4, r0, r1
20000d34:	ea4f 471e 	mov.w	r7, lr, lsr #16
20000d38:	40d8      	lsrs	r0, r3
20000d3a:	fa26 f303 	lsr.w	r3, r6, r3
20000d3e:	fa1f f88e 	uxth.w	r8, lr
20000d42:	fa06 fc01 	lsl.w	ip, r6, r1
20000d46:	4323      	orrs	r3, r4
20000d48:	fbb0 f5f7 	udiv	r5, r0, r7
20000d4c:	0c1c      	lsrs	r4, r3, #16
20000d4e:	fb07 0015 	mls	r0, r7, r5, r0
20000d52:	ea44 4000 	orr.w	r0, r4, r0, lsl #16
20000d56:	fb05 f408 	mul.w	r4, r5, r8
20000d5a:	4284      	cmp	r4, r0
20000d5c:	d94a      	bls.n	20000df4 <__udivmoddi4+0x330>
20000d5e:	eb1e 0000 	adds.w	r0, lr, r0
20000d62:	bf2c      	ite	cs
20000d64:	2601      	movcs	r6, #1
20000d66:	2600      	movcc	r6, #0
20000d68:	4284      	cmp	r4, r0
20000d6a:	d900      	bls.n	20000d6e <__udivmoddi4+0x2aa>
20000d6c:	b38e      	cbz	r6, 20000dd2 <__udivmoddi4+0x30e>
20000d6e:	1b00      	subs	r0, r0, r4
20000d70:	3d01      	subs	r5, #1
20000d72:	fbb0 f4f7 	udiv	r4, r0, r7
20000d76:	fb04 f608 	mul.w	r6, r4, r8
20000d7a:	46a1      	mov	r9, r4
20000d7c:	9601      	str	r6, [sp, #4]
20000d7e:	fb07 0019 	mls	r0, r7, r9, r0
20000d82:	b29b      	uxth	r3, r3
20000d84:	9e01      	ldr	r6, [sp, #4]
20000d86:	ea43 4300 	orr.w	r3, r3, r0, lsl #16
20000d8a:	42b3      	cmp	r3, r6
20000d8c:	d2c6      	bcs.n	20000d1c <__udivmoddi4+0x258>
20000d8e:	eb1e 0303 	adds.w	r3, lr, r3
20000d92:	bf2c      	ite	cs
20000d94:	2001      	movcs	r0, #1
20000d96:	2000      	movcc	r0, #0
20000d98:	42b3      	cmp	r3, r6
20000d9a:	d200      	bcs.n	20000d9e <__udivmoddi4+0x2da>
20000d9c:	b1a8      	cbz	r0, 20000dca <__udivmoddi4+0x306>
20000d9e:	f109 34ff 	add.w	r4, r9, #4294967295	@ 0xffffffff
20000da2:	e7bb      	b.n	20000d1c <__udivmoddi4+0x258>
20000da4:	ebb6 0c07 	subs.w	ip, r6, r7
20000da8:	eb60 0303 	sbc.w	r3, r0, r3
20000dac:	2001      	movs	r0, #1
20000dae:	461d      	mov	r5, r3
20000db0:	e6f7      	b.n	20000ba2 <__udivmoddi4+0xde>
20000db2:	44f4      	add	ip, lr
20000db4:	3802      	subs	r0, #2
20000db6:	e736      	b.n	20000c26 <__udivmoddi4+0x162>
20000db8:	3d02      	subs	r5, #2
20000dba:	4473      	add	r3, lr
20000dbc:	e71b      	b.n	20000bf6 <__udivmoddi4+0x132>
20000dbe:	3c02      	subs	r4, #2
20000dc0:	4473      	add	r3, lr
20000dc2:	e6b1      	b.n	20000b28 <__udivmoddi4+0x64>
20000dc4:	44f4      	add	ip, lr
20000dc6:	3d02      	subs	r5, #2
20000dc8:	e6c6      	b.n	20000b58 <__udivmoddi4+0x94>
20000dca:	f1a9 0402 	sub.w	r4, r9, #2
20000dce:	4473      	add	r3, lr
20000dd0:	e7a4      	b.n	20000d1c <__udivmoddi4+0x258>
20000dd2:	ebae 0404 	sub.w	r4, lr, r4
20000dd6:	3d02      	subs	r5, #2
20000dd8:	4420      	add	r0, r4
20000dda:	fbb0 f4f7 	udiv	r4, r0, r7
20000dde:	fb04 f608 	mul.w	r6, r4, r8
20000de2:	46a1      	mov	r9, r4
20000de4:	9601      	str	r6, [sp, #4]
20000de6:	e7ca      	b.n	20000d7e <__udivmoddi4+0x2ba>
20000de8:	3f02      	subs	r7, #2
20000dea:	4461      	add	r1, ip
20000dec:	e74b      	b.n	20000c86 <__udivmoddi4+0x1c2>
20000dee:	3802      	subs	r0, #2
20000df0:	4463      	add	r3, ip
20000df2:	e75f      	b.n	20000cb4 <__udivmoddi4+0x1f0>
20000df4:	1b00      	subs	r0, r0, r4
20000df6:	fbb0 f4f7 	udiv	r4, r0, r7
20000dfa:	fb04 f608 	mul.w	r6, r4, r8
20000dfe:	46a1      	mov	r9, r4
20000e00:	9601      	str	r6, [sp, #4]
20000e02:	e7bc      	b.n	20000d7e <__udivmoddi4+0x2ba>

20000e04 <__aeabi_idiv0>:
20000e04:	4770      	bx	lr
20000e06:	bf00      	nop

20000e08 <____wrap_printf_veneer>:
20000e08:	f85f f000 	ldr.w	pc, [pc]	@ 20000e0c <____wrap_printf_veneer+0x4>
20000e0c:	10002f71 	.word	0x10002f71

20000e10 <__time_us_64_veneer>:
20000e10:	f85f f000 	ldr.w	pc, [pc]	@ 20000e14 <__time_us_64_veneer+0x4>
20000e14:	10001241 	.word	0x10001241

20000e18 <__tud_event_hook_cb_veneer>:
20000e18:	f85f f000 	ldr.w	pc, [pc]	@ 20000e1c <__tud_event_hook_cb_veneer+0x4>
20000e1c:	10003c6d 	.word	0x10003c6d

20000e20 <__best_effort_wfe_or_timeout_veneer>:
20000e20:	f85f f000 	ldr.w	pc, [pc]	@ 20000e24 <__best_effort_wfe_or_timeout_veneer+0x4>
20000e24:	100010a5 	.word	0x100010a5

20000e28 <____assert_func_veneer>:
20000e28:	f85f f000 	ldr.w	pc, [pc]	@ 20000e2c <____assert_func_veneer+0x4>
20000e2c:	10002cb5 	.word	0x10002cb5

20000e30 <__panic_veneer>:
20000e30:	f85f f000 	ldr.w	pc, [pc]	@ 20000e34 <__panic_veneer+0x4>
20000e34:	100002d1 	.word	0x100002d1

20000e38 <__tu_fifo_write_veneer>:
20000e38:	f85f f000 	ldr.w	pc, [pc]	@ 20000e3c <__tu_fifo_write_veneer+0x4>
20000e3c:	10005863 	.word	0x10005863

20000e40 <__unaligned_memcpy_veneer>:
20000e40:	f85f f000 	ldr.w	pc, [pc]	@ 20000e44 <__unaligned_memcpy_veneer+0x4>
20000e44:	1000394d 	.word	0x1000394d

20000e48 <__memset_veneer>:
20000e48:	f85f f000 	ldr.w	pc, [pc]	@ 20000e4c <__memset_veneer+0x4>
20000e4c:	10005941 	.word	0x10005941

20000e50 <striped_spin_lock_num>:
20000e50:	00000010                                ....

20000e54 <irq_handler_chain_slots>:
20000e54:	00000000 	.word	0x00000000
20000e58:	00010000 	.word	0x00010000
	...
20000e64:	00020000 	.word	0x00020000
	...
20000e70:	00030000 	.word	0x00030000
	...
20000e7c:	00040000 	.word	0x00040000
	...
20000e88:	00050000 	.word	0x00050000
	...
20000e94:	00ff0000 	.word	0x00ff0000
20000e98:	00000000 	.word	0x00000000

20000e9c <irq_handler_chain_first_slot>:
20000e9c:	b501      	push	{r0, lr}
20000e9e:	6848      	ldr	r0, [r1, #4]
20000ea0:	3101      	adds	r1, #1
20000ea2:	468e      	mov	lr, r1
20000ea4:	4700      	bx	r0

20000ea6 <irq_handler_chain_remove_tail>:
20000ea6:	4670      	mov	r0, lr
20000ea8:	3809      	subs	r0, #9
20000eaa:	4901      	ldr	r1, [pc, #4]	@ (20000eb0 <irq_handler_chain_remove_tail+0xa>)
20000eac:	4788      	blx	r1
20000eae:	bd01      	pop	{r0, pc}
20000eb0:	10000811 	.word	0x10000811

20000eb4 <default_alarm_pool>:
	...
20000ec8:	20000f10                                ... 

20000ecc <stdio_usb>:
20000ecc:	100032fd 10002fa1 10003265 10002f8d     .2.../..e2.../..
20000edc:	00000000 00000100                       ........

20000ee4 <_usbd_qdef>:
20000ee4:	200012c4 000c0010 00000000 00000000     ... ............
	...

20000f00 <_usbd_rhport>:
20000f00:	000000ff                                ....

20000f04 <print_mutex>:
	...
